id,TARGET
80001,0.4668160941630951
80002,0.35401570062944276
80003,0.4750667313658209
80004,0.540595935197101
80005,0.46215422601034717
80006,0.32760476973239305
80007,0.3538006445204133
80008,0.48716716780574215
80009,0.6067202851851925
80010,0.5955190484779763
80011,0.5429401515728847
80012,0.5320605469198751
80013,0.5623980694673736
80014,0.3684831772544744
80015,0.5542261352971198
80016,0.3515081085540904
80017,0.47884657200649294
80018,0.5002875515464429
80019,0.5862736668305955
80020,0.545405344454719
80021,0.30695716093278325
80022,0.5612625282870853
80023,0.36762153766886063
80024,0.6167378952772018
80025,0.47875443677742385
80026,0.4000776790755546
80027,0.38729956328517556
80028,0.5510265378437532
80029,0.27739733454198234
80030,0.47847821832914805
80031,0.47500637113856914
80032,0.4615334106953904
80033,0.4600575831312814
80034,0.3094372377674641
80035,0.4754960237661213
80036,0.5174021136676763
80037,0.5122625429770492
80038,0.4635537767262394
80039,0.5347299371384223
80040,0.4924760147147432
80041,0.49881672844499325
80042,0.5528329239715338
80043,0.28423260605208134
80044,0.38212937616232645
80045,0.4940583865210826
80046,0.5359665355270562
80047,0.5478033622579863
80048,0.47724893085428377
80049,0.334072180729135
80050,0.3642233739341697
80051,0.4676750436018411
80052,0.49483219534188944
80053,0.44227089255049107
80054,0.5600484200488918
80055,0.5993425120948752
80056,0.5462836386490721
80057,0.4662733365595216
80058,0.46037524625976906
80059,0.4526575029854113
80060,0.6029909640977216
80061,0.31805366615962405
80062,0.45208185994156835
80063,0.46818146825768386
80064,0.3688446468865834
80065,0.3910484584748356
80066,0.6094666343835905
80067,0.4775901828065873
80068,0.37152402672594725
80069,0.36844643644608777
80070,0.34702377241806104
80071,0.6076208831569363
80072,0.40848649914860546
80073,0.40432112084261057
80074,0.5378845960242684
80075,0.36564896617839904
80076,0.35876697930130885
80077,0.4239384429603002
80078,0.40620807203901604
80079,0.47523967031193637
80080,0.3720778628777682
80081,0.4115944771798844
80082,0.296596523896893
80083,0.35233697727819524
80084,0.48539913073701185
80085,0.4525761138608493
80086,0.5765172989526602
80087,0.5963369809483948
80088,0.3850509447997474
80089,0.5367026110780986
80090,0.33475952323433417
80091,0.5213271645627895
80092,0.5093578056042953
80093,0.29192214778564185
80094,0.5312300046172234
80095,0.5562498255978113
80096,0.42130851316388396
80097,0.5131360218598037
80098,0.5348967923825533
80099,0.35919865765563636
80100,0.3507004598669985
80101,0.531924489505386
80102,0.36720566852716463
80103,0.3507759705985272
80104,0.44667943482736144
80105,0.49518042904689213
80106,0.376231019388349
80107,0.5116105817673431
80108,0.6121429933584663
80109,0.302914434415406
80110,0.3625601617958778
80111,0.47198773318474657
80112,0.6411860377757472
80113,0.5415796576359149
80114,0.3014352052747813
80115,0.6223852735464251
80116,0.478369279590575
80117,0.5154912640964641
80118,0.6142022768795049
80119,0.5719467539876671
80120,0.3724677458340689
80121,0.29465894485021454
80122,0.5921602468457762
80123,0.6006400155874977
80124,0.3525969121365074
80125,0.3522649154212086
80126,0.4671582452157251
80127,0.40831832731125334
80128,0.4985512825181155
80129,0.4944161133145749
80130,0.3804314248708337
80131,0.524540393926032
80132,0.33570938394228006
80133,0.497336256864685
80134,0.46405597651251757
80135,0.3588063223970225
80136,0.46483418363959056
80137,0.5128872714734947
80138,0.46990323878995366
80139,0.38812305546305736
80140,0.4318839055596348
80141,0.29743469549936535
80142,0.48298277042741505
80143,0.49540833497738984
80144,0.5008241684565877
80145,0.4654246710879194
80146,0.469888598106906
80147,0.5690305833843937
80148,0.5533682893753388
80149,0.4221749052294474
80150,0.5192281082320779
80151,0.5171093174249374
80152,0.36098720768629455
80153,0.4775022640690593
80154,0.3012200668551025
80155,0.3095365432320334
80156,0.3086852242109989
80157,0.2928602116712754
80158,0.36534944410708353
80159,0.36051727567163194
80160,0.3262042441239295
80161,0.5040597755675974
80162,0.3544932597754448
80163,0.2987690604887794
80164,0.5618375898800839
80165,0.5249191944000494
80166,0.3780649064477086
80167,0.3439832901338586
80168,0.4057248644947499
80169,0.40825813629199836
80170,0.35214139611237744
80171,0.30435592330675715
80172,0.48689712998236345
80173,0.47012516016075884
80174,0.28771113293894546
80175,0.45953653009600576
80176,0.36547601955489145
80177,0.4734843030211744
80178,0.4728306115087096
80179,0.5227558817784242
80180,0.5056978580381135
80181,0.32548688914580853
80182,0.5180567451409557
80183,0.302174755275268
80184,0.2959658795211099
80185,0.31017297425058565
80186,0.29286152650987324
80187,0.47096651640016124
80188,0.5456954228931508
80189,0.49427907251703074
80190,0.3597815029723337
80191,0.6002875520730047
80192,0.48286811360032583
80193,0.30166549047258673
80194,0.28318687275174886
80195,0.3178794075477242
80196,0.4614378925750771
80197,0.4518863065630962
80198,0.35879609576719806
80199,0.3624774605690644
80200,0.4700524530393217
80201,0.5825248792526831
80202,0.5758308414124408
80203,0.418790812468322
80204,0.5206982671999175
80205,0.4526524525144922
80206,0.5814220073223114
80207,0.34308835845124996
80208,0.45835066337639163
80209,0.28293028695405553
80210,0.36638631417446815
80211,0.3579925586228315
80212,0.634731747854517
80213,0.36073807362780286
80214,0.2556426291912951
80215,0.4743480528950079
80216,0.4876321035399878
80217,0.30092732895356433
80218,0.5753254023225304
80219,0.4422561726004419
80220,0.4784782124065529
80221,0.4567344007492451
80222,0.3407428792835722
80223,0.2791884467914094
80224,0.5844766776948235
80225,0.5520345935356797
80226,0.3608806710205145
80227,0.5538608692915643
80228,0.29629869595797415
80229,0.3056544103279819
80230,0.3777095205638368
80231,0.4873673987567671
80232,0.6004458801553407
80233,0.32740223462800655
80234,0.518224700845471
80235,0.3441372962666439
80236,0.5166909392676102
80237,0.5872868508362941
80238,0.3885009923673413
80239,0.46274211533961085
80240,0.4817544358062785
80241,0.5033066505407292
80242,0.5822441974941764
80243,0.46163127079762817
80244,0.3595963565898845
80245,0.5585592751405066
80246,0.4912545405199924
80247,0.5480216997295355
80248,0.5354599718069958
80249,0.31143009957599277
80250,0.4726283521846577
80251,0.5572532865798269
80252,0.350470799147856
80253,0.48207547699138065
80254,0.29193409511224994
80255,0.47444318799573476
80256,0.4837012346590078
80257,0.567741818198215
80258,0.4774474973990433
80259,0.2535477188134826
80260,0.4602029578930902
80261,0.3746076355379549
80262,0.30710755844357646
80263,0.4757084038114085
80264,0.4464543810770424
80265,0.30519298649471344
80266,0.408202010263844
80267,0.38701650360314943
80268,0.35525874652644795
80269,0.3531268926332458
80270,0.5604096309761687
80271,0.4636734551886181
80272,0.4283390179549157
80273,0.46899754387751047
80274,0.4659074948299975
80275,0.40661665108138634
80276,0.3077666761864444
80277,0.4059036867227082
80278,0.36986151712486365
80279,0.3732010331892679
80280,0.31949867317276504
80281,0.3243187613158733
80282,0.5485771560006747
80283,0.640203710305055
80284,0.4212217548812191
80285,0.2943452784109112
80286,0.46830740032086254
80287,0.4865716111984353
80288,0.47467080072140233
80289,0.47705501747607865
80290,0.5456042335226288
80291,0.4922419757609823
80292,0.5535063016162293
80293,0.49029086153110424
80294,0.3108084161753324
80295,0.6219047641175262
80296,0.27453670574461964
80297,0.5494669581586865
80298,0.35823612331436977
80299,0.4989117395916481
80300,0.3585303272545776
80301,0.475897991647359
80302,0.45810090741835224
80303,0.5576668735412064
80304,0.45692189399469924
80305,0.3456455366396003
80306,0.563705196366666
80307,0.36771338611958326
80308,0.3958767947422701
80309,0.4699987685620925
80310,0.5031802320595513
80311,0.300942046551115
80312,0.316306217166711
80313,0.4933215240554884
80314,0.2878044657560803
80315,0.5147274693138867
80316,0.28326905934130975
80317,0.4880121703968204
80318,0.4695986739384939
80319,0.4930183116709604
80320,0.3026074799728621
80321,0.3496708480581457
80322,0.48824954874526166
80323,0.31778470862334357
80324,0.3235989997212968
80325,0.48808319115313836
80326,0.5705204437133381
80327,0.49035008552283643
80328,0.48880903960965927
80329,0.526319462530861
80330,0.47869728852654075
80331,0.37408013078418534
80332,0.2862279656523692
80333,0.44955891633793904
80334,0.46674649767651955
80335,0.3646712309472602
80336,0.2894177487581454
80337,0.5807455091874102
80338,0.5287546425040263
80339,0.5551604582713103
80340,0.39678536626260663
80341,0.3866415827483241
80342,0.5683126647739415
80343,0.4712557621536887
80344,0.304109812100803
80345,0.3007108410532152
80346,0.4755823989409758
80347,0.28489520393791273
80348,0.29580068408085636
80349,0.45721136414980723
80350,0.362655823502203
80351,0.3151686711551821
80352,0.30181474200498265
80353,0.48841193375921516
80354,0.3831552427113108
80355,0.47384871654505634
80356,0.5890295181680751
80357,0.31875978627336643
80358,0.5940300280749577
80359,0.303402186726233
80360,0.3628251334928866
80361,0.35126857499086184
80362,0.5339395606682269
80363,0.4413022557356627
80364,0.52338249738635
80365,0.3082362197523518
80366,0.2896722616849891
80367,0.4475343230206403
80368,0.5546501663886606
80369,0.3531768948129036
80370,0.32486570305283863
80371,0.36923631721710337
80372,0.3463290376111015
80373,0.2984502839615226
80374,0.3799997109682715
80375,0.4763766935342196
80376,0.47758678980284824
80377,0.5196186005453982
80378,0.4735722674392269
80379,0.46426688683191
80380,0.340335671246321
80381,0.2923516715136918
80382,0.2968740087076915
80383,0.5509718922717156
80384,0.5558135455271976
80385,0.4735005881313076
80386,0.33524461721389953
80387,0.5437326128879484
80388,0.6269066606346587
80389,0.5214013906396139
80390,0.4497474413711461
80391,0.34254237824983574
80392,0.4063616493947321
80393,0.52238735991006
80394,0.40349616867674226
80395,0.4751242450790251
80396,0.5905378740113494
80397,0.47604565661443704
80398,0.6011058311187887
80399,0.342743916429629
80400,0.5139547733946912
80401,0.5681672773296241
80402,0.534599391024835
80403,0.3513977673886959
80404,0.382175456003956
80405,0.5658339336792594
80406,0.44557314806269094
80407,0.5819642159797597
80408,0.48695210937726274
80409,0.5448200376715527
80410,0.2942506292884453
80411,0.572474041580956
80412,0.5442942765756411
80413,0.3103251316185439
80414,0.5791706342576082
80415,0.5413747764812269
80416,0.495963463388588
80417,0.5706867327709763
80418,0.3837415070254591
80419,0.29800983127958425
80420,0.3408135445494076
80421,0.30768138191156624
80422,0.27758333284713455
80423,0.3344772375372614
80424,0.473481583252404
80425,0.5357817936002632
80426,0.574917684440358
80427,0.5254787946564524
80428,0.588357584973559
80429,0.38996778400759
80430,0.48046829522617646
80431,0.5042988363217047
80432,0.5594226901371575
80433,0.37625495394940756
80434,0.37413790361157384
80435,0.4548144081001834
80436,0.5933584677054753
80437,0.4774297899313804
80438,0.47590140049515556
80439,0.42874167174498357
80440,0.4145724676158802
80441,0.47258183062365927
80442,0.5819364079943965
80443,0.45827945264745296
80444,0.548864378281215
80445,0.3034134506326905
80446,0.4779460906439193
80447,0.46319564628637006
80448,0.35873233454293113
80449,0.5199331005765492
80450,0.30294619318984484
80451,0.42488884217277445
80452,0.5119560310506539
80453,0.6562598979401464
80454,0.3476499092501996
80455,0.31220651767194135
80456,0.6540419064619197
80457,0.5387880335697821
80458,0.5121499496730295
80459,0.4715594772104938
80460,0.2936380480840788
80461,0.2963623482150307
80462,0.28580749716183174
80463,0.5943355260299527
80464,0.27933837124077143
80465,0.4879205848832525
80466,0.43061086737409826
80467,0.4184741022977356
80468,0.34820375420356275
80469,0.5204394143262194
80470,0.571177369035444
80471,0.30788944951781144
80472,0.5009672698476036
80473,0.27976149702666675
80474,0.46660956598179004
80475,0.5855276591180092
80476,0.4113310081254417
80477,0.6216343093496826
80478,0.5142603040562619
80479,0.5565808717708846
80480,0.3589422713214438
80481,0.50053930226208
80482,0.4701029601001056
80483,0.5436311661852002
80484,0.41550624902191263
80485,0.6127303808691716
80486,0.4806245544509132
80487,0.4738932170655138
80488,0.5397948214462581
80489,0.2979804923830063
80490,0.480847124461968
80491,0.3962193377547337
80492,0.5343005873592903
80493,0.41940157501833314
80494,0.49772081492677
80495,0.33506625533387896
80496,0.5410668230306721
80497,0.5565378907740736
80498,0.31513106571640326
80499,0.31901880961719553
80500,0.49965535982462733
80501,0.4734677518761989
80502,0.3494562679301423
80503,0.4732925912008943
80504,0.5597412222829643
80505,0.27155905484369347
80506,0.31806409725016593
80507,0.47910796664812827
80508,0.5207580405551168
80509,0.5565491956744518
80510,0.3099105216888711
80511,0.5338732022999734
80512,0.34167622548183935
80513,0.4870697159779291
80514,0.3567870462522093
80515,0.5066262372489072
80516,0.32696589803236015
80517,0.34178085705049954
80518,0.31944646184769726
80519,0.612095022773761
80520,0.33824840160479597
80521,0.4755094811398052
80522,0.5354825652717305
80523,0.3605453703977305
80524,0.5316795185522729
80525,0.4028772076021095
80526,0.4736762656029954
80527,0.5769005933272172
80528,0.47071061817157694
80529,0.3864842897061017
80530,0.4039715065880176
80531,0.49087155742564936
80532,0.343809812472415
80533,0.5767662676275476
80534,0.46173696883152465
80535,0.5363498027325674
80536,0.4789787337659001
80537,0.4206416574961263
80538,0.47143654368518184
80539,0.5065265275601273
80540,0.5887123841774733
80541,0.5391168999065427
80542,0.5008137473683987
80543,0.45689404787956933
80544,0.5845985800370155
80545,0.48922535434266773
80546,0.6060021191158127
80547,0.4771613131738196
80548,0.5324438987423832
80549,0.5502005683251464
80550,0.5549536767479891
80551,0.41682532854408255
80552,0.5158577857566105
80553,0.5740627733007462
80554,0.577517114167568
80555,0.3414289487685038
80556,0.38002769277187487
80557,0.4472300751524732
80558,0.38714004698970755
80559,0.5786338814914878
80560,0.6075566230937834
80561,0.35276855817832503
80562,0.4874829834224802
80563,0.30799149726820774
80564,0.4908892881868706
80565,0.46980614356258305
80566,0.2890173595847405
80567,0.46596167513316583
80568,0.5150103975630851
80569,0.5984079059164594
80570,0.5459742511179735
80571,0.4746908038755767
80572,0.38991545861540305
80573,0.29825485118061323
80574,0.3117771152806364
80575,0.4784843084114178
80576,0.4800830141548318
80577,0.5500232776772799
80578,0.3698840656152222
80579,0.460784139565819
80580,0.545873233406927
80581,0.4589529952633089
80582,0.31962591064587326
80583,0.3398689078012134
80584,0.39244826236910796
80585,0.48279360156535855
80586,0.4655759217355446
80587,0.4698698735640247
80588,0.4911530344787532
80589,0.5993908979074387
80590,0.35899981740647124
80591,0.47154135946790193
80592,0.5763214592568269
80593,0.4997099196347676
80594,0.5637853530791302
80595,0.46777704404129006
80596,0.2853614136609365
80597,0.28674739575167246
80598,0.46618934561129516
80599,0.5356966078360855
80600,0.48649735497540153
80601,0.35145880641775945
80602,0.29709763096520647
80603,0.3659571269832337
80604,0.5601854956595262
80605,0.4816082476331271
80606,0.514821176015495
80607,0.6213032621851182
80608,0.57335971584514
80609,0.4876532714586893
80610,0.48260386771543634
80611,0.4994549831459092
80612,0.5708110385429201
80613,0.31279565088616657
80614,0.3606433721014697
80615,0.4794766622428058
80616,0.5194698113969298
80617,0.5098929834136899
80618,0.49251477757666134
80619,0.36583502522934885
80620,0.30308015366108293
80621,0.46689623148201753
80622,0.5284369423710781
80623,0.3165694525226973
80624,0.5461542726305616
80625,0.2934520795851578
80626,0.3985885195689968
80627,0.5283521462619772
80628,0.5772094304057998
80629,0.5427385181298768
80630,0.378494880131115
80631,0.5525641026156772
80632,0.5186640680763084
80633,0.34081128959952806
80634,0.2960698325500645
80635,0.5212615694659004
80636,0.37934858296363083
80637,0.5506618080899017
80638,0.5541289190966486
80639,0.557961269846065
80640,0.30485794766619895
80641,0.35507290873948516
80642,0.5451861867325893
80643,0.5926382739925933
80644,0.4794530191597814
80645,0.34246799689022234
80646,0.3600299818419087
80647,0.5163678448067822
80648,0.5019292534375227
80649,0.4839061660382858
80650,0.28633442352469984
80651,0.30755813475574656
80652,0.5212499275728638
80653,0.36420557987048435
80654,0.5365018856674402
80655,0.5202782356402936
80656,0.35899867990687345
80657,0.47665635875236284
80658,0.354270385533013
80659,0.5723080095047318
80660,0.46732788008802023
80661,0.46932287771257897
80662,0.34301893082299423
80663,0.5563632351481513
80664,0.3409169943423984
80665,0.48124355817633324
80666,0.31523875919411554
80667,0.5097589207630124
80668,0.46186885303915615
80669,0.4995911092465796
80670,0.6126591568786609
80671,0.5454687481752042
80672,0.4697614842032198
80673,0.4690311418279488
80674,0.3078362024227751
80675,0.3069667695034341
80676,0.5521602501886321
80677,0.3000152690536814
80678,0.4745510251311715
80679,0.4949636350550919
80680,0.4726873450952256
80681,0.4822825663575414
80682,0.36140259932266716
80683,0.5053292402575287
80684,0.3627354768551127
80685,0.45150598663052705
80686,0.5650000915940777
80687,0.5075568551609799
80688,0.26860857415227
80689,0.5721385540691276
80690,0.3531268926332458
80691,0.29963280716118806
80692,0.6097259696101518
80693,0.4444395991051852
80694,0.29726682374462426
80695,0.3421086880902494
80696,0.5010420994048335
80697,0.318911430100976
80698,0.28762324634661623
80699,0.5542465834490763
80700,0.4989582064811095
80701,0.6064281577005683
80702,0.5459727479663242
80703,0.3225210875832378
80704,0.35975655305701487
80705,0.48196722284121424
80706,0.3088216240957973
80707,0.6030397610025637
80708,0.363122374352001
80709,0.5597527367179147
80710,0.548509225743012
80711,0.5393857496146679
80712,0.5006473001371576
80713,0.6247563328946034
80714,0.3645676418750366
80715,0.5532560717271395
80716,0.2916246691749592
80717,0.5247080048454967
80718,0.3212084957506486
80719,0.49472762534400605
80720,0.6065204593678861
80721,0.5371153419369208
80722,0.4783946559140181
80723,0.4945161149096075
80724,0.34631826425295587
80725,0.292442991514729
80726,0.5823286886169172
80727,0.614699714819114
80728,0.5637705446435375
80729,0.2880434741256226
80730,0.358883487643716
80731,0.4581515737868426
80732,0.6262456986224534
80733,0.5467755679692518
80734,0.4854444229357914
80735,0.5569292760159608
80736,0.5595851258942778
80737,0.3246575625430502
80738,0.5434403945524399
80739,0.4763542220667328
80740,0.5134930350725572
80741,0.4665746516780528
80742,0.5506642658659378
80743,0.5059073515968734
80744,0.28117945021730045
80745,0.48281831192195107
80746,0.37162690177950153
80747,0.5669375258598548
80748,0.47993140875108375
80749,0.42414550114787575
80750,0.36154837080922214
80751,0.5033838973376346
80752,0.48535446716656633
80753,0.2783071940073356
80754,0.3562326735454943
80755,0.6172075973824466
80756,0.4782850592795549
80757,0.31974199692816824
80758,0.4688439733836421
80759,0.5132573318981011
80760,0.2770734839381929
80761,0.5200752078303059
80762,0.37607404901107555
80763,0.3439043536953675
80764,0.4642703625964252
80765,0.5045823880869446
80766,0.4734195713384042
80767,0.3484038522002622
80768,0.5530900983225514
80769,0.5002032192408843
80770,0.4724563767851418
80771,0.5764820424047541
80772,0.48427620810372446
80773,0.4962477229442813
80774,0.5617981579664577
80775,0.5873995293036953
80776,0.5762658407807469
80777,0.4122218829500554
80778,0.5570985832152635
80779,0.36232717206680193
80780,0.47178009594987075
80781,0.4073878664337837
80782,0.3555826205295386
80783,0.41112274084441824
80784,0.2747467613221911
80785,0.5111615224715358
80786,0.36827084671990634
80787,0.5559855427016385
80788,0.367504984198371
80789,0.3696838118134057
80790,0.4674109999769038
80791,0.4718864017668137
80792,0.3094179559511468
80793,0.3535980353454617
80794,0.32866321107389124
80795,0.4927039618902268
80796,0.48135131646862916
80797,0.29552594771296514
80798,0.4565767692338648
80799,0.534171309135616
80800,0.4707926304360823
80801,0.3410661083489237
80802,0.3003686286135096
80803,0.4799051199531434
80804,0.34142224874880595
80805,0.544767153989389
80806,0.3645316961672398
80807,0.5551769387042315
80808,0.35022160537281377
80809,0.5843517169062163
80810,0.4562357400167967
80811,0.47065706024521337
80812,0.5128534844548563
80813,0.5009932563490672
80814,0.4633274344305973
80815,0.3042307680450046
80816,0.5843597348524954
80817,0.36537310784460386
80818,0.5772304299432879
80819,0.4614815332501946
80820,0.34392540162111984
80821,0.30391038257242586
80822,0.4665259615182523
80823,0.47771370565914445
80824,0.3069746573326242
80825,0.3636760979308402
80826,0.3024496465837227
80827,0.3082393994649185
80828,0.5310461842121675
80829,0.5293994117867297
80830,0.48487541182717175
80831,0.4702714458488256
80832,0.4751492509082151
80833,0.3673351132388378
80834,0.4903854371715994
80835,0.48767418695387565
80836,0.45981480148737236
80837,0.6017394214265649
80838,0.5199589407247646
80839,0.3678717111295484
80840,0.29440510234753026
80841,0.2797465640948493
80842,0.619506820229194
80843,0.46437895004307356
80844,0.6110555156091227
80845,0.5764797687047031
80846,0.30240584128213804
80847,0.3592952285976374
80848,0.3528525065129396
80849,0.4711155298935197
80850,0.4830256982709649
80851,0.5632719238110612
80852,0.4818284390794876
80853,0.29037256376515486
80854,0.552393125639454
80855,0.33252311681249064
80856,0.3459404345222658
80857,0.27868800310512815
80858,0.3705087351947092
80859,0.37255075694819156
80860,0.473230325788607
80861,0.35681852896245303
80862,0.4919610454491381
80863,0.61551847209599
80864,0.355805132533641
80865,0.545096530031004
80866,0.5346151912595152
80867,0.49625873253409303
80868,0.5771978993883657
80869,0.28568529440399143
80870,0.46763395305082944
80871,0.4631123503151303
80872,0.5974867037364022
80873,0.48095149692332484
80874,0.48342849578710834
80875,0.538967251589707
80876,0.4859073375245938
80877,0.5847491421071663
80878,0.549458940487737
80879,0.36494661099379394
80880,0.26496673720070213
80881,0.5337285467669678
80882,0.36275922492353957
80883,0.36398785735871597
80884,0.4641299970247692
80885,0.29980369852436384
80886,0.5595822070737224
80887,0.3674472154682319
80888,0.2993594427344989
80889,0.49146103542755376
80890,0.5382074653396469
80891,0.5894647641204898
80892,0.4485362285424158
80893,0.3497039340268849
80894,0.46487375487617827
80895,0.469618443327569
80896,0.5592615109157891
80897,0.3021428755988227
80898,0.5401107873314568
80899,0.48654581589465024
80900,0.4762164609166118
80901,0.48565195550039464
80902,0.44474737253719937
80903,0.4056727887933039
80904,0.27395840576798974
80905,0.3997463576874243
80906,0.321049506458057
80907,0.35747207730747577
80908,0.34001457509400995
80909,0.37058460145936556
80910,0.4817330084814987
80911,0.5468734138450718
80912,0.6348901420715374
80913,0.2910938428185864
80914,0.2857034773393488
80915,0.29869834204688733
80916,0.5921124198779244
80917,0.5975120145054422
80918,0.3638959408543992
80919,0.49588174686035824
80920,0.5263557629500742
80921,0.4601158401311545
80922,0.42727823864164594
80923,0.551434149539045
80924,0.3975008367281921
80925,0.5006466782243384
80926,0.32881055961704847
80927,0.5277954482544424
80928,0.49186619925647146
80929,0.3890670950505665
80930,0.35749903270077105
80931,0.4848907450200749
80932,0.36004032559253174
80933,0.3050107087562554
80934,0.6191675727245937
80935,0.5486042957487192
80936,0.28457407518977834
80937,0.4809014896436172
80938,0.3647391334334304
80939,0.34175406563023675
80940,0.5674927455709425
80941,0.3034912538279421
80942,0.60437436119399
80943,0.5132365976020415
80944,0.5687755779141874
80945,0.4732146356111311
80946,0.34911459608612905
80947,0.30155177146057827
80948,0.49622089349092846
80949,0.4620159132147379
80950,0.48364063374859734
80951,0.2863355436328812
80952,0.47189128329554536
80953,0.29964705758521015
80954,0.2966391385658055
80955,0.36086175092674994
80956,0.4698774047343428
80957,0.3712255275450869
80958,0.30587615598395995
80959,0.31395620454505446
80960,0.5640928992713243
80961,0.6169173949778257
80962,0.34576720079775924
80963,0.2944597963338474
80964,0.5371018553185345
80965,0.2928755307610657
80966,0.29425238755887356
80967,0.5132008861295252
80968,0.6071645107152882
80969,0.305110816657662
80970,0.31098287999354335
80971,0.37995120294986323
80972,0.34724135783233145
80973,0.3410805364189344
80974,0.4874470537644565
80975,0.5873406824574053
80976,0.5506363917810854
80977,0.47776626434035735
80978,0.46460245361546776
80979,0.48967919214555844
80980,0.5074577608593717
80981,0.47237953179925796
80982,0.5815616621517211
80983,0.3550535461408138
80984,0.5099773452236595
80985,0.32781061898771013
80986,0.3029756791868086
80987,0.4707102856431033
80988,0.3562113028347439
80989,0.5483424214169372
80990,0.5169263191862088
80991,0.5210837603232922
80992,0.5601660984223582
80993,0.2988275733284728
80994,0.47565253339551544
80995,0.485129658347591
80996,0.3017101370947182
80997,0.3454112529119389
80998,0.5855378802515837
80999,0.494147507234709
81000,0.3452295351013139
81001,0.397042813327463
81002,0.5368163034150515
81003,0.47187029517220463
81004,0.3516641786098229
81005,0.448714536568811
81006,0.48371780164469214
81007,0.2842445078357376
81008,0.5318709110227186
81009,0.3654005654711486
81010,0.46835751524864966
81011,0.4972334074973804
81012,0.4303399276391565
81013,0.549899611682206
81014,0.5183455279170436
81015,0.4162117571022312
81016,0.4783861624537753
81017,0.61799769426201
81018,0.48363244054522325
81019,0.2605237474206421
81020,0.36060673214144295
81021,0.4730192068502438
81022,0.44063252084027826
81023,0.5859246084705337
81024,0.4719831980620365
81025,0.41403363450919356
81026,0.5785621345297781
81027,0.308319476890703
81028,0.3538149606738309
81029,0.3587166237360467
81030,0.34960651414952376
81031,0.5693143251946017
81032,0.5294875364220388
81033,0.3470088452754667
81034,0.3055756730362333
81035,0.291599629779319
81036,0.4047370171820436
81037,0.45879856925170576
81038,0.5573510691990684
81039,0.3562770610648075
81040,0.32281685967439544
81041,0.32550888102670456
81042,0.3625924103822115
81043,0.3418872746603564
81044,0.5560707472931561
81045,0.31850478035889374
81046,0.36615745003600353
81047,0.5939035568196841
81048,0.52385017324256
81049,0.5619932007185138
81050,0.5872719029024257
81051,0.3100954781912397
81052,0.4546981773557943
81053,0.45902469340562946
81054,0.46749362313178366
81055,0.47423048801528994
81056,0.47135873194848554
81057,0.4611337066755532
81058,0.39092519295957573
81059,0.5252134462397224
81060,0.30011441064115274
81061,0.475032826748807
81062,0.37378486789254356
81063,0.546103370118268
81064,0.49355998281402785
81065,0.5510152334486779
81066,0.3473003117306843
81067,0.3539868771763402
81068,0.483357857313174
81069,0.5374900447552113
81070,0.3121370695306826
81071,0.5057572254157547
81072,0.4175478882638609
81073,0.2684297013659169
81074,0.447707158213902
81075,0.2796036102527168
81076,0.5766281401351924
81077,0.38957448140989476
81078,0.548139191020811
81079,0.4754566341832975
81080,0.6324462787857291
81081,0.4920877089208394
81082,0.4568588912332747
81083,0.2850910709052086
81084,0.2895961207836685
81085,0.35180007246318695
81086,0.5548662051528035
81087,0.5702970666601855
81088,0.4672280374055426
81089,0.37993785483375514
81090,0.5337441986779482
81091,0.40452916315866544
81092,0.35044972371133293
81093,0.358275941635412
81094,0.4823051092741998
81095,0.508363340520988
81096,0.5332891268066626
81097,0.4542561829835578
81098,0.5425649331894998
81099,0.3982629858776474
81100,0.5383077250837824
81101,0.5042768213061783
81102,0.2885890982345152
81103,0.4767995962794763
81104,0.3729442091307706
81105,0.488303718531525
81106,0.391652003839144
81107,0.5538988600214267
81108,0.47516653632043077
81109,0.28583803796098767
81110,0.4913498215228901
81111,0.4764735072643204
81112,0.5103595659111531
81113,0.4861032375839032
81114,0.3689515249295339
81115,0.50064073309141
81116,0.47365018974908857
81117,0.5446939676953286
81118,0.3885994067083958
81119,0.4734393039532982
81120,0.5813668900755149
81121,0.5352597879889901
81122,0.2695777248906642
81123,0.47885563596410013
81124,0.541469652697927
81125,0.34978119969090127
81126,0.48335034964719525
81127,0.487229641585656
81128,0.3485911733280945
81129,0.5603388727950245
81130,0.5296281336954028
81131,0.31004567387676407
81132,0.3010192889611292
81133,0.5081459894298817
81134,0.5272247156550599
81135,0.5579076962932378
81136,0.5662378244113502
81137,0.5525100165591513
81138,0.4777306654072768
81139,0.5072724413558781
81140,0.5553535217817382
81141,0.35289288924774204
81142,0.4483366940780403
81143,0.4760420371799812
81144,0.2830646484092146
81145,0.45643170013772516
81146,0.4431519569973662
81147,0.47693660500510426
81148,0.5514855444057141
81149,0.30417092311996846
81150,0.29575139648487103
81151,0.335042185643194
81152,0.555251453845497
81153,0.6101081649342492
81154,0.5674240540694379
81155,0.4992328417008486
81156,0.35956212752237726
81157,0.2754046609301242
81158,0.5393363720443658
81159,0.3113312965888079
81160,0.4039153742307107
81161,0.4992797131081674
81162,0.5305849798149487
81163,0.29172658956535824
81164,0.48454441519853275
81165,0.5442880674316757
81166,0.37013436026694235
81167,0.5372001764357089
81168,0.48412043738797883
81169,0.41433897272039183
81170,0.5418902236059473
81171,0.4609131909437464
81172,0.5063073391828248
81173,0.5413967446578418
81174,0.34182521931560506
81175,0.3577752751474319
81176,0.3090463503376335
81177,0.3614762732224602
81178,0.344854461101503
81179,0.5679563272208903
81180,0.3972961494037315
81181,0.3648904187345178
81182,0.5112667018940708
81183,0.35408867411054457
81184,0.37907966310562263
81185,0.6164376687167449
81186,0.36018916539146967
81187,0.5590263712394066
81188,0.3065000553085136
81189,0.4543266512695016
81190,0.6185082780834404
81191,0.2891849650900773
81192,0.3104239928737797
81193,0.5493738889949817
81194,0.34985580353967644
81195,0.49019881370200735
81196,0.4714763654535565
81197,0.3491516716961294
81198,0.49429120375677515
81199,0.4117086985243514
81200,0.462568421434391
81201,0.5707103717895734
81202,0.29476200473762093
81203,0.48509386413887257
81204,0.5569276153821534
81205,0.48666033727900737
81206,0.2349072707862208
81207,0.33336507854171926
81208,0.5573963572592973
81209,0.5489973443723034
81210,0.34013734165865084
81211,0.29668750743005323
81212,0.29914710123652816
81213,0.350994576478572
81214,0.36322130187884777
81215,0.510920600278916
81216,0.312136155901067
81217,0.4937368681699367
81218,0.5029082755101212
81219,0.45812350258729634
81220,0.483880121478736
81221,0.29129846304761076
81222,0.6137637548186731
81223,0.4744234965914403
81224,0.30367101945864866
81225,0.6237105057692973
81226,0.6031920011728793
81227,0.5585921728551175
81228,0.46006275534857943
81229,0.36776438803103323
81230,0.3631012451489627
81231,0.598476896143116
81232,0.4725996540406788
81233,0.48138105025662253
81234,0.5786190576735762
81235,0.5707704299823793
81236,0.5241814769981997
81237,0.4719064132836827
81238,0.2838244936539581
81239,0.4435010122776698
81240,0.48379729441539704
81241,0.4866450884893291
81242,0.4768188559010394
81243,0.48669200522649236
81244,0.30609680585550336
81245,0.28685319170431256
81246,0.41695361207109743
81247,0.3648114354776823
81248,0.6176388495392541
81249,0.3750402877985477
81250,0.5010863965494003
81251,0.2764037469975707
81252,0.48178845421777444
81253,0.5127253304792502
81254,0.4976138965892556
81255,0.47057836317920876
81256,0.34649362762482955
81257,0.38680493832088486
81258,0.4861311841323387
81259,0.4575383191648316
81260,0.5020469507433334
81261,0.3565093343811477
81262,0.4928214375882724
81263,0.29617581943586174
81264,0.4870897001440678
81265,0.3471476286712698
81266,0.5853736201222178
81267,0.4666466239940001
81268,0.37336119386665273
81269,0.4798488901347209
81270,0.5170914337054865
81271,0.6298248575361062
81272,0.4561243836349311
81273,0.5530767221197477
81274,0.6064763064273628
81275,0.6010867580406638
81276,0.45980006723361994
81277,0.5452230502910552
81278,0.48859286931015217
81279,0.4819795270016892
81280,0.48004172286353974
81281,0.3558270332703202
81282,0.3742943726983374
81283,0.5178816021485327
81284,0.4128217662914276
81285,0.5489793539113048
81286,0.2913159815316478
81287,0.44135408379887925
81288,0.5783380344632696
81289,0.4770890894557876
81290,0.39450618989010094
81291,0.3416117646542163
81292,0.47077729989765116
81293,0.5814240956604225
81294,0.31004543587820893
81295,0.48337528401831037
81296,0.5769796508020661
81297,0.3697108922807178
81298,0.4832759166670524
81299,0.38447422062662034
81300,0.36082221289397415
81301,0.5438953687894166
81302,0.48915072346850463
81303,0.5760357998536749
81304,0.3077041095509632
81305,0.6101321788840893
81306,0.5332638777582711
81307,0.5039201339390448
81308,0.43774655468517787
81309,0.43736371987909345
81310,0.48002842119702366
81311,0.35535617344680226
81312,0.4778013118400205
81313,0.4727780270009424
81314,0.36962707514769017
81315,0.36692315903682954
81316,0.5406099643487204
81317,0.32821663091632863
81318,0.5427074340354463
81319,0.5787941765166227
81320,0.535183300162533
81321,0.486161717797628
81322,0.5070735513394901
81323,0.3219613932465741
81324,0.4663277894646575
81325,0.30426752211621
81326,0.33840967113529596
81327,0.3498363757895584
81328,0.3013590355798382
81329,0.4946468025798123
81330,0.3199249069499963
81331,0.49837222233383366
81332,0.538357219001815
81333,0.5252661780059265
81334,0.4892774656630886
81335,0.4055298455307693
81336,0.35257171849119295
81337,0.4368243276550948
81338,0.4208727104424721
81339,0.5493851557669445
81340,0.46614602495314816
81341,0.5328546662308867
81342,0.4598537894635439
81343,0.6002053089202264
81344,0.2931231813470372
81345,0.5398902340416893
81346,0.5145353713522207
81347,0.3481066118959901
81348,0.4490471264532085
81349,0.2974123611392415
81350,0.3476988261079706
81351,0.5471651270489327
81352,0.5079814496943169
81353,0.327075515838826
81354,0.505220875651143
81355,0.5354906754963201
81356,0.3018151566352487
81357,0.45113517190039265
81358,0.2922750519510065
81359,0.5465772137112924
81360,0.461324469992856
81361,0.3239933738315302
81362,0.48551038705379984
81363,0.3531336755215548
81364,0.4170000497406875
81365,0.5663448563833475
81366,0.29417376907177767
81367,0.5881422073005099
81368,0.5410067632516502
81369,0.4656672740907252
81370,0.5986575639174578
81371,0.5567815033614714
81372,0.4623437466755221
81373,0.3120226064854892
81374,0.474453325202683
81375,0.49009698282340214
81376,0.46791719100718504
81377,0.32648923175416783
81378,0.4785619465087375
81379,0.27580893245468513
81380,0.6155626966876234
81381,0.5383219482143998
81382,0.5222066736730185
81383,0.49550227584941164
81384,0.5261371213337367
81385,0.3326751846348854
81386,0.47337721610450867
81387,0.3502874620064244
81388,0.3022104446952246
81389,0.46369779339973416
81390,0.3752001983806813
81391,0.6107329443764346
81392,0.2973607827354365
81393,0.35234268739281094
81394,0.35777820691573453
81395,0.2375559409372861
81396,0.2796278787580794
81397,0.3475316453878636
81398,0.6004898772668649
81399,0.30370045143918634
81400,0.5375526561945396
81401,0.5315812700770124
81402,0.581749148392298
81403,0.49034085724613885
81404,0.4850216161651258
81405,0.4636441814267077
81406,0.5362121453374137
81407,0.39003644913695046
81408,0.46813992183443937
81409,0.2795987718638838
81410,0.5585540838630366
81411,0.5255406123406412
81412,0.30858547963940863
81413,0.5847717183136697
81414,0.5941610837425164
81415,0.4722760565436565
81416,0.498877510007144
81417,0.5599250743860976
81418,0.5038937104216554
81419,0.4631755354562511
81420,0.5465754616288646
81421,0.46388892827580297
81422,0.2839999046951115
81423,0.5156568092791267
81424,0.5378950302522905
81425,0.36385447510271535
81426,0.5893864045132073
81427,0.4883846643133709
81428,0.5199091769667339
81429,0.5139485432390434
81430,0.505105005377285
81431,0.4633596338436463
81432,0.3650777146574882
81433,0.36175084139383884
81434,0.5646748859290881
81435,0.41734599703619
81436,0.46907094648975833
81437,0.5119414460993826
81438,0.31695732634353996
81439,0.350666133805663
81440,0.46444050051635566
81441,0.28516647193931244
81442,0.4448844398101857
81443,0.5924839878773241
81444,0.5361907348614664
81445,0.30175028764686895
81446,0.30897590336992753
81447,0.4791507286728369
81448,0.2933657993602818
81449,0.5554802963904026
81450,0.2908375195481497
81451,0.536165520937294
81452,0.5052975377786941
81453,0.4583482623727873
81454,0.4162528751443578
81455,0.2852077215496796
81456,0.34612444955130134
81457,0.5797951216432381
81458,0.5100668481121972
81459,0.32365963899359235
81460,0.48277237248154825
81461,0.39018505154240335
81462,0.5723517081848496
81463,0.515156430543368
81464,0.4820327480604197
81465,0.2954456620740471
81466,0.5477819100111451
81467,0.3070053098325233
81468,0.6050216356415167
81469,0.35571066081834274
81470,0.5581730079827542
81471,0.5213106879826112
81472,0.36915275489531224
81473,0.5123876151930177
81474,0.36335455016776796
81475,0.2954403250918266
81476,0.5560316444995643
81477,0.4961428778068451
81478,0.31244164431490107
81479,0.5169071316939696
81480,0.40383035750656127
81481,0.3200398578411745
81482,0.30402963757367574
81483,0.3053290014832674
81484,0.623468826394486
81485,0.2981274938257201
81486,0.5954276181759339
81487,0.3980449984605663
81488,0.46055556588845165
81489,0.4695587751128151
81490,0.5414005235405479
81491,0.4601746271258374
81492,0.5042184149378088
81493,0.48175797818937194
81494,0.39186328948121907
81495,0.5798756841819569
81496,0.5907137058173934
81497,0.4448567436100842
81498,0.47061641676553057
81499,0.2654616529702524
81500,0.6138146993451704
81501,0.5183979269029465
81502,0.4147821121026373
81503,0.3162610221767004
81504,0.38058488816276603
81505,0.26930380118961605
81506,0.3064740222645133
81507,0.47361796358936153
81508,0.5929210692901027
81509,0.5794586372056111
81510,0.5830977425113181
81511,0.46024637506378857
81512,0.4687042374941395
81513,0.49939213894832424
81514,0.46244416761016816
81515,0.35099648975448466
81516,0.35780693287652404
81517,0.48842832605067094
81518,0.5460604827211395
81519,0.5033226271463448
81520,0.5471661043363065
81521,0.500474258188971
81522,0.479964579612228
81523,0.36496183600746973
81524,0.3466368345462516
81525,0.5545298584085264
81526,0.47718523926229806
81527,0.4805431522793342
81528,0.540095455170251
81529,0.6180011852384993
81530,0.5992293540846865
81531,0.31156351129413473
81532,0.2971416315885065
81533,0.4876096494530329
81534,0.4633976779449539
81535,0.46650082577232094
81536,0.5373601994381914
81537,0.3398907848403325
81538,0.6136673630304973
81539,0.4627116056257373
81540,0.5338614017370339
81541,0.34938191087994896
81542,0.3917136987122333
81543,0.47509952066807276
81544,0.46881364676127396
81545,0.3003304140956268
81546,0.46027799630793403
81547,0.4875049817561946
81548,0.3620125162260221
81549,0.3596335481848481
81550,0.2968751562810895
81551,0.581115935510308
81552,0.4642570698178637
81553,0.5211662019739947
81554,0.3040331256430775
81555,0.48658226147662853
81556,0.6034445122036015
81557,0.3311734400404181
81558,0.48525766018572375
81559,0.35483833855600777
81560,0.5028830963346879
81561,0.508065690177906
81562,0.5983733819775223
81563,0.3642677477191659
81564,0.3935202525166782
81565,0.6091998035962181
81566,0.2746742527450226
81567,0.3112100245864697
81568,0.4824374259424768
81569,0.47096954554813825
81570,0.3594959689856756
81571,0.5670575382903192
81572,0.5714026962990982
81573,0.4630299066576476
81574,0.33157139387979345
81575,0.5078044750685966
81576,0.5169934834743941
81577,0.622000317762646
81578,0.4885508907502899
81579,0.4001842658631401
81580,0.4389612931122562
81581,0.35556902108203453
81582,0.48135064670158373
81583,0.37094399206797535
81584,0.4843618779832509
81585,0.462876941124439
81586,0.285559086423779
81587,0.32603675993252024
81588,0.6043883339353326
81589,0.24341521981740466
81590,0.3193477430610888
81591,0.512982018735178
81592,0.5589618912763816
81593,0.503514014764621
81594,0.2958792393401375
81595,0.5541577732159081
81596,0.6232514353031132
81597,0.5182618646522118
81598,0.4096542642911363
81599,0.4336077852550069
81600,0.3163550310000833
81601,0.6021528019393455
81602,0.48054359714271955
81603,0.38534675620840064
81604,0.5028956462821215
81605,0.5172602836986462
81606,0.2945120337965141
81607,0.616257369059853
81608,0.6042244176745964
81609,0.5255491853462461
81610,0.5293731564557689
81611,0.358810897523591
81612,0.4597289543997153
81613,0.2503127219573331
81614,0.29352989083139974
81615,0.3635459490488874
81616,0.6219101834895939
81617,0.4712410928520082
81618,0.5447294718036382
81619,0.4866575251183919
81620,0.3849657185116716
81621,0.4103590016537638
81622,0.5671398795553725
81623,0.4057465678087001
81624,0.2955523761184652
81625,0.5186614573099698
81626,0.521206795181893
81627,0.414427650427158
81628,0.48576675238921846
81629,0.4929891041445612
81630,0.3471044008117508
81631,0.574704719321796
81632,0.308467972147112
81633,0.474744326767236
81634,0.5454085407169728
81635,0.35566314215842565
81636,0.30005407161122427
81637,0.547510474157142
81638,0.5091810099789945
81639,0.57699466220071
81640,0.3082133399074483
81641,0.5594863072912094
81642,0.4530827240024652
81643,0.3069348641052171
81644,0.5407009223734373
81645,0.3215294557885423
81646,0.4644836134326201
81647,0.48477120611336266
81648,0.4943232305077139
81649,0.6085172860506209
81650,0.5518155153446817
81651,0.40475161519892205
81652,0.3503203176012403
81653,0.5911572927846526
81654,0.44657711800790895
81655,0.42160477889627446
81656,0.5480340738045885
81657,0.3050619380104859
81658,0.4959891676682118
81659,0.5719023385343477
81660,0.28170924634493083
81661,0.2709160701696275
81662,0.4777360915273754
81663,0.35788226690757796
81664,0.46088383921270387
81665,0.3568710452636151
81666,0.304113355114648
81667,0.360096291975945
81668,0.5592473318881547
81669,0.3150647339676908
81670,0.3941126708236535
81671,0.2872198802896607
81672,0.36679033616647466
81673,0.4858340107981671
81674,0.5455705742490368
81675,0.343104635202787
81676,0.48384665737703464
81677,0.3496305149198963
81678,0.4809962166056609
81679,0.5300738177299553
81680,0.26670613864622217
81681,0.330615176969148
81682,0.563731026119362
81683,0.33078435237145043
81684,0.6196656144018305
81685,0.606872348679655
81686,0.277679738453445
81687,0.47506931670908303
81688,0.4640314718454105
81689,0.32399934777496225
81690,0.5368669343303468
81691,0.42040602556221796
81692,0.4658173121156156
81693,0.4730223130831515
81694,0.599423034499671
81695,0.4787650025848092
81696,0.3100867864559817
81697,0.5633117559630868
81698,0.5927119445803871
81699,0.5564145065146273
81700,0.3827171304624175
81701,0.5513228068156925
81702,0.33235844593734837
81703,0.31678326680018304
81704,0.2942092842647511
81705,0.6076475223116601
81706,0.5618571207138974
81707,0.4784977456690499
81708,0.2765832236961032
81709,0.363357041616325
81710,0.5001655491186587
81711,0.6312790404926244
81712,0.48362212837099683
81713,0.3604609175539632
81714,0.5431922528705132
81715,0.5805263294012575
81716,0.44933368971147414
81717,0.47492957298638955
81718,0.35595736762490265
81719,0.4894763979046717
81720,0.29323277594326735
81721,0.5703651884066322
81722,0.29473553725183527
81723,0.3707897285808049
81724,0.4132395020382795
81725,0.34230698927126785
81726,0.3013691523694194
81727,0.5926330019027635
81728,0.30357018820291526
81729,0.5065851180418564
81730,0.45493932551828686
81731,0.28550155198226523
81732,0.5590394378424441
81733,0.36067481946472313
81734,0.47604788564890266
81735,0.2987103190126724
81736,0.466412405637112
81737,0.3474287663561789
81738,0.2944009123347604
81739,0.5562254569525523
81740,0.4796395373366895
81741,0.3993336242383863
81742,0.5693092875879249
81743,0.2885916394440859
81744,0.5996116280803454
81745,0.3102352745491926
81746,0.48793430640719854
81747,0.49080109283616474
81748,0.6257615123526139
81749,0.36376354366261454
81750,0.3567444020023153
81751,0.3420782022943903
81752,0.4621656099112909
81753,0.4635210340742054
81754,0.5125070959526183
81755,0.3617654800206496
81756,0.5287954199578557
81757,0.4886963655769017
81758,0.5385733313408928
81759,0.3384031040200339
81760,0.35358965975844536
81761,0.2918224705684447
81762,0.5976869316329682
81763,0.5448756963749982
81764,0.45737731203514065
81765,0.48907546274691027
81766,0.5983578886117504
81767,0.48570242549868475
81768,0.26528266871329165
81769,0.5502042534611685
81770,0.3746622433861041
81771,0.5755378475272296
81772,0.45669644599598286
81773,0.5375849699843992
81774,0.4656383859481788
81775,0.5382292627898841
81776,0.46898288111725356
81777,0.5681283839692058
81778,0.35627636975997345
81779,0.5608795420034862
81780,0.3709411248619433
81781,0.5266149082613729
81782,0.5784659070231566
81783,0.4742577479652854
81784,0.5019070035440268
81785,0.2807082283031733
81786,0.4499084422679606
81787,0.5736685964198277
81788,0.45559481249646294
81789,0.5986346803346781
81790,0.5748253222977376
81791,0.3431364541251043
81792,0.4970707311764182
81793,0.2994705393008812
81794,0.4696974177128818
81795,0.3042750922038104
81796,0.5188422537805075
81797,0.2946863234981289
81798,0.3821305493076944
81799,0.3259859320883032
81800,0.30750223838899515
81801,0.35336961250313037
81802,0.46405259266833765
81803,0.30295039605854873
81804,0.4525597834369553
81805,0.30331181947129293
81806,0.28508537712602494
81807,0.4830246784788298
81808,0.47193347894772075
81809,0.5962014795372403
81810,0.5361111601539991
81811,0.29118952218777444
81812,0.5595934425826803
81813,0.3988688087760278
81814,0.47463640999025714
81815,0.5406313938074049
81816,0.3734170308874487
81817,0.5142867882454877
81818,0.39716347012245706
81819,0.28202357199906347
81820,0.4675677990422971
81821,0.31630718327860446
81822,0.41942328124665157
81823,0.4835023853102856
81824,0.4937058556872363
81825,0.46775468465910847
81826,0.3702408472826596
81827,0.5845385415607188
81828,0.358397285553106
81829,0.34591515778484694
81830,0.5536428927119446
81831,0.5453685076414024
81832,0.502697076069425
81833,0.4788320048195545
81834,0.5897232564228302
81835,0.3348167986547016
81836,0.41496465669879
81837,0.560696629447008
81838,0.6040007785287678
81839,0.3935494230624602
81840,0.297167525009643
81841,0.35416343883012613
81842,0.35295669144626046
81843,0.49666690871676394
81844,0.46423332940781253
81845,0.47694794826887615
81846,0.45921647269642757
81847,0.2935231544211642
81848,0.4943009215934751
81849,0.30482484371951923
81850,0.3884742044025723
81851,0.37820794351374254
81852,0.4992769093145695
81853,0.395778837840763
81854,0.47170904539923697
81855,0.351779404665005
81856,0.5878194527410502
81857,0.6059588984347806
81858,0.478459161356182
81859,0.4965845923114656
81860,0.5433640760649086
81861,0.4396074301210815
81862,0.3546256614994531
81863,0.46924875385887566
81864,0.32596726232166
81865,0.32608223167426037
81866,0.2591315345972085
81867,0.5425810127983286
81868,0.4645889308840806
81869,0.31167746215994335
81870,0.4594055572632825
81871,0.4684469459477635
81872,0.34581659406355136
81873,0.3242360581786863
81874,0.4067791237588232
81875,0.36077487669449493
81876,0.34151575282850655
81877,0.4823962891851842
81878,0.3316456400317678
81879,0.565979964873551
81880,0.4993682834171474
81881,0.5974815137671183
81882,0.395128792691723
81883,0.5413218672986381
81884,0.3096094601850231
81885,0.3012787625940213
81886,0.5473846668480457
81887,0.2731110625291905
81888,0.40990743581198846
81889,0.30451453920220084
81890,0.3475405544792294
81891,0.5064242919481315
81892,0.3298220989562273
81893,0.27193394340311616
81894,0.5303577116606939
81895,0.47899786287439333
81896,0.4745756204186519
81897,0.4144829996165816
81898,0.5607999870752697
81899,0.4719971117797238
81900,0.46708761275944183
81901,0.5615549036744216
81902,0.6033413013244764
81903,0.47478852117213916
81904,0.2937843363017269
81905,0.5080829487089209
81906,0.4755871434227517
81907,0.47390866389865577
81908,0.5999132921844422
81909,0.3785246215323358
81910,0.5179171886674377
81911,0.31524849222286727
81912,0.2960183683035928
81913,0.4978476680243817
81914,0.3995074252448302
81915,0.3021824181483021
81916,0.48511726059266447
81917,0.43569703749913946
81918,0.34091763835851774
81919,0.5555378370824227
81920,0.48169072324672063
81921,0.4725762721066887
81922,0.30097983131993494
81923,0.4773427302655177
81924,0.44718206784256237
81925,0.4309241487521695
81926,0.5428601252518691
81927,0.3566972987573529
81928,0.4729732830555845
81929,0.5270131972401152
81930,0.47379183099852296
81931,0.43429992993811156
81932,0.5263666459266487
81933,0.35288322701101393
81934,0.3458051841889135
81935,0.6108066991535608
81936,0.4617935312405585
81937,0.575191549136161
81938,0.5506662646389268
81939,0.26648106205606265
81940,0.33156543600208555
81941,0.4703905961204258
81942,0.33022540874202094
81943,0.4705481119796893
81944,0.40917144634660185
81945,0.47962926583359167
81946,0.4703631442533583
81947,0.34796029311921356
81948,0.5822130885917721
81949,0.47885597661748214
81950,0.3041345438823512
81951,0.29165095720590106
81952,0.4020690552823806
81953,0.288196237958741
81954,0.39417683980474266
81955,0.4343731275042817
81956,0.35028196100518294
81957,0.635854095392712
81958,0.5921170563292297
81959,0.41161223618857723
81960,0.6079515661066917
81961,0.47438599315789015
81962,0.3722495071255001
81963,0.5090519793631314
81964,0.4696369527969276
81965,0.5156005618621808
81966,0.31916261813231595
81967,0.5191911410652772
81968,0.5133963712384799
81969,0.5660592017571512
81970,0.5319015329843108
81971,0.4610525069619476
81972,0.357452330343564
81973,0.5481783358231805
81974,0.512507743324645
81975,0.488343442955839
81976,0.3669513355330413
81977,0.4745899551002795
81978,0.5706562193206193
81979,0.6106020607938446
81980,0.45612841888782774
81981,0.28633442352469984
81982,0.5937110407541408
81983,0.6582575354028286
81984,0.30530439166057877
81985,0.5593531792421436
81986,0.4116421926023656
81987,0.3253984008642094
81988,0.35260844450089907
81989,0.3115235155823363
81990,0.4106258193309516
81991,0.29056083597451615
81992,0.6014485599140812
81993,0.35926555077798444
81994,0.23872374699151386
81995,0.5586668895233088
81996,0.6052759360614338
81997,0.6156714876020839
81998,0.49881637035809434
81999,0.2905097913689936
82000,0.4359706170425824
82001,0.3695004766367842
82002,0.28312451533602595
82003,0.35934405142499354
82004,0.4607001706187129
82005,0.5473320900942615
82006,0.5978078547882467
82007,0.5646500724354402
82008,0.48531205940804767
82009,0.5015823321359864
82010,0.546709745157126
82011,0.4614384668678996
82012,0.31778609729353136
82013,0.361786003506014
82014,0.3670608558780359
82015,0.5369410298028479
82016,0.4706737154229158
82017,0.5537483542565401
82018,0.577955355753482
82019,0.48563794999469506
82020,0.5497460660206316
82021,0.44224169936745733
82022,0.38255555073322683
82023,0.5514026380694821
82024,0.4838265718753224
82025,0.29798533943502803
82026,0.547649892340407
82027,0.5983194421230126
82028,0.47552577186474676
82029,0.3055338460743565
82030,0.5730435968525285
82031,0.5267159879940685
82032,0.38959054149265904
82033,0.5421817098381336
82034,0.36158663035096833
82035,0.32998448491616084
82036,0.5654270414168792
82037,0.5690597619755546
82038,0.5549735865142023
82039,0.464271247689266
82040,0.4933747890383677
82041,0.5620404680920017
82042,0.677347785264034
82043,0.4031911307262639
82044,0.4859484642541452
82045,0.28580120575637236
82046,0.4885028817664026
82047,0.5635229488062482
82048,0.4824456639441827
82049,0.38294418080193876
82050,0.3186161422766405
82051,0.5572068711374752
82052,0.38916036481368815
82053,0.2948126981093355
82054,0.34590474040027797
82055,0.515000419792538
82056,0.4736885137063197
82057,0.29416115184351954
82058,0.539162329664917
82059,0.483567305924308
82060,0.4876168446614175
82061,0.3622602469425333
82062,0.48736432446323774
82063,0.33566189815372505
82064,0.46182966724376573
82065,0.4152142805534678
82066,0.4801031697651363
82067,0.58918090750163
82068,0.4784706875494986
82069,0.540453398947903
82070,0.5248380299861758
82071,0.4718950992625337
82072,0.4994482034473878
82073,0.478211667953838
82074,0.3717146584774244
82075,0.4684807469387114
82076,0.3662158778347205
82077,0.5422064696076855
82078,0.34682249565103473
82079,0.39373899088004377
82080,0.3646480901995652
82081,0.2912221985660171
82082,0.40024011968486994
82083,0.4818361055838729
82084,0.4778180691757613
82085,0.6125671763024112
82086,0.3480638199623333
82087,0.3707048488679696
82088,0.539132228662607
82089,0.2866294371978864
82090,0.39465563689940353
82091,0.48901630754419323
82092,0.46761064251029644
82093,0.583962780979249
82094,0.6031446882472048
82095,0.35061532549542057
82096,0.49536347090192184
82097,0.3488191202956686
82098,0.352658888691306
82099,0.5367577352079888
82100,0.3113878230590912
82101,0.5194145359953515
82102,0.468924352658535
82103,0.3209797630544366
82104,0.5602938439303851
82105,0.489933047767896
82106,0.30065433658162954
82107,0.36798259855930543
82108,0.3070396113101667
82109,0.3603943321235656
82110,0.5960488747414743
82111,0.6433190079130243
82112,0.3011524171176225
82113,0.5804475193837338
82114,0.5523602163452088
82115,0.5113605543693468
82116,0.4845571151844287
82117,0.48222980965895124
82118,0.5004679560036337
82119,0.481623725096344
82120,0.47432598460165726
82121,0.5479513630231
82122,0.3552466462216189
82123,0.34618446541918124
82124,0.3590931158128901
82125,0.5829617066450397
82126,0.5509472750760517
82127,0.29740640841459265
82128,0.5080409383508804
82129,0.2953777844385658
82130,0.45720821195142086
82131,0.2994078562423714
82132,0.48427781309803664
82133,0.35362870418375647
82134,0.49643948090982104
82135,0.4800977143163729
82136,0.6189102778597236
82137,0.3197427307383279
82138,0.5195049544900098
82139,0.5555082495044771
82140,0.36088480568056797
82141,0.33110799221966
82142,0.5572688862788789
82143,0.30395665684405393
82144,0.5302641013909201
82145,0.6062692172443273
82146,0.5678685047502253
82147,0.46684555219751794
82148,0.3927430165548029
82149,0.4533853411714063
82150,0.290862624578231
82151,0.36669135160853267
82152,0.48449745701221303
82153,0.3587260698493695
82154,0.6318880763648822
82155,0.29108755257169877
82156,0.5830793402411689
82157,0.35089879246011857
82158,0.5508430888573018
82159,0.3008862497419508
82160,0.5099321710345355
82161,0.48297464874669177
82162,0.4881868182060702
82163,0.5094206556041709
82164,0.4520436644155085
82165,0.5842964963427405
82166,0.5045778474314199
82167,0.49062181811170336
82168,0.44426508716656565
82169,0.5085836556166345
82170,0.42846685734596196
82171,0.42701172419204864
82172,0.5503375268580168
82173,0.37324366833777584
82174,0.44971666071124866
82175,0.30831380398674274
82176,0.5666230324007966
82177,0.33408673144573503
82178,0.32551673445560536
82179,0.5466204407643547
82180,0.422644054947487
82181,0.48939130857708185
82182,0.5036655277422167
82183,0.5529831407613012
82184,0.279119204758938
82185,0.5472641502401094
82186,0.3630464813808925
82187,0.5093211032830276
82188,0.38580885465983034
82189,0.5262605830336496
82190,0.4761098384158894
82191,0.280392796827703
82192,0.45837343884903814
82193,0.2967453123238261
82194,0.4866894630911701
82195,0.5537630750728433
82196,0.33563206031653764
82197,0.4544688677773685
82198,0.5415747977111648
82199,0.5636245230539048
82200,0.30607886166083526
82201,0.4816650253423609
82202,0.3830013933638666
82203,0.5333652708171888
82204,0.3685936501669342
82205,0.4815554091932217
82206,0.49487270155239665
82207,0.3556973251669435
82208,0.46668673582411746
82209,0.37078291203453223
82210,0.5084775566600612
82211,0.33595354791927734
82212,0.4914015193741601
82213,0.4680631460338986
82214,0.37365836537706165
82215,0.29600754458217676
82216,0.31787080420347613
82217,0.4533258702290503
82218,0.6074375917419735
82219,0.364137662382301
82220,0.27921801666088436
82221,0.5548594919586984
82222,0.36560265356175503
82223,0.40488053659703693
82224,0.49271983214785875
82225,0.29702255584760534
82226,0.49811347414900914
82227,0.2960412781895289
82228,0.4880796111731167
82229,0.6057582827244051
82230,0.5729669960471987
82231,0.5981496942383447
82232,0.46721653507174915
82233,0.29468621478558327
82234,0.40166789267469893
82235,0.5739874711761004
82236,0.5300648144915308
82237,0.5661284814233729
82238,0.559761211744811
82239,0.3749668941754635
82240,0.5340250929163445
82241,0.47435401763601737
82242,0.5728215803213618
82243,0.47913159678078915
82244,0.5695975333635064
82245,0.5570413170290589
82246,0.2856545726678737
82247,0.32705826832661555
82248,0.46013100046199057
82249,0.46814532446234397
82250,0.413820834280953
82251,0.4579722207106275
82252,0.4728282654183655
82253,0.4627644299866354
82254,0.39184661549664296
82255,0.34332805901790103
82256,0.3653585868023743
82257,0.5250614474034945
82258,0.5075636162795091
82259,0.34801639118339717
82260,0.37008144488773054
82261,0.6013060055389357
82262,0.35154179986637973
82263,0.4874663555073231
82264,0.605985971431718
82265,0.48559635468674484
82266,0.4848755632262817
82267,0.5613115466407549
82268,0.6145537867662721
82269,0.28583721354922376
82270,0.4961009401182353
82271,0.4211066465769895
82272,0.5766608173543529
82273,0.319669679520937
82274,0.6202671102958947
82275,0.4590746704890252
82276,0.4945027171654727
82277,0.46189488662373385
82278,0.28829717365916674
82279,0.2996816646997754
82280,0.5937248699245412
82281,0.5325813384146316
82282,0.4852548974360235
82283,0.4636280620107936
82284,0.48074254905959807
82285,0.2975080975841712
82286,0.29721187945095984
82287,0.5654816955502515
82288,0.5630691660360253
82289,0.4410387724369314
82290,0.38788480162334527
82291,0.46021385290693223
82292,0.38626367411937107
82293,0.37036120298191355
82294,0.3630049798466237
82295,0.5476319659266314
82296,0.33226588477235824
82297,0.38110590290893626
82298,0.5383396184408618
82299,0.3141577181696572
82300,0.3513749624217409
82301,0.3780704416163898
82302,0.31464095548351395
82303,0.48000848227288956
82304,0.48779504520119515
82305,0.4699636663979485
82306,0.4790057984361421
82307,0.45790399106427826
82308,0.6115679520822233
82309,0.3729357002695666
82310,0.5395672726925781
82311,0.4132746798528888
82312,0.5096300564699013
82313,0.5019838924156048
82314,0.4202532168391143
82315,0.36378849213190567
82316,0.47646346182347415
82317,0.3534084853280131
82318,0.3523297979432022
82319,0.49079094725568156
82320,0.5048929291940105
82321,0.3710539725002518
82322,0.5513143623540693
82323,0.4664213543234621
82324,0.3448597980359862
82325,0.30902152642050235
82326,0.576634922041669
82327,0.48037379105923933
82328,0.3452175098086766
82329,0.5903776480709649
82330,0.3271341080045833
82331,0.34445985060968487
82332,0.4716483637798467
82333,0.30179892996958235
82334,0.48034237302562965
82335,0.36776438803103323
82336,0.4483743023790836
82337,0.5851080853836704
82338,0.4575214671508893
82339,0.5733405204241387
82340,0.3216614722680242
82341,0.4842187049744864
82342,0.2952978345095916
82343,0.4951521654914752
82344,0.4938341953703004
82345,0.4786171432207348
82346,0.5771493202614317
82347,0.564700498940344
82348,0.4661341881933021
82349,0.5745284603391693
82350,0.3112880921176896
82351,0.6116222108072386
82352,0.46625841542324714
82353,0.5441794736044834
82354,0.47103112722162305
82355,0.5351057364306456
82356,0.364243024832332
82357,0.4454725120838909
82358,0.3173226431186761
82359,0.5644873513657265
82360,0.5840440623123522
82361,0.5889283056330844
82362,0.5447915621885163
82363,0.37106722027276345
82364,0.3074287335331275
82365,0.3556908561975813
82366,0.4768274458232864
82367,0.6402425379856975
82368,0.4832271311082643
82369,0.653520739407788
82370,0.4807424514048768
82371,0.49707831889526793
82372,0.3051451839427572
82373,0.5439500272658424
82374,0.5439727012035256
82375,0.35808557183357104
82376,0.4779243682016223
82377,0.34306487790813667
82378,0.2934772479190508
82379,0.5104881759718605
82380,0.31401355108968887
82381,0.5286812109885051
82382,0.4720814761421336
82383,0.30867925516480466
82384,0.5957406354846415
82385,0.3354342577215244
82386,0.4834475722856261
82387,0.564173439637444
82388,0.29699221302604056
82389,0.4754571837804782
82390,0.49571922607595537
82391,0.5404055775684636
82392,0.3700734374373838
82393,0.6028211144557047
82394,0.5329069314570096
82395,0.53993093283872
82396,0.3114697296643746
82397,0.4701649475754306
82398,0.33578390491996196
82399,0.3659198408193316
82400,0.4730965341990646
82401,0.5690432790491363
82402,0.24433414581515273
82403,0.30121595636595844
82404,0.5590817857760745
82405,0.4667266590180745
82406,0.5127557651291078
82407,0.2830839262516009
82408,0.34880312295639354
82409,0.3788326904624119
82410,0.38151150227290337
82411,0.2990604649840565
82412,0.3080495326783927
82413,0.43058828313237724
82414,0.5217584569902817
82415,0.2940949697311862
82416,0.5292331202929023
82417,0.5204677727223603
82418,0.3124809607742026
82419,0.4658333013131053
82420,0.43911086027601315
82421,0.6130092800262938
82422,0.42291915969691934
82423,0.5632848309144439
82424,0.45425155396328404
82425,0.5570502487208925
82426,0.5283118341852496
82427,0.3907306705685056
82428,0.4538226695014454
82429,0.47399153129826993
82430,0.6354221098499293
82431,0.600324870210032
82432,0.4645710357978248
82433,0.31434983922352244
82434,0.3376079585740502
82435,0.47252139728827713
82436,0.5717862344873899
82437,0.5197637491285472
82438,0.48000401335789533
82439,0.5255059858393366
82440,0.3717456080535222
82441,0.3875168955025709
82442,0.4957488909303127
82443,0.4718758073817781
82444,0.2982074710784865
82445,0.3394844738839589
82446,0.5216032025455717
82447,0.3626826200507192
82448,0.29578586646043736
82449,0.5053254240550189
82450,0.5188343550634348
82451,0.5482352800045698
82452,0.33504787330920327
82453,0.5631164155084806
82454,0.3831042056874141
82455,0.45249576534703145
82456,0.34944927253880326
82457,0.4378274850760584
82458,0.5100852140108891
82459,0.27824677134226034
82460,0.36831043254965073
82461,0.2922458374467084
82462,0.49006941664855935
82463,0.44005172667599884
82464,0.47352002114255803
82465,0.34463875874661365
82466,0.484553984427383
82467,0.5561426490432231
82468,0.45083286835693986
82469,0.29351840702498455
82470,0.3372238285839832
82471,0.28477251353171296
82472,0.5921882298052136
82473,0.5282524127725675
82474,0.594643765772886
82475,0.5763054274082269
82476,0.34915252386000284
82477,0.4742131136646698
82478,0.5880779600356473
82479,0.5324848988507275
82480,0.3112223123996147
82481,0.6482513114683205
82482,0.27885668370699584
82483,0.46653488342922506
82484,0.5451487287230633
82485,0.43514434333010016
82486,0.49457828133114234
82487,0.4412212358653365
82488,0.29151301466422236
82489,0.5458781975323765
82490,0.42045312159171433
82491,0.4990781213459257
82492,0.5041422609200243
82493,0.5425435281389831
82494,0.30266236886501025
82495,0.2813027018548831
82496,0.3162398242562052
82497,0.30720590760755234
82498,0.30541390264689805
82499,0.31556711325342496
82500,0.3056401662186997
82501,0.4733150358955308
82502,0.31129185212120136
82503,0.5578673613428304
82504,0.48960860371953596
82505,0.5620397736236343
82506,0.5799099659968858
82507,0.3398586526510984
82508,0.2919264479197657
82509,0.46318503801266747
82510,0.5523325847018203
82511,0.3903693162359709
82512,0.5156627312738589
82513,0.5016353673511573
82514,0.5114186071016047
82515,0.4643898921642122
82516,0.6468412272120297
82517,0.31833031074524115
82518,0.5234366404362019
82519,0.4703409687622634
82520,0.2937995722229633
82521,0.5617688452735755
82522,0.511604311276583
82523,0.5187215296867347
82524,0.5805676133031715
82525,0.3649541037740164
82526,0.33088152088738876
82527,0.5874293294099759
82528,0.5317576263728632
82529,0.351189133713719
82530,0.4769803704842861
82531,0.3843566239838081
82532,0.35885501748350124
82533,0.3166208143254943
82534,0.5433176715703364
82535,0.5708249860491384
82536,0.29868912901736794
82537,0.3566054003901288
82538,0.2935519080334234
82539,0.5018819472566629
82540,0.2908845186526197
82541,0.4695352911696458
82542,0.4868592677884863
82543,0.3495210659709181
82544,0.4253316679889398
82545,0.4156845588446461
82546,0.3010091607378568
82547,0.34440527460210446
82548,0.4073620406100443
82549,0.33866652824452537
82550,0.6056202821162392
82551,0.4711271840739657
82552,0.45981414300273676
82553,0.50963832396453
82554,0.5722333976478262
82555,0.4742312735076349
82556,0.49268754470146375
82557,0.5012108471193694
82558,0.5607569295450713
82559,0.29062072300153663
82560,0.5536917044194076
82561,0.3593867759872614
82562,0.513014848594761
82563,0.40571457833833946
82564,0.42780076256828525
82565,0.3646357526452956
82566,0.464689814489745
82567,0.6057799199004198
82568,0.4783404853655312
82569,0.4570704045812611
82570,0.6048934590789258
82571,0.40061786756506246
82572,0.4055519191966893
82573,0.41760817618231744
82574,0.5744550946198735
82575,0.5083937760953362
82576,0.29916522288295805
82577,0.4644619283977154
82578,0.2890191635975648
82579,0.4931675790142158
82580,0.5572375504017917
82581,0.4977623404457575
82582,0.4866827413797579
82583,0.5942704868398158
82584,0.3106430335321985
82585,0.5077270238895681
82586,0.5025791045146614
82587,0.40227972051347793
82588,0.42202557482427894
82589,0.282449183250735
82590,0.3621649866810811
82591,0.5128233081509423
82592,0.27743605612830186
82593,0.45048804182531765
82594,0.302914434415406
82595,0.5889161395636683
82596,0.5331866201635099
82597,0.47871854862316054
82598,0.6026151623764805
82599,0.5054965411834985
82600,0.48638604557125803
82601,0.3559406275422032
82602,0.5848361708975786
82603,0.39013826245825645
82604,0.4765464235675665
82605,0.2914977812665572
82606,0.4695464134833169
82607,0.47128569894802447
82608,0.4914905213139534
82609,0.521964229261918
82610,0.3332683060099646
82611,0.5822246028399488
82612,0.4774096838431271
82613,0.4564744555871332
82614,0.5799114721011803
82615,0.5386216050652829
82616,0.5975823103583469
82617,0.4625545508692586
82618,0.6054693280671914
82619,0.4761898769042703
82620,0.2966356219825588
82621,0.4934165049121777
82622,0.347918820975343
82623,0.3049829520064416
82624,0.5039776353503856
82625,0.3801651320107973
82626,0.6511100349628014
82627,0.3604223819509968
82628,0.5554289593288999
82629,0.34318570698083645
82630,0.3788071598856652
82631,0.29374074895772084
82632,0.5389936639433757
82633,0.41657986859183593
82634,0.5237802301947385
82635,0.34573292309111286
82636,0.5073992268525697
82637,0.30328006239756017
82638,0.4644509519115476
82639,0.3102818420829708
82640,0.538541872141881
82641,0.5620859297888074
82642,0.42695091559856785
82643,0.5987309710615862
82644,0.4819921082276602
82645,0.3047683587311782
82646,0.5128172677930599
82647,0.4938130643896734
82648,0.5889462591091585
82649,0.5867688620500378
82650,0.23011343803804446
82651,0.36645858695858974
82652,0.4775374281284804
82653,0.35486896746006785
82654,0.3702797066977011
82655,0.5532697375464231
82656,0.5149856994909255
82657,0.571676148389537
82658,0.6188993079906093
82659,0.4643912185306127
82660,0.5614380367390396
82661,0.48944620862673455
82662,0.2951841099622613
82663,0.36172206097621923
82664,0.30825780699789507
82665,0.6212109293725292
82666,0.4779014532442207
82667,0.4545558194928916
82668,0.5247751763966199
82669,0.28745710838569083
82670,0.2812328315965996
82671,0.35371810836976875
82672,0.5139035751892889
82673,0.29364620765388366
82674,0.6060090892898407
82675,0.3666825217894964
82676,0.34081783110953817
82677,0.3067321424854906
82678,0.4774000546700679
82679,0.3406162881452657
82680,0.4492797004439982
82681,0.33269299850083994
82682,0.5541369825666984
82683,0.5485458143984115
82684,0.45154217747290515
82685,0.3043331614379735
82686,0.34044043023835796
82687,0.4730443647683954
82688,0.4357204456353929
82689,0.47649147904040723
82690,0.34848458452360187
82691,0.4670206413201734
82692,0.5251381962420211
82693,0.482207382375072
82694,0.5017367319043968
82695,0.3623770427602678
82696,0.5901535989547289
82697,0.29867516667355626
82698,0.3647905246309987
82699,0.4574476720796584
82700,0.2584623035992441
82701,0.293823664676261
82702,0.46768243962026446
82703,0.5201590599793162
82704,0.39523154133198213
82705,0.4727402495067106
82706,0.30293105696318984
82707,0.5421411537165254
82708,0.3041126621095537
82709,0.4846856078454063
82710,0.45232664912166587
82711,0.3837843814554393
82712,0.5520073031633786
82713,0.5701600624044312
82714,0.41785484502478154
82715,0.29865852220384687
82716,0.5644040504386569
82717,0.5452729195447749
82718,0.4754752992237909
82719,0.5644231091032822
82720,0.30961226544349973
82721,0.4611978875117062
82722,0.2972112354232016
82723,0.46946724607456325
82724,0.6331413790265163
82725,0.5562138747378998
82726,0.34019396161496757
82727,0.47425507745681283
82728,0.5161044217006376
82729,0.3011419435269889
82730,0.3170728002032965
82731,0.3555674033532288
82732,0.4576195454699689
82733,0.5086444772072553
82734,0.5114553001639911
82735,0.5686745324632825
82736,0.2949612246254583
82737,0.2872543162983077
82738,0.30591408070789505
82739,0.46683148541204655
82740,0.3021453207641548
82741,0.3019041291470561
82742,0.3068310673597147
82743,0.3386019739234429
82744,0.4723236445709126
82745,0.39726946845398453
82746,0.47403197448226614
82747,0.48946284948762386
82748,0.25239131447993735
82749,0.3066785859937756
82750,0.4257910399192663
82751,0.5614350769903571
82752,0.5648441098317057
82753,0.517606016639867
82754,0.3423327784371985
82755,0.6968033170443343
82756,0.5638776774147947
82757,0.5104723284171547
82758,0.4724010466537481
82759,0.5659743050301129
82760,0.3570961411305344
82761,0.32484461624222155
82762,0.41596178644447035
82763,0.29984865519190596
82764,0.5367239138281344
82765,0.4732250239619697
82766,0.5613592518668515
82767,0.34672631971994455
82768,0.552769451925207
82769,0.49724043850287025
82770,0.5385247151308099
82771,0.5848508517745343
82772,0.4800745542737493
82773,0.5419078648730301
82774,0.3066402355380529
82775,0.4805518458056872
82776,0.3595544477466524
82777,0.49137640304280333
82778,0.312953421376919
82779,0.3571957962539496
82780,0.566955238272765
82781,0.5344932024907119
82782,0.4846471876273803
82783,0.394226794235235
82784,0.6853461557190305
82785,0.38049220753071494
82786,0.3451105427046016
82787,0.37211201042165964
82788,0.3148273696575962
82789,0.4786739175082326
82790,0.3671718436163184
82791,0.4920548283379691
82792,0.48497137275195806
82793,0.36824676606970613
82794,0.30406921776220464
82795,0.3720044749403121
82796,0.48185989848549815
82797,0.5838064367788479
82798,0.44375449151173724
82799,0.3003626967856673
82800,0.5451257150351518
82801,0.5338375709026738
82802,0.5948004746252091
82803,0.5146447613101827
82804,0.4980494461719099
82805,0.3055515577077536
82806,0.3436469569107985
82807,0.5692418529957455
82808,0.31721007424641284
82809,0.3429124110760049
82810,0.364180977629659
82811,0.5075729887709312
82812,0.5494370200646239
82813,0.5201696298501566
82814,0.34391771804107674
82815,0.36562454279496637
82816,0.48379219868409795
82817,0.28469901463237557
82818,0.5874425633082356
82819,0.4763831475393189
82820,0.5568339405534368
82821,0.6068229967042628
82822,0.3088738278156212
82823,0.3526438150432011
82824,0.33690191584419577
82825,0.2982944832455774
82826,0.5653773934259678
82827,0.5234489140804068
82828,0.5020678285435461
82829,0.5477508927691325
82830,0.5112017418006927
82831,0.43670990578223023
82832,0.42941404256979177
82833,0.3938285271911388
82834,0.46825371372133384
82835,0.549832866308254
82836,0.30507273278345887
82837,0.4993916606208747
82838,0.4162586864491541
82839,0.46841476297401896
82840,0.37003858070546564
82841,0.5660184323643412
82842,0.47711234960624105
82843,0.5571108501205281
82844,0.4817167100701489
82845,0.4498206753135546
82846,0.2765961457995068
82847,0.530653553426549
82848,0.509366040042613
82849,0.5569194915200426
82850,0.4275645464846647
82851,0.5078546271816647
82852,0.4387753232410917
82853,0.5541388108527406
82854,0.49328315297002767
82855,0.2775501172431735
82856,0.4722978458557513
82857,0.3069203281682631
82858,0.6631727539732185
82859,0.44936939530827863
82860,0.42765324313008946
82861,0.47782004429738706
82862,0.40458930217271427
82863,0.5120156496253377
82864,0.36415400726024194
82865,0.4744329145865146
82866,0.3506422775297736
82867,0.5498465738091569
82868,0.4859555293732643
82869,0.5512951103540529
82870,0.49467899013273625
82871,0.29305853805141824
82872,0.5696560439538583
82873,0.46521061393392743
82874,0.4714623016141825
82875,0.3462223293276928
82876,0.4784918332401763
82877,0.37683284403144945
82878,0.3403848471508298
82879,0.49602027341576765
82880,0.3964812250279398
82881,0.5002328427707075
82882,0.5016268487889822
82883,0.4502605819987229
82884,0.6166305786006682
82885,0.5669718209260998
82886,0.3729643794058313
82887,0.31671707327088855
82888,0.5815363689120996
82889,0.44952666925732343
82890,0.2939263948748402
82891,0.4539463402932084
82892,0.46991549133128896
82893,0.5709196408100643
82894,0.2891777020917596
82895,0.3570106251788985
82896,0.47000426878255147
82897,0.48056619467180994
82898,0.44981309045265333
82899,0.5176385114230271
82900,0.3608059662237323
82901,0.33276248060829344
82902,0.38441004248645644
82903,0.3404579681254847
82904,0.5006365836428193
82905,0.6017569810437567
82906,0.5506221810995949
82907,0.5272092017865434
82908,0.4816845875979408
82909,0.5367901747126682
82910,0.3061863947905241
82911,0.36899442410544364
82912,0.47431640935362246
82913,0.4483150384240912
82914,0.4639363621771991
82915,0.48728309663156383
82916,0.28782310042522324
82917,0.5574092786660496
82918,0.5396098100436783
82919,0.5114256999312533
82920,0.39985418327357664
82921,0.386189381721939
82922,0.4588754370388434
82923,0.30999352169435274
82924,0.2955374582679454
82925,0.46302500119607165
82926,0.47750696482332255
82927,0.41866681145565104
82928,0.4717823564372168
82929,0.39887369836119496
82930,0.3562062322005626
82931,0.517761119051961
82932,0.3559514929387891
82933,0.49058570865624834
82934,0.3487994457456179
82935,0.34364430114562977
82936,0.31859012064304953
82937,0.5647356375251662
82938,0.47230742243493873
82939,0.2897727934119904
82940,0.6645991131007909
82941,0.4684568079748055
82942,0.5513241294049115
82943,0.45357420171045615
82944,0.49184791105633535
82945,0.3491497143014564
82946,0.5442302240567317
82947,0.28316048700050367
82948,0.48239721338108477
82949,0.3597002520053128
82950,0.30721249407929346
82951,0.4534889756480629
82952,0.4695006835542218
82953,0.48233395536599094
82954,0.5468376624008985
82955,0.5201429682905484
82956,0.34793279827139784
82957,0.6058807290793577
82958,0.4672821679783418
82959,0.29401663878717543
82960,0.5425485344431343
82961,0.3688621090130553
82962,0.5585833407937824
82963,0.4719985527347667
82964,0.3069354266686
82965,0.47514567993454937
82966,0.4578977678717888
82967,0.3159228924684902
82968,0.49108069734358617
82969,0.2419308145025645
82970,0.48478161913753653
82971,0.2813343991647184
82972,0.29825610500904637
82973,0.28694018863774595
82974,0.5950242771155065
82975,0.5333757837438996
82976,0.37495168731234074
82977,0.4889297640389409
82978,0.4843624279285893
82979,0.6273802193824444
82980,0.5452442652168518
82981,0.3557549997561079
82982,0.47729206144691577
82983,0.4639877150749454
82984,0.4807115479909483
82985,0.5809568235967084
82986,0.2910308417768199
82987,0.4634942669786182
82988,0.35845056362668715
82989,0.3394024181241243
82990,0.36061483841208997
82991,0.4056551836852161
82992,0.436435378512257
82993,0.36533797986352634
82994,0.407284309859915
82995,0.40024189084838524
82996,0.2989768791831461
82997,0.3690460392920736
82998,0.4675979357383019
82999,0.507722710623063
83000,0.44440737789875673
83001,0.5543891477182612
83002,0.3342583377457196
83003,0.3641339185252924
83004,0.5606017120275079
83005,0.5412748774167355
83006,0.4757645220352984
83007,0.4885084362186386
83008,0.4625138558796127
83009,0.6387720423165432
83010,0.5561656915878588
83011,0.4735441136348637
83012,0.6765247236741191
83013,0.2770990125062117
83014,0.5323479276493527
83015,0.3561472209614162
83016,0.3313636447504069
83017,0.5534093884852795
83018,0.5111510360679598
83019,0.30343457077332847
83020,0.3005830917450847
83021,0.5559108568324552
83022,0.4629257565248128
83023,0.36200744624241654
83024,0.3943584021450348
83025,0.47284399116694126
83026,0.5638019604115788
83027,0.4560947208205909
83028,0.5132696778401392
83029,0.33803174592404045
83030,0.34862401245406505
83031,0.28071922090779294
83032,0.2532955557516574
83033,0.29045642628923324
83034,0.6009141901708281
83035,0.3829724819653791
83036,0.6260633334241615
83037,0.6014923691248802
83038,0.4207791465964442
83039,0.5296170666977901
83040,0.5444689893710237
83041,0.29129930415937255
83042,0.3628317332750382
83043,0.47837932207218853
83044,0.487950789991305
83045,0.47753293961650894
83046,0.29391118655256177
83047,0.5667712945528925
83048,0.3029004135476484
83049,0.3835555071696162
83050,0.391999398280857
83051,0.5588088125381229
83052,0.5902790832182018
83053,0.5007294934770398
83054,0.30727306017202183
83055,0.4156573146427092
83056,0.5471277199802878
83057,0.4711951400855627
83058,0.47846655392903287
83059,0.49956678823882994
83060,0.2985130944896197
83061,0.35719446984228037
83062,0.4924857539140316
83063,0.5361201035051847
83064,0.3202129686863496
83065,0.5624493120246714
83066,0.5409141513587358
83067,0.5956070281743151
83068,0.3571044677937236
83069,0.475145926064048
83070,0.62421445288207
83071,0.30422449816579705
83072,0.4435777268428397
83073,0.5546004842133191
83074,0.29218111463884155
83075,0.30822865584386344
83076,0.49152024419783746
83077,0.29826240447153396
83078,0.4732669369701847
83079,0.4703751144417796
83080,0.3543127756146493
83081,0.2992794202705135
83082,0.5636533038784463
83083,0.5530883037214256
83084,0.6074331343597984
83085,0.36265468690124136
83086,0.4697124982697016
83087,0.3791717065433428
83088,0.6127306394703076
83089,0.47685296112717535
83090,0.4792600438937631
83091,0.5006562484688273
83092,0.45404550355157725
83093,0.2967186297825887
83094,0.4609640361824905
83095,0.4141281594627516
83096,0.49231263754292814
83097,0.45707119769259796
83098,0.2895907570513906
83099,0.2890053259057306
83100,0.46037165340199926
83101,0.45913402947450216
83102,0.2748810974962587
83103,0.2807489332433444
83104,0.48522247391383255
83105,0.34185250241390125
83106,0.5793080909390951
83107,0.49910133126816353
83108,0.5293858852154165
83109,0.3699944909188936
83110,0.4100514217746345
83111,0.36814633580963596
83112,0.5646477577549786
83113,0.3541854790064735
83114,0.3680591558508198
83115,0.37399265601657866
83116,0.5713621336476958
83117,0.5025121334198627
83118,0.6152397596254204
83119,0.47374345592431955
83120,0.5163140483136126
83121,0.4895655174850146
83122,0.3724462701635001
83123,0.6068261652962441
83124,0.5563914926828946
83125,0.4223517729733941
83126,0.32474848640512816
83127,0.3632941156155694
83128,0.5863697102470161
83129,0.2893203822810602
83130,0.4771746386548938
83131,0.3607883279774922
83132,0.5098547256032004
83133,0.45671391255703686
83134,0.5727561998178007
83135,0.3749838117697801
83136,0.3010385681695157
83137,0.4720919328452945
83138,0.473643979118213
83139,0.5673634595428461
83140,0.5541018248074188
83141,0.5603354266187488
83142,0.4337356458546962
83143,0.6110718623273419
83144,0.31593582227278044
83145,0.45233517263698547
83146,0.31983323598588437
83147,0.5758550282272179
83148,0.5068135453387411
83149,0.28259124028360333
83150,0.49518363979546154
83151,0.24681616218142194
83152,0.37744741231270673
83153,0.33672085552448544
83154,0.29649136017515276
83155,0.5151870052281602
83156,0.4155078446818253
83157,0.3624756704378422
83158,0.373232724037017
83159,0.589850254897991
83160,0.499982072464149
83161,0.41818764667321856
83162,0.4691266982024569
83163,0.31051661345015763
83164,0.36391164735555426
83165,0.324323295791459
83166,0.2947824075255249
83167,0.5304599797718568
83168,0.34793455584922256
83169,0.46381296518829285
83170,0.32513868046646377
83171,0.4757403912176961
83172,0.47706917820027867
83173,0.35937613721550604
83174,0.3648500956673234
83175,0.5188611803390133
83176,0.47582791505899447
83177,0.3422645712143035
83178,0.3532802424922414
83179,0.46201403410546343
83180,0.29562884487211694
83181,0.5873060658312287
83182,0.47926653027415056
83183,0.4833323698427744
83184,0.5339748524755175
83185,0.29306945148442726
83186,0.537572494918213
83187,0.3520812698843695
83188,0.49398453594621217
83189,0.4048749086517554
83190,0.293108657000201
83191,0.4780871558339184
83192,0.3588324235940206
83193,0.32621485973896003
83194,0.49438821333231253
83195,0.45585080572131825
83196,0.25983308757183243
83197,0.5630273750930616
83198,0.3578981962773801
83199,0.3431526593080757
83200,0.5347096808786572
83201,0.32537627225213683
83202,0.3046084688728434
83203,0.2929054146939343
83204,0.3554126729533054
83205,0.6277890999988076
83206,0.3593707085353726
83207,0.3156641575875734
83208,0.3624645759184976
83209,0.6091406344485224
83210,0.35880572963042046
83211,0.6226199494439832
83212,0.35604592481375136
83213,0.5462503401030846
83214,0.3679058409387039
83215,0.6059893433330861
83216,0.5738494914915853
83217,0.35542300860410936
83218,0.5546169343496258
83219,0.48249115819157506
83220,0.45833768184485435
83221,0.5096189965870119
83222,0.35328390068903764
83223,0.3057311878260531
83224,0.28357502135119494
83225,0.2854732014005733
83226,0.5482857982047449
83227,0.3625072345907267
83228,0.3626228808300231
83229,0.30106526298723024
83230,0.35188454759939497
83231,0.4761292491481943
83232,0.30019964951857897
83233,0.3315009319800685
83234,0.3554657667068746
83235,0.3587289948785078
83236,0.48950436223927335
83237,0.4525701728352837
83238,0.34859101597412306
83239,0.4732476059028756
83240,0.5812875092449526
83241,0.37415733129483303
83242,0.5012776884871597
83243,0.3708383040792214
83244,0.5438945452626864
83245,0.39062208856812286
83246,0.6182652926505923
83247,0.49117192938899007
83248,0.557398625290364
83249,0.5499702071064558
83250,0.32911965843068763
83251,0.45710139682103673
83252,0.466326817461659
83253,0.5318463683842835
83254,0.6234793889609516
83255,0.2851059507251775
83256,0.6198631368709833
83257,0.3570166538681846
83258,0.49214038998328385
83259,0.5541547264719391
83260,0.3680508005904663
83261,0.4602998547781987
83262,0.2714709324609447
83263,0.45812759366737416
83264,0.5618824578133532
83265,0.5860999047457437
83266,0.5958870301532013
83267,0.28885466993268955
83268,0.44036835080609926
83269,0.6177180866946109
83270,0.6229372179661401
83271,0.3934157747350463
83272,0.43208025206881967
83273,0.551896082233258
83274,0.5869427158290715
83275,0.47682666119002237
83276,0.48138345561135965
83277,0.41031553898383866
83278,0.5303091979875203
83279,0.5852512465372294
83280,0.304042497934797
83281,0.4600487250246779
83282,0.35495892354816555
83283,0.35710971479438447
83284,0.5557652074596844
83285,0.38220106296955936
83286,0.2722436499168723
83287,0.47869436033869234
83288,0.3468844500282532
83289,0.303387787946995
83290,0.32519266069170155
83291,0.49435433808666196
83292,0.46248782551952006
83293,0.36508567287375415
83294,0.49450248563327004
83295,0.5352827597839582
83296,0.6037180956525195
83297,0.4725450779024505
83298,0.5863988795738548
83299,0.48748215503048187
83300,0.36123987180834444
83301,0.5249910403689005
83302,0.34624327663732357
83303,0.4447058217835307
83304,0.5956122189951035
83305,0.27626152750702293
83306,0.5604629827915789
83307,0.5475222323197353
83308,0.47087409733407415
83309,0.3045842652199995
83310,0.42801977188788026
83311,0.3573725197270951
83312,0.2960814472259877
83313,0.47243689078048456
83314,0.2976425484868125
83315,0.5914269904539712
83316,0.48877574956794556
83317,0.3745223098946067
83318,0.57046949417671
83319,0.4786572276069711
83320,0.4974904563197768
83321,0.43074155760518057
83322,0.4681767521401083
83323,0.4659314701292797
83324,0.5809271609281487
83325,0.462553109141912
83326,0.46813474182530385
83327,0.6138087186720933
83328,0.31417273010507074
83329,0.3181080156940604
83330,0.34912776141547375
83331,0.4647440129842641
83332,0.3474322091439491
83333,0.49778472127221945
83334,0.5706296358211321
83335,0.5326476164269656
83336,0.382148054049823
83337,0.559295179280033
83338,0.28069441043191845
83339,0.4767314598948075
83340,0.353687074499227
83341,0.548063994172066
83342,0.34623164383643185
83343,0.2837171537715209
83344,0.4659860849946593
83345,0.5526333049212274
83346,0.49193767573751257
83347,0.621166707813986
83348,0.361316404908348
83349,0.464659705847238
83350,0.36659365633290947
83351,0.3056201546480001
83352,0.38496840967089363
83353,0.29454585921891324
83354,0.5741211105411068
83355,0.3612784577794843
83356,0.4522044251161836
83357,0.4185867696037857
83358,0.36457890625339945
83359,0.4676730096757144
83360,0.6014735520071753
83361,0.5555821683013438
83362,0.32386768657904474
83363,0.4936261572484517
83364,0.39845205788202886
83365,0.5641733074106855
83366,0.5377666263910481
83367,0.5542541241539899
83368,0.5600704952258386
83369,0.4938481365000271
83370,0.458396347002152
83371,0.34822860415510676
83372,0.486081729767375
83373,0.36657765326249525
83374,0.44027823722645815
83375,0.5864793965970129
83376,0.46496433617785504
83377,0.47968806837761807
83378,0.5056033120529756
83379,0.5216650856813616
83380,0.49360810050761295
83381,0.49097388613984266
83382,0.5356534085401747
83383,0.5480871574742081
83384,0.57072203937636
83385,0.3675765508226884
83386,0.46854405658539866
83387,0.6625344481006132
83388,0.47228429501124747
83389,0.5520409319591664
83390,0.484959261657953
83391,0.34719496402734007
83392,0.5850685258371353
83393,0.5694643884963163
83394,0.36871976337107304
83395,0.5970443395929085
83396,0.452116131740473
83397,0.28513163306720485
83398,0.46288956170713447
83399,0.33648038760993904
83400,0.6144105258086776
83401,0.4434758014738522
83402,0.5598255741577685
83403,0.3762259183184319
83404,0.5341027423377592
83405,0.2827278629477182
83406,0.35293570939403557
83407,0.30595343504672334
83408,0.366723716809882
83409,0.4457630705925328
83410,0.5719718998698499
83411,0.5882376605800282
83412,0.5399043726638498
83413,0.5502886067947141
83414,0.45749218856905777
83415,0.31993346544635226
83416,0.536589999786437
83417,0.5093721631267312
83418,0.5180287240801492
83419,0.29476320853487187
83420,0.3763237566788082
83421,0.551637602760871
83422,0.28703472375203504
83423,0.5909147421130481
83424,0.46470696927158095
83425,0.3490842724643294
83426,0.6008807597290571
83427,0.48695447866077207
83428,0.3152111629132309
83429,0.5894300095951427
83430,0.4581137582745964
83431,0.3358220747084299
83432,0.4648360218179077
83433,0.6217751428584458
83434,0.35399243782921913
83435,0.6571341429889379
83436,0.27880092309921073
83437,0.5701114383958438
83438,0.4204464500335369
83439,0.4150379991855937
83440,0.5815480051267677
83441,0.531895274848123
83442,0.4926983369252865
83443,0.3057226179973899
83444,0.46620772576212616
83445,0.5538574882074271
83446,0.46835153758377385
83447,0.3455216305867948
83448,0.48196601569623176
83449,0.475530419692245
83450,0.3723412628514679
83451,0.4717670256782517
83452,0.47398259288051253
83453,0.31236061497742273
83454,0.4674139241120982
83455,0.36363862275097797
83456,0.4923892182317053
83457,0.5401647748992948
83458,0.6186337425090677
83459,0.303518244177953
83460,0.48393546947436056
83461,0.32313714313193037
83462,0.3395803112890555
83463,0.4630211407025892
83464,0.2756333488083886
83465,0.4675881793449365
83466,0.5283817179943249
83467,0.583793476039784
83468,0.5557172726353782
83469,0.29886744577618074
83470,0.3042768680019165
83471,0.47581953737488725
83472,0.6660597518683363
83473,0.4592784410415428
83474,0.3371291684486691
83475,0.29317090487681374
83476,0.4822249674642028
83477,0.4789193705398093
83478,0.5208946276217636
83479,0.4738542859533046
83480,0.5908726568804368
83481,0.4775573474149239
83482,0.3560772284296018
83483,0.5014268206490062
83484,0.5959113156170475
83485,0.3785227980808985
83486,0.5613810571762421
83487,0.36223638115391293
83488,0.40434114411114513
83489,0.47853673090538335
83490,0.5326023453906062
83491,0.48793466308662586
83492,0.31206491118286733
83493,0.3650952845930892
83494,0.5275678689933722
83495,0.4969611343912639
83496,0.480528346526342
83497,0.2963913889042122
83498,0.35612879437247597
83499,0.5923738873369799
83500,0.564271608037702
83501,0.3113496201276933
83502,0.3395909542354003
83503,0.5081116327018198
83504,0.5475542771820822
83505,0.5476758413729336
83506,0.29699139527910545
83507,0.4718188669762483
83508,0.2961813843725014
83509,0.4713678587053495
83510,0.5011066263865183
83511,0.5934691001569272
83512,0.546835974430756
83513,0.49224684169672267
83514,0.3880099721501327
83515,0.553924755389092
83516,0.3359069488981404
83517,0.4627792479065294
83518,0.3039357031104407
83519,0.542161109100719
83520,0.4886574325666554
83521,0.4804111144386539
83522,0.3070005707320264
83523,0.4671112484046088
83524,0.6106356070715221
83525,0.30392047502825204
83526,0.5875864808824308
83527,0.534650656884998
83528,0.3532985844029599
83529,0.5507683036409281
83530,0.46324764073800734
83531,0.4736977587263782
83532,0.547620202691751
83533,0.2892613825870728
83534,0.6053224056626241
83535,0.29392294425464266
83536,0.4770280423955283
83537,0.277087484230726
83538,0.3712360261590402
83539,0.4729546234890119
83540,0.5480765907824459
83541,0.4756709824747898
83542,0.5673122204084851
83543,0.5059937866469036
83544,0.36167815077548765
83545,0.49296089699127527
83546,0.41088443240424727
83547,0.4688361026875751
83548,0.5779444619070636
83549,0.34235012767467904
83550,0.4729881596123255
83551,0.3199679066003834
83552,0.6177247884464272
83553,0.5143426776549441
83554,0.3492860527475305
83555,0.6186576809419727
83556,0.6032879489265722
83557,0.3697148019189436
83558,0.2965615341674553
83559,0.3031194251029512
83560,0.29105275880985093
83561,0.6159669219331492
83562,0.3585436679406231
83563,0.48419983023199276
83564,0.3557237588799952
83565,0.35857033876810607
83566,0.3580598695712926
83567,0.29799621190147707
83568,0.5157210846465515
83569,0.5117663602674715
83570,0.3035716864701289
83571,0.5724083860888987
83572,0.38222594608268834
83573,0.5979578409880824
83574,0.2989603268301608
83575,0.5395700373394559
83576,0.6156720378597167
83577,0.5071867297873928
83578,0.47413894453412625
83579,0.523694344954321
83580,0.4732587150013624
83581,0.4528226254897095
83582,0.36799065273012443
83583,0.2972848584958646
83584,0.4824005405651558
83585,0.3524058089920242
83586,0.292019404645677
83587,0.48763732681856997
83588,0.6447427176620452
83589,0.2958544138652093
83590,0.35886149559595654
83591,0.5647347112064999
83592,0.4749996992523293
83593,0.42890203423166534
83594,0.5307970229461495
83595,0.2991036754566037
83596,0.46220897101388764
83597,0.6326993137395979
83598,0.6200593006786183
83599,0.4723916386457789
83600,0.3040786340878135
83601,0.49171457631841975
83602,0.5760359512416409
83603,0.48140425524139824
83604,0.463885263547145
83605,0.2646045236173528
83606,0.4710861886785058
83607,0.298487911166769
83608,0.3518930285892225
83609,0.4759259949335906
83610,0.2794606607333538
83611,0.47292491671139064
83612,0.5185319701598833
83613,0.3807604425129669
83614,0.3555742818667656
83615,0.5511515174922826
83616,0.5595541195660524
83617,0.3644807692445198
83618,0.5818216468217139
83619,0.39043785003502907
83620,0.5008233488752318
83621,0.5716473301416686
83622,0.3045718373829653
83623,0.6144787156111571
83624,0.40721680521897435
83625,0.3084303753714663
83626,0.6231595896002554
83627,0.46123374903584535
83628,0.3462794480091837
83629,0.5198106056040107
83630,0.45839551013750185
83631,0.5269018685942526
83632,0.3931603341361745
83633,0.28463852115703375
83634,0.5318946745528773
83635,0.6077800357547157
83636,0.3289354256470134
83637,0.5136317004362931
83638,0.29989926784923343
83639,0.5215371287498822
83640,0.4723753843902244
83641,0.5881035341223303
83642,0.4601121035198837
83643,0.2560957461267929
83644,0.2696773134711054
83645,0.47846987323399714
83646,0.4905080611136778
83647,0.46982706140599034
83648,0.5578785713014154
83649,0.5015443547842531
83650,0.2619830057359231
83651,0.4276947531637334
83652,0.35893538214173565
83653,0.4844653888800471
83654,0.3261564670459963
83655,0.39848743379514506
83656,0.3166797552345956
83657,0.360030384043157
83658,0.466307701415315
83659,0.4713618862287176
83660,0.4750789994574383
83661,0.3978045988835876
83662,0.4563427833667863
83663,0.5291144474969041
83664,0.5346937349183534
83665,0.6155439654461179
83666,0.3809564907716971
83667,0.29458680313614233
83668,0.5929119423827486
83669,0.48578420303096065
83670,0.49077063762722495
83671,0.3123808930737712
83672,0.27782511336627114
83673,0.44380176945938893
83674,0.32619185909738607
83675,0.48732028622140294
83676,0.2952093747705538
83677,0.5532561235385176
83678,0.3458824135838721
83679,0.5133732041858508
83680,0.31037447553378444
83681,0.35374520092094136
83682,0.35467479022836734
83683,0.46899310798958316
83684,0.4643639299835519
83685,0.6578595924956672
83686,0.5432073301556078
83687,0.47621872978333885
83688,0.32906946042280955
83689,0.4634888858617619
83690,0.47900985389282796
83691,0.34795919962777566
83692,0.49850140132274895
83693,0.32832512892385013
83694,0.5364944233559504
83695,0.43347522773090263
83696,0.5873208341038599
83697,0.551402703775712
83698,0.47728548382994296
83699,0.606708425720152
83700,0.31293523672463475
83701,0.3134012144520717
83702,0.5226277233530288
83703,0.4206659994294379
83704,0.5581210156325804
83705,0.4905337692993524
83706,0.3614476044915798
83707,0.46455449920349995
83708,0.49743079946850755
83709,0.5994661030990279
83710,0.5430557435869512
83711,0.3740936315817148
83712,0.4663484690641151
83713,0.4747302447857323
83714,0.5301199665957942
83715,0.60060068679159
83716,0.41832407094367785
83717,0.5244606383406373
83718,0.5933363439301077
83719,0.3012787625940213
83720,0.5506900413831415
83721,0.3272346203303137
83722,0.4611364294656323
83723,0.3254497224203992
83724,0.4479876979729117
83725,0.46684092691449547
83726,0.38031984480208275
83727,0.49476143337027495
83728,0.5397354938314879
83729,0.5834857725219758
83730,0.5595703180682609
83731,0.5543223154849655
83732,0.32969523270088946
83733,0.44512050029377076
83734,0.48952147474330915
83735,0.3077379380351297
83736,0.5884245185617405
83737,0.2807202195997499
83738,0.3988982012098427
83739,0.512282461857788
83740,0.5715195778021686
83741,0.49157928639440396
83742,0.28967101918617116
83743,0.5192302779178641
83744,0.49273695073097173
83745,0.3657947044078248
83746,0.5465291595700423
83747,0.5390872517457904
83748,0.29794366029392483
83749,0.3582454345139433
83750,0.34719899401526005
83751,0.4702614128453908
83752,0.2962969545455829
83753,0.48785241137739116
83754,0.3395529855538483
83755,0.5330484912160595
83756,0.4690067931863349
83757,0.3473195163928907
83758,0.3542347428951911
83759,0.483302734393074
83760,0.4672285492138178
83761,0.3634152414827502
83762,0.5225950556110467
83763,0.35311110192887635
83764,0.460090953418016
83765,0.2855698023694785
83766,0.4968182441277894
83767,0.568763411760178
83768,0.5931824960934796
83769,0.32939484939400815
83770,0.4891609428125721
83771,0.4604814973064936
83772,0.5838422849958177
83773,0.33054573211754035
83774,0.29921177803318355
83775,0.5639336754629178
83776,0.4995508619780251
83777,0.4171261209577787
83778,0.46793238141912613
83779,0.3880577828391575
83780,0.5973501948815796
83781,0.47578650368503184
83782,0.5605122309202006
83783,0.3810884951503262
83784,0.6052462434642873
83785,0.5016718628810884
83786,0.4674024300820428
83787,0.45602732912000576
83788,0.30738252652505493
83789,0.3584907730589648
83790,0.4628574474603543
83791,0.5426761220732332
83792,0.5536225569007475
83793,0.5077305291950739
83794,0.32674509191880946
83795,0.5292835048406638
83796,0.2969833556369899
83797,0.3857446472339217
83798,0.550376554578721
83799,0.3073292463497213
83800,0.3556660858656019
83801,0.3661640904361762
83802,0.4155670308780327
83803,0.31220742335549034
83804,0.501766695787818
83805,0.6207994296450067
83806,0.3937139196536306
83807,0.4692165298745541
83808,0.2945195865741029
83809,0.29490815707446133
83810,0.346753923578845
83811,0.31397620935705695
83812,0.29931887751607644
83813,0.3212799293376328
83814,0.47162678686562354
83815,0.5304225948741342
83816,0.349787771431388
83817,0.3669836580311697
83818,0.5590470549739891
83819,0.2984446868858547
83820,0.39062516385680396
83821,0.42255268213288644
83822,0.28996674724311494
83823,0.5022526263646206
83824,0.5003860408146998
83825,0.29911913350500496
83826,0.603431977906301
83827,0.5795782624543723
83828,0.5454631031200441
83829,0.6078183097795475
83830,0.4915011925688037
83831,0.3525368919404188
83832,0.6292799793047102
83833,0.29951185624145704
83834,0.549393769813716
83835,0.44134797088664146
83836,0.39893968689055104
83837,0.39127450906740513
83838,0.47781118504139414
83839,0.36627495191506576
83840,0.30870346051321407
83841,0.5567634536748736
83842,0.422640822714416
83843,0.34935757681121427
83844,0.31476751433652184
83845,0.47512046697094423
83846,0.3005045138633543
83847,0.4108797634873919
83848,0.5327282952902005
83849,0.3720386610303798
83850,0.5455336951405697
83851,0.5129394833392266
83852,0.3173533152608398
83853,0.5898441891965432
83854,0.5112830593212814
83855,0.5081074547288071
83856,0.47748571335018364
83857,0.5925190711577745
83858,0.4172277708431216
83859,0.5306342723335209
83860,0.5108395445999562
83861,0.457605467026126
83862,0.26536000638803964
83863,0.5221241238264537
83864,0.2952332197842945
83865,0.49470525017397726
83866,0.521743330826947
83867,0.5598036181835423
83868,0.4799553979177881
83869,0.48460360492531196
83870,0.4805602058800015
83871,0.5579711020713477
83872,0.3818186865187414
83873,0.2943731676397458
83874,0.40111498502070553
83875,0.5117926221312434
83876,0.48241777080806214
83877,0.46610161884244783
83878,0.5140944239513578
83879,0.5614724759801532
83880,0.5018964582045011
83881,0.4200539946886338
83882,0.3519545947101457
83883,0.5437715407473216
83884,0.3123649944624954
83885,0.4143137304418048
83886,0.35785723870466174
83887,0.4889584214984633
83888,0.4720697633954198
83889,0.47649865452279977
83890,0.46690491246553384
83891,0.3783627505438199
83892,0.4061096255741868
83893,0.30022006201163
83894,0.4848893073432064
83895,0.2969141135977718
83896,0.34559349905613107
83897,0.4788596942173788
83898,0.2944672918091901
83899,0.35425752613330647
83900,0.30490166507388994
83901,0.6024101585478506
83902,0.34707741302380335
83903,0.4836184882828762
83904,0.5175722338046431
83905,0.47669300690079647
83906,0.32353476317649416
83907,0.40084655543361003
83908,0.538019746139903
83909,0.2957425725732736
83910,0.2865974444255333
83911,0.4871714643997084
83912,0.4082692971304905
83913,0.416056110643594
83914,0.5542797752681461
83915,0.36159594698673236
83916,0.309936323796022
83917,0.347838570269119
83918,0.4948595400932832
83919,0.47334504085153206
83920,0.48724691577981455
83921,0.34970658978697705
83922,0.2878961924236076
83923,0.4640213711252975
83924,0.6291760869129167
83925,0.49088200390941655
83926,0.5552797637597888
83927,0.4801695775179829
83928,0.3698070429937649
83929,0.3889976177516424
83930,0.5101141692736344
83931,0.3541445396220024
83932,0.5143755315443559
83933,0.3670716416415758
83934,0.4517703321240985
83935,0.49799479853591144
83936,0.30589569733245364
83937,0.5065988558177221
83938,0.3098619527974856
83939,0.4743118484704875
83940,0.47223104248852965
83941,0.47131021873485257
83942,0.3199884595897878
83943,0.3433632805172931
83944,0.5342142703207376
83945,0.292494845107432
83946,0.5589153251750839
83947,0.469330676000717
83948,0.37827913830591214
83949,0.3559997864300998
83950,0.3669471013218023
83951,0.5104276670020785
83952,0.4558499022203846
83953,0.49289876620559747
83954,0.2896646650738037
83955,0.49994752407690124
83956,0.6527765022830414
83957,0.586102862704939
83958,0.47462784825338694
83959,0.28437156656230184
83960,0.45111576207419535
83961,0.46082102412160714
83962,0.4745801386810867
83963,0.5532925130952577
83964,0.5577814024183776
83965,0.491309196800828
83966,0.633568222426779
83967,0.2774557466415385
83968,0.4961067828312051
83969,0.4641320939269952
83970,0.5914255279188885
83971,0.4650134707196206
83972,0.46668951590962865
83973,0.45973187188062775
83974,0.5275382730842171
83975,0.5656199158803464
83976,0.44859789690936597
83977,0.3535717840710877
83978,0.48999093775479907
83979,0.48459130076887413
83980,0.4852659861934754
83981,0.3529250604511099
83982,0.2895637328358662
83983,0.34368995270581565
83984,0.4839801662764839
83985,0.5354287009841207
83986,0.2765560497520131
83987,0.47091719553820516
83988,0.3911956174844192
83989,0.3576478535289012
83990,0.4728230736986427
83991,0.30852562212137774
83992,0.4843674224679111
83993,0.28848229319137
83994,0.48420439685518923
83995,0.4819906775635263
83996,0.28057474202625177
83997,0.29107465201059046
83998,0.5114468834113142
83999,0.5622852873709615
84000,0.5881341504597263
84001,0.6367005660924404
84002,0.568905245373224
84003,0.4800844600544335
84004,0.5513491916495511
84005,0.4947690346525441
84006,0.4911372590699957
84007,0.48246966922785595
84008,0.5441839871264448
84009,0.3388148873108907
84010,0.5669185338975379
84011,0.48528944414316433
84012,0.32271527049414206
84013,0.5162264075691366
84014,0.35353546677210396
84015,0.4662504215485411
84016,0.5515376689174969
84017,0.3008492274454593
84018,0.49041264126928985
84019,0.45509608432373
84020,0.622654632889181
84021,0.4257740240345397
84022,0.5019302377067725
84023,0.4688471699586861
84024,0.33661490290386753
84025,0.3090571321062618
84026,0.3399275987247253
84027,0.5227456656862578
84028,0.3478061351348086
84029,0.3828001001327343
84030,0.49706601909219816
84031,0.48106073382941505
84032,0.573979132851175
84033,0.5280892871878635
84034,0.30794572271985116
84035,0.6008638990868814
84036,0.37564851085742307
84037,0.4605009704036188
84038,0.5285622920507906
84039,0.5550543761501844
84040,0.5091970888780882
84041,0.5598940080500062
84042,0.635954205092203
84043,0.3600392844888791
84044,0.2883291460848009
84045,0.535784785920658
84046,0.5526522412092983
84047,0.31158532589740906
84048,0.370660369124377
84049,0.5583426934365918
84050,0.33814524090650977
84051,0.47094218005367977
84052,0.3454953564009924
84053,0.3763191832526681
84054,0.27792922852198565
84055,0.3592900402227016
84056,0.5383239060820065
84057,0.3151929117465099
84058,0.47213232999657406
84059,0.3890534154150974
84060,0.27221033929895455
84061,0.54870363725647
84062,0.29070915671470937
84063,0.3742476882999175
84064,0.4957413727551401
84065,0.2946739665707225
84066,0.4820717099056042
84067,0.3544684990793114
84068,0.3797012227341953
84069,0.48458954343648
84070,0.5091112222612777
84071,0.5406574687019529
84072,0.47693734006665395
84073,0.5056254701589861
84074,0.3017065205350863
84075,0.5529873028345057
84076,0.6096264850527143
84077,0.32266547323657413
84078,0.5654728384823986
84079,0.5529099200245601
84080,0.4601010297174045
84081,0.366196527993032
84082,0.38960530532331433
84083,0.2993590171389471
84084,0.28544887355467563
84085,0.5580178612745713
84086,0.327593998398939
84087,0.35509759509486466
84088,0.4845216284233857
84089,0.31437786481360275
84090,0.4745437933551325
84091,0.5130012961764044
84092,0.43319804621141494
84093,0.4447023319580553
84094,0.48027395914419785
84095,0.4868073280544129
84096,0.2958797712789536
84097,0.540552038109625
84098,0.4498109682095097
84099,0.5359083229279439
84100,0.4919077329417015
84101,0.3198122362345781
84102,0.5177691570579764
84103,0.5679696992544919
84104,0.4789849620375839
84105,0.4656970873956563
84106,0.5679949618416786
84107,0.46724054025982986
84108,0.5005782841669911
84109,0.5487285753563257
84110,0.5206210586423757
84111,0.6086564923238373
84112,0.28175083448931315
84113,0.30870346051321407
84114,0.3941236786940822
84115,0.28016626356407465
84116,0.40894195618181556
84117,0.4767600999111989
84118,0.45903250981461546
84119,0.34460120900333346
84120,0.29008876030071773
84121,0.4907089902776699
84122,0.3765927599178631
84123,0.5094295651139802
84124,0.508888253910988
84125,0.5494956810839238
84126,0.48049112401002464
84127,0.45040840014554673
84128,0.47715902919407344
84129,0.5559805161256594
84130,0.479461663662792
84131,0.47642364501666357
84132,0.490777249751262
84133,0.30679231408923113
84134,0.5628263537140317
84135,0.46984010949347854
84136,0.5626423625015184
84137,0.3283292282620064
84138,0.35553429505249007
84139,0.33283617714402125
84140,0.47107298378289775
84141,0.6396305002562611
84142,0.5516848357424866
84143,0.5398849861933879
84144,0.4826881173959323
84145,0.3058606301652213
84146,0.39812259759159563
84147,0.30082673763909507
84148,0.30499948109538005
84149,0.48318951753593636
84150,0.3267051611715886
84151,0.5317920823323177
84152,0.4995708348658141
84153,0.5198470254473041
84154,0.29358157271885693
84155,0.35547283680142716
84156,0.5951377610423608
84157,0.46793243235086807
84158,0.5200959990713356
84159,0.3027799203235507
84160,0.4681631360472096
84161,0.5442603057422049
84162,0.34770648091808287
84163,0.47935820492331593
84164,0.5328546662308867
84165,0.29762669949836346
84166,0.3499296020169521
84167,0.4883356058073907
84168,0.4757041849771086
84169,0.2618383953834331
84170,0.2949799156965756
84171,0.6108415763862134
84172,0.3099849389818826
84173,0.5537405917145697
84174,0.6005832044770739
84175,0.5920155012808771
84176,0.4933354184402856
84177,0.4548822321601211
84178,0.5057206097928226
84179,0.5021335233149569
84180,0.6234633410251195
84181,0.30516186910674925
84182,0.31412351474131117
84183,0.5849507732442945
84184,0.46719840172678545
84185,0.3969109571533149
84186,0.5458784945145089
84187,0.45879008447902386
84188,0.5442825417060416
84189,0.48776468139080076
84190,0.48986710102377434
84191,0.3918038727207525
84192,0.6274566340327873
84193,0.5075590474981126
84194,0.4773322203627649
84195,0.5003078629160823
84196,0.4805948613648487
84197,0.4746349375057469
84198,0.33746694462295784
84199,0.5427154168067531
84200,0.3082403445738718
84201,0.4161566477354627
84202,0.48825322312156333
84203,0.49430182086482205
84204,0.4934286403810434
84205,0.6135328680929525
84206,0.5641342470265885
84207,0.30138313179534165
84208,0.5975116248000045
84209,0.5333894969201152
84210,0.5037178286486136
84211,0.30854121072282864
84212,0.3272708166363793
84213,0.4103408871061279
84214,0.2890018930601136
84215,0.4776358138295896
84216,0.5552697344740387
84217,0.456829375754739
84218,0.31146604734383293
84219,0.5169406829300761
84220,0.47241486434606306
84221,0.28061061166080253
84222,0.48912760537097844
84223,0.35348208002557246
84224,0.5379698128191521
84225,0.34727110655227555
84226,0.3508350084925645
84227,0.3627818873302105
84228,0.3484633029508299
84229,0.543584189828299
84230,0.48823043906956914
84231,0.599149439248958
84232,0.47907682438853805
84233,0.2828009918278414
84234,0.357055025807925
84235,0.5054121079901723
84236,0.29934730830583206
84237,0.46599194341473343
84238,0.5341901665775015
84239,0.6148068919668395
84240,0.29198758733604446
84241,0.5150617845755782
84242,0.5632131362302
84243,0.35432670930448557
84244,0.29864101038429997
84245,0.4852443328408264
84246,0.5268481640541468
84247,0.37601367433545363
84248,0.4731585433008357
84249,0.39742878380276486
84250,0.48198265913667593
84251,0.48037421444141243
84252,0.5004191706384686
84253,0.5566566843174016
84254,0.3317847674778964
84255,0.4794992575803939
84256,0.4165032755858324
84257,0.3517399438670851
84258,0.33541299544760245
84259,0.5893674849438844
84260,0.465557386110825
84261,0.5018860831157249
84262,0.5520580656081654
84263,0.3717021659991075
84264,0.5355357013018957
84265,0.5433806050754572
84266,0.35627714711172065
84267,0.5075082956645021
84268,0.3580832542308608
84269,0.5605546849494468
84270,0.5578447310789042
84271,0.4755768484177968
84272,0.4846418279089143
84273,0.3475607952692534
84274,0.3007369027661922
84275,0.5329551962498738
84276,0.5144779221253938
84277,0.30206282900728926
84278,0.4804264453345044
84279,0.48526029907259394
84280,0.638263617943111
84281,0.5605270583769215
84282,0.6421277236341503
84283,0.3940415160960262
84284,0.493403980699482
84285,0.37631120507483734
84286,0.36351351617486544
84287,0.44246953459415367
84288,0.4736488443883625
84289,0.47171320089928487
84290,0.5293656043828242
84291,0.5440326369547189
84292,0.43163301588407654
84293,0.4575713566813257
84294,0.6224529338459439
84295,0.3610702673255565
84296,0.47675600166575594
84297,0.3975565048511654
84298,0.503469586363408
84299,0.3582662344145683
84300,0.3057315538447932
84301,0.32346808830150753
84302,0.3370074928070528
84303,0.30350657302389267
84304,0.5600792801135892
84305,0.5231493721399008
84306,0.4798320168143966
84307,0.48275286749546564
84308,0.2523928062328509
84309,0.29165287656852656
84310,0.40918443220824197
84311,0.29236968824439646
84312,0.4705193049176441
84313,0.4104416732536248
84314,0.29598472641279194
84315,0.4454045513307817
84316,0.29081801789706585
84317,0.479310282072439
84318,0.39587842328726713
84319,0.48403773686809065
84320,0.45577659782184754
84321,0.5500903668609858
84322,0.35944294313227504
84323,0.49300939166671864
84324,0.29593294041101736
84325,0.2977971238340406
84326,0.28900932756355574
84327,0.4782276066266432
84328,0.46282476320027216
84329,0.5759271594835581
84330,0.4705319080189125
84331,0.6061670596662956
84332,0.5301472255202773
84333,0.49203896318136825
84334,0.504565132759384
84335,0.5098157551832455
84336,0.3605794124815122
84337,0.29415830481738015
84338,0.362935623574943
84339,0.4912519734169998
84340,0.3077485217941421
84341,0.6093918618925848
84342,0.48369095435414
84343,0.46888131632016616
84344,0.3621598645891618
84345,0.5315392821032756
84346,0.5480595533966706
84347,0.35997681224008704
84348,0.5267826122644322
84349,0.30030695067051577
84350,0.46909713005204146
84351,0.3524922737769065
84352,0.5585373711085946
84353,0.43991168788759505
84354,0.36062498603818594
84355,0.4949189824971275
84356,0.3224172828702694
84357,0.3989131374649042
84358,0.36931832017126076
84359,0.4825618525274664
84360,0.547407740452018
84361,0.3061694462243683
84362,0.4140174129629345
84363,0.48512099723088553
84364,0.5853403338122557
84365,0.290836039778004
84366,0.36621458562733333
84367,0.5830889378250623
84368,0.4793803981333268
84369,0.5004650244008005
84370,0.30950336048339905
84371,0.4878931492274257
84372,0.46437324749819997
84373,0.3700149877589248
84374,0.4654595653797653
84375,0.3469316468386686
84376,0.321408754574915
84377,0.25536034108861977
84378,0.46436799341004376
84379,0.5955369622379256
84380,0.4872462644462616
84381,0.38312343230450263
84382,0.4684443348609985
84383,0.47352765391594837
84384,0.5742482845856343
84385,0.5663332033414913
84386,0.5658481051110588
84387,0.5069032955772822
84388,0.3383724047472007
84389,0.47138210755076254
84390,0.4887482737066386
84391,0.331915247759692
84392,0.5315629920809382
84393,0.49980730328941675
84394,0.469179235905088
84395,0.3299650750146189
84396,0.5953289669345172
84397,0.30708727982155376
84398,0.3176970241623468
84399,0.4994654844015041
84400,0.49208229031357215
84401,0.47926348178548533
84402,0.465219454682865
84403,0.5325435882668956
84404,0.5165932942522475
84405,0.5501243522615762
84406,0.3625448370665122
84407,0.4619528836042216
84408,0.46823388895963247
84409,0.5929428858381314
84410,0.42805225258294044
84411,0.30692574043356546
84412,0.40075428492052884
84413,0.5761513691601672
84414,0.4674660472662577
84415,0.4775010133055573
84416,0.49972703221271325
84417,0.45018318100323235
84418,0.3077873877663357
84419,0.34650049669037547
84420,0.28962235676952314
84421,0.5099026628740553
84422,0.5439084019218648
84423,0.34215514794879115
84424,0.5766633174292694
84425,0.34564015432539663
84426,0.3598773070278975
84427,0.5536479477174134
84428,0.3623264252653137
84429,0.6073604316683603
84430,0.5027693037066588
84431,0.28316705540761333
84432,0.47788176691914697
84433,0.393165043029846
84434,0.47038551823550706
84435,0.4573213149753387
84436,0.3642013518655471
84437,0.5361330468304217
84438,0.28978475735599746
84439,0.6036761236304794
84440,0.3177447196973515
84441,0.3080397608144614
84442,0.28291019631859443
84443,0.4869230157812814
84444,0.3554233489448285
84445,0.48487250939955384
84446,0.5461346768531107
84447,0.3471804596227591
84448,0.33780738395952564
84449,0.3493296665285335
84450,0.526720474900092
84451,0.5438549850194
84452,0.47966258054451866
84453,0.30723810542339425
84454,0.5617447029455188
84455,0.5155313131653066
84456,0.5646431639752377
84457,0.4832986963474907
84458,0.32789833605264856
84459,0.5155946315298778
84460,0.3923248148983488
84461,0.6083903045893411
84462,0.48142244959631697
84463,0.26735727493534933
84464,0.28475547540141294
84465,0.4716422727782456
84466,0.5514353475772061
84467,0.5632726801507082
84468,0.5878374203177023
84469,0.4820755043226883
84470,0.5546568522347389
84471,0.3774229353163765
84472,0.2884713464103589
84473,0.5947390237646619
84474,0.3544130756853132
84475,0.5482004040087115
84476,0.47472969080533883
84477,0.3027418486243268
84478,0.27460059463866776
84479,0.3157424240538984
84480,0.5278544347392772
84481,0.45564877700070433
84482,0.35732520749399477
84483,0.4820591564804014
84484,0.40297074678391515
84485,0.26959893556525205
84486,0.48381025634205305
84487,0.6184448513975569
84488,0.45684518233700094
84489,0.3744377246199486
84490,0.5840538886147293
84491,0.32034907836724547
84492,0.4683923256138622
84493,0.6381218923905992
84494,0.5058278213292919
84495,0.5016133209326322
84496,0.30272807913812877
84497,0.4916494215341776
84498,0.4817075172189052
84499,0.4749549064414733
84500,0.47611499384016587
84501,0.331864979708397
84502,0.4814479034036078
84503,0.5535733806142161
84504,0.48555077330722757
84505,0.3957227843625005
84506,0.7057828171168132
84507,0.6117983449174852
84508,0.28930655317090526
84509,0.2896475617438918
84510,0.5399362994761491
84511,0.4817484880936284
84512,0.49221143964281405
84513,0.35181834436261555
84514,0.5157772436396223
84515,0.4673221279844433
84516,0.440211656761691
84517,0.48541910520997283
84518,0.45393076344180744
84519,0.2763537629111869
84520,0.49615411001060883
84521,0.4454651012264397
84522,0.38269473637807677
84523,0.2932377721824821
84524,0.541730718093784
84525,0.4757914179487448
84526,0.4685132870170464
84527,0.35547881854384655
84528,0.37903631775134244
84529,0.5558546602418887
84530,0.3497206574038981
84531,0.5875054876500505
84532,0.469325655951153
84533,0.4095490953527882
84534,0.5995019067442985
84535,0.3245413945047942
84536,0.5544167143675423
84537,0.2963061945331568
84538,0.6072553235013983
84539,0.4842520926119951
84540,0.467270991091694
84541,0.5153061744035369
84542,0.6063246086007141
84543,0.3594657952441123
84544,0.37389040599358814
84545,0.5233629785427903
84546,0.48765656778074584
84547,0.31481740395448854
84548,0.3019830823624673
84549,0.578777401299323
84550,0.30344156487048046
84551,0.5515721608459855
84552,0.4798861913880678
84553,0.33612134608222594
84554,0.4999122782827885
84555,0.29700484870267246
84556,0.4760161694388972
84557,0.3192981626122664
84558,0.480168957695534
84559,0.49538540878805276
84560,0.5802284471022844
84561,0.47477654235509786
84562,0.48520316287993714
84563,0.5400918201955652
84564,0.34986601963508424
84565,0.544909465032293
84566,0.3694326000171841
84567,0.4636812057367497
84568,0.4115292263958805
84569,0.47331474112137245
84570,0.5878160708536915
84571,0.44656695198967544
84572,0.47921876585715295
84573,0.46867243214120746
84574,0.6174530527929328
84575,0.6517911143961337
84576,0.39100579588687095
84577,0.4770393590251063
84578,0.5047246814489954
84579,0.5920124775405973
84580,0.2931187034229525
84581,0.3146752053541564
84582,0.3924632505510741
84583,0.5528156519215303
84584,0.47623391915640023
84585,0.4866228147964846
84586,0.36015348933577396
84587,0.42689345863125805
84588,0.5201053464771425
84589,0.474620992835184
84590,0.2933930729062007
84591,0.40183518343621
84592,0.30620295837968015
84593,0.5522364973453388
84594,0.5554857230551272
84595,0.47925959955473607
84596,0.47792334845962725
84597,0.48338424199457936
84598,0.30799248358199854
84599,0.5568743531931495
84600,0.6055762851027878
84601,0.5027226832989169
84602,0.5526134014669607
84603,0.37711749191320887
84604,0.47246412710046964
84605,0.30357045590365095
84606,0.3243722790141935
84607,0.48466818869724265
84608,0.27812578388679465
84609,0.42119676115762006
84610,0.5788218187693823
84611,0.49589881323961976
84612,0.44451623752942787
84613,0.5581414956986066
84614,0.40659287526725246
84615,0.4786110996852697
84616,0.38280592257307555
84617,0.6400227034327078
84618,0.4240033983833045
84619,0.5830755362018456
84620,0.5943203835446702
84621,0.5247467162539369
84622,0.3428562865234619
84623,0.468191408612004
84624,0.5268709682782717
84625,0.28723544858413863
84626,0.29661073306432345
84627,0.35424556791170136
84628,0.28371550398516154
84629,0.47233220439785795
84630,0.3620209445391932
84631,0.5031064028174419
84632,0.5164680165285805
84633,0.4536698672253172
84634,0.33691237472633506
84635,0.5117621157960095
84636,0.3045233581373897
84637,0.26663980709395363
84638,0.40642859819455884
84639,0.2940629932491044
84640,0.503491172054254
84641,0.5314212984650288
84642,0.3471500877358215
84643,0.30449138169095874
84644,0.5645587727503573
84645,0.4920646649505705
84646,0.3649953856716772
84647,0.4779557779852456
84648,0.4031733023511809
84649,0.5505356265945537
84650,0.3121809316786604
84651,0.5924257720999976
84652,0.5385583423036326
84653,0.5195393184315966
84654,0.5487443622659054
84655,0.48738237956765423
84656,0.44332528125879805
84657,0.38741995312179667
84658,0.5169676584213984
84659,0.4864396685489404
84660,0.34983181288982024
84661,0.5043122912382053
84662,0.4095985499668601
84663,0.5418365944884017
84664,0.2986549722167737
84665,0.36449845870086217
84666,0.5633814235772088
84667,0.48735437911292967
84668,0.306901828725988
84669,0.28031501377951595
84670,0.5424256959483265
84671,0.5584832129934797
84672,0.49007345850476913
84673,0.3010684101346239
84674,0.372060786991622
84675,0.4704108961491893
84676,0.4665112013551301
84677,0.3641934657103514
84678,0.3022240983313386
84679,0.5174314657379873
84680,0.31456574083182076
84681,0.3522527575349978
84682,0.6048019251364007
84683,0.4686769103225702
84684,0.5500072768987019
84685,0.47995334447488247
84686,0.36713481052905367
84687,0.3508442666272609
84688,0.5008816103630744
84689,0.5656759668248865
84690,0.4591686604446934
84691,0.527327024229333
84692,0.5268021377409415
84693,0.6194927275298181
84694,0.47585390751786844
84695,0.30173776300190325
84696,0.47908274838005444
84697,0.5559349816626761
84698,0.29351709253634534
84699,0.4028788367323174
84700,0.42240869005854115
84701,0.4746804374769985
84702,0.5432315506641731
84703,0.5501136011396908
84704,0.5515767044464325
84705,0.5787329876644476
84706,0.3500131330684546
84707,0.3675143257239865
84708,0.4192205152150068
84709,0.3879054511333661
84710,0.5923089832391173
84711,0.5566926495491727
84712,0.3039677156556519
84713,0.6083385016945753
84714,0.35936930107289566
84715,0.6035393104481869
84716,0.3027755952491158
84717,0.5340300231166992
84718,0.49567137716439885
84719,0.32836675655091024
84720,0.34946745203024904
84721,0.3006044914111943
84722,0.36683143076628455
84723,0.30365899231250676
84724,0.5590621929980459
84725,0.4844005066432827
84726,0.5409584789677081
84727,0.3013949063830227
84728,0.48385058946481935
84729,0.6359345846434381
84730,0.3647140478253
84731,0.34259346376128674
84732,0.4799952346481476
84733,0.43683140012533994
84734,0.3031614951916497
84735,0.47855625479366204
84736,0.48137162954935614
84737,0.5301712121923657
84738,0.36947766684593314
84739,0.41419698392649684
84740,0.48211007336194417
84741,0.31155954536020875
84742,0.34357778544311274
84743,0.5571033666986412
84744,0.2688072166981457
84745,0.5592041185679969
84746,0.3047212954271683
84747,0.6310134094988629
84748,0.5379264116287708
84749,0.40690297341402437
84750,0.5433281180147116
84751,0.45955968101224537
84752,0.46517570329944985
84753,0.6127436370214632
84754,0.5386996002212344
84755,0.5728771805674413
84756,0.39650665106325705
84757,0.3949333239527874
84758,0.5613254302003144
84759,0.38992006369957916
84760,0.3094434336203989
84761,0.4552050815228187
84762,0.6050457261663786
84763,0.45405794253424303
84764,0.3954907798504835
84765,0.501459574492445
84766,0.30601665607239076
84767,0.3956828532880395
84768,0.3403975024962701
84769,0.48956319786822394
84770,0.4836351213806534
84771,0.48666934585150806
84772,0.46292860416309567
84773,0.3105464125129203
84774,0.35498650719761754
84775,0.30881374947400153
84776,0.301715611119477
84777,0.4158055870694546
84778,0.5405732888547453
84779,0.47403489301038454
84780,0.4994268446406288
84781,0.33157278520461947
84782,0.4763458411759776
84783,0.3668223692040881
84784,0.47892308931610517
84785,0.49886554754863244
84786,0.5761284064497147
84787,0.3533382173095743
84788,0.5661888844506179
84789,0.4835988740635734
84790,0.5672381969853604
84791,0.4139154582589859
84792,0.5256217346993485
84793,0.46703089135494363
84794,0.573283286448788
84795,0.5141103060214814
84796,0.48331914462570774
84797,0.4688542723208629
84798,0.2843745170006121
84799,0.2953242162846326
84800,0.663398795633269
84801,0.5624176537798045
84802,0.48847579046640727
84803,0.48259975729493315
84804,0.48065140035135046
84805,0.34794162672405393
84806,0.3442328781318132
84807,0.3433035088982709
84808,0.30886571583819666
84809,0.5006826662982911
84810,0.3878504584271883
84811,0.46035192883229437
84812,0.4804524663664566
84813,0.48401481521699025
84814,0.48912906880641904
84815,0.4122453560918925
84816,0.5357771237999519
84817,0.4813380123211574
84818,0.30182037265998013
84819,0.27193488001688937
84820,0.5311018849854051
84821,0.4723104208668334
84822,0.6019459515378062
84823,0.39833033015584995
84824,0.4923322098666374
84825,0.3673343944849104
84826,0.5026476987741747
84827,0.42382564901335257
84828,0.4618245211982406
84829,0.47558496857915994
84830,0.4706808064313487
84831,0.4898843875803187
84832,0.5247725356204775
84833,0.5018208527514775
84834,0.47750125923967
84835,0.29189305712368147
84836,0.5963615396601868
84837,0.3043224972514276
84838,0.30937066369686356
84839,0.5772085118742732
84840,0.5324606259393011
84841,0.3196754599191295
84842,0.45929824612930076
84843,0.36504791161616573
84844,0.5631759901848076
84845,0.5560843215914366
84846,0.4822472490032914
84847,0.3045137618121496
84848,0.4710475332930513
84849,0.5417901380659095
84850,0.4772842094114815
84851,0.27040344935387106
84852,0.5774368556083315
84853,0.36415890616118973
84854,0.45651643390538227
84855,0.5265852088645792
84856,0.5518862555297628
84857,0.5482571513765128
84858,0.7050542258272409
84859,0.545808184566001
84860,0.5534587376307459
84861,0.4529434948844594
84862,0.3862413457543818
84863,0.5610962275821293
84864,0.30144663713299047
84865,0.2994922498832248
84866,0.3510784275908226
84867,0.48820580819994963
84868,0.40493879940659805
84869,0.4606071285005457
84870,0.4842349897064938
84871,0.5397451954893974
84872,0.6123655897703778
84873,0.35209761828038816
84874,0.5046798894068381
84875,0.4690608656637151
84876,0.48431635193026085
84877,0.34587589565520094
84878,0.3759572869824395
84879,0.4769597793660192
84880,0.29762594696853384
84881,0.47860884658086256
84882,0.4654497370625418
84883,0.5275189958600396
84884,0.4385056436589373
84885,0.4626657907813486
84886,0.32302512561189595
84887,0.5457264250972176
84888,0.3039250553188808
84889,0.4796472629030884
84890,0.5291583763906639
84891,0.43534980528328293
84892,0.5188258730379169
84893,0.5928054698079368
84894,0.3155116939745917
84895,0.33912570676514797
84896,0.4941126283259473
84897,0.31973555054754055
84898,0.5556184110522348
84899,0.49025422317693
84900,0.5479463842505801
84901,0.47459066413646894
84902,0.46179638620351887
84903,0.542295994236946
84904,0.30721640251371285
84905,0.49219767764767514
84906,0.2988168858622327
84907,0.3057096119407839
84908,0.6137955640415641
84909,0.6331607439544176
84910,0.47741780428263725
84911,0.30969973277804097
84912,0.46602656705416284
84913,0.2797191091625225
84914,0.3955692193757572
84915,0.4589630982282904
84916,0.5658457339996287
84917,0.3365883102002396
84918,0.5433443833834672
84919,0.5395219345292973
84920,0.3740073989714022
84921,0.5061193905438884
84922,0.5375393832984653
84923,0.38838187545095604
84924,0.47784644451983066
84925,0.5286928171794354
84926,0.3466776412685409
84927,0.5858946892836698
84928,0.3035276030164522
84929,0.3654645833350679
84930,0.5421157168899148
84931,0.5482166253199886
84932,0.6082726417653918
84933,0.47467803476399617
84934,0.5096826701042773
84935,0.5389929688011122
84936,0.3431629606137766
84937,0.46904863271987296
84938,0.35305090011701923
84939,0.27876808131148806
84940,0.4829715070518478
84941,0.47126293761039695
84942,0.2877476541422948
84943,0.49144043063086906
84944,0.2831631685886974
84945,0.27400367826724586
84946,0.5390405775051941
84947,0.48140566055030964
84948,0.588348521808338
84949,0.34599145506164264
84950,0.5096340716547069
84951,0.4771054177099621
84952,0.3034977531826283
84953,0.5149323564580875
84954,0.4112619533545413
84955,0.4726073007213093
84956,0.320329053118952
84957,0.4840669115341748
84958,0.47865265939965956
84959,0.5828360227338262
84960,0.3061684472264708
84961,0.513565768692253
84962,0.3107740497446096
84963,0.6140312343653761
84964,0.5629625169730519
84965,0.3430200741226703
84966,0.6216145304189292
84967,0.5473179102426318
84968,0.4855338746584671
84969,0.30702195323088316
84970,0.5707470540501813
84971,0.36270040266836867
84972,0.5391915271640042
84973,0.5853454316166066
84974,0.3904230437433982
84975,0.3903206351799574
84976,0.4594671933512168
84977,0.4265974795637845
84978,0.47190015688907094
84979,0.36070008410317655
84980,0.27655594623508656
84981,0.6238500907988517
84982,0.5649424905036606
84983,0.40101393631385457
84984,0.30793254353908506
84985,0.4648231332215384
84986,0.4961416436851828
84987,0.5352523474629013
84988,0.5188137056773264
84989,0.4699650880611171
84990,0.5581975059314512
84991,0.38455305257009115
84992,0.550298144890118
84993,0.3009776482881957
84994,0.5554082897385013
84995,0.5230044295623806
84996,0.464730640754463
84997,0.4914410649523453
84998,0.5203805648048864
84999,0.3246792245200178
85000,0.5122051376554402
85001,0.4827377619645982
85002,0.5126132567661539
85003,0.34710623927038015
85004,0.3734406902234458
85005,0.3279122913715368
85006,0.5008212126707713
85007,0.2858209340004191
85008,0.3066426686426497
85009,0.48963400126939366
85010,0.3752892229100878
85011,0.5796131921200878
85012,0.46802852719852783
85013,0.34561260015397255
85014,0.29645321532099633
85015,0.3064714906778472
85016,0.5440987327493926
85017,0.47849931889834524
85018,0.5612499824195684
85019,0.3462869130286181
85020,0.4105634384008167
85021,0.39796301542629314
85022,0.4791694869691417
85023,0.30384772749324673
85024,0.36554901076723967
85025,0.3123700378689849
85026,0.30906334536702623
85027,0.5721895825695247
85028,0.5093489786341434
85029,0.3244670529475417
85030,0.3550097526390507
85031,0.4482631660599624
85032,0.3545957182124741
85033,0.5020119683624752
85034,0.48057833103384984
85035,0.3118816278235153
85036,0.5559345429956726
85037,0.3316538695659344
85038,0.49370188544270505
85039,0.5386923406298845
85040,0.4589081680603129
85041,0.5195917735967911
85042,0.5815773231731781
85043,0.42788700745212654
85044,0.4648729314691592
85045,0.6102970391817714
85046,0.45983423595158734
85047,0.3043405362827216
85048,0.36706883562075493
85049,0.48344162426493814
85050,0.4915490203840475
85051,0.411826110263887
85052,0.5040036567168856
85053,0.47187989800864083
85054,0.3529074904318671
85055,0.5597678906537186
85056,0.44219104722475777
85057,0.5107934338994081
85058,0.40519513791817957
85059,0.46144995167426933
85060,0.3473208073674131
85061,0.338657659291285
85062,0.38552930415754155
85063,0.6076485184415745
85064,0.5192555906747022
85065,0.4717102481035003
85066,0.3979301468995468
85067,0.5102309376908106
85068,0.6310499931205306
85069,0.45794011746795527
85070,0.37370209411679933
85071,0.49555027140804125
85072,0.5430929326505901
85073,0.3114406345606176
85074,0.6434090166799271
85075,0.28494897824709325
85076,0.4607331953701681
85077,0.3137940034705046
85078,0.3569897624324123
85079,0.5599596014670054
85080,0.31193062245590375
85081,0.5517878200650483
85082,0.47158610892723624
85083,0.47254283886246284
85084,0.29483136883802874
85085,0.4815680403216287
85086,0.3340368830686209
85087,0.4777974052248529
85088,0.3549514652930188
85089,0.46624292378532217
85090,0.4671828438235082
85091,0.29487012431852533
85092,0.2936191897639647
85093,0.5803520880800461
85094,0.5919551298165296
85095,0.35173950497345013
85096,0.5876510083469701
85097,0.4820942654153075
85098,0.48382398377846475
85099,0.39936975201676034
85100,0.4527737317765078
85101,0.3698801208492925
85102,0.36073095438205344
85103,0.2889769243848882
85104,0.47087297558482116
85105,0.47018770776214597
85106,0.5561435062369939
85107,0.4635972428018144
85108,0.2966513688346134
85109,0.517582309963442
85110,0.4728328132741811
85111,0.3008984375218018
85112,0.4819493592549357
85113,0.32118021444982786
85114,0.42490250722421924
85115,0.45159674849283094
85116,0.5771040167877746
85117,0.2846496762637159
85118,0.46807677696985805
85119,0.47356889339764074
85120,0.5766374052704291
85121,0.5158632843049262
85122,0.43771683210442913
85123,0.35178705033851343
85124,0.37516463806251105
85125,0.27524112339783435
85126,0.5511697083932293
85127,0.5181512191370604
85128,0.2822646489185414
85129,0.5073057110490855
85130,0.3576232910003729
85131,0.4097384135224438
85132,0.297291000208696
85133,0.48544464923365416
85134,0.41714406887165956
85135,0.3068370024887924
85136,0.5601074380035681
85137,0.3523610185736381
85138,0.6264160233496937
85139,0.5638416161608473
85140,0.324637196528953
85141,0.4709168752650284
85142,0.48391130683366074
85143,0.32618973285819575
85144,0.4991754275279759
85145,0.4964502821308875
85146,0.5310397621760408
85147,0.6201850008595019
85148,0.31196787155942285
85149,0.4892734135856669
85150,0.46888045386927596
85151,0.28950852197445737
85152,0.31472605465856374
85153,0.5917045800679495
85154,0.5107525777474738
85155,0.5973589648142217
85156,0.34435988094006514
85157,0.5429312894646929
85158,0.3715295292433444
85159,0.5577585837104466
85160,0.4203102476063811
85161,0.36813656991876464
85162,0.4863206972550593
85163,0.47576105184116424
85164,0.581959069097297
85165,0.5397752238958934
85166,0.3130613091192041
85167,0.3227546069048594
85168,0.5533060901425269
85169,0.5171859058647499
85170,0.47348758592166185
85171,0.4716697635455301
85172,0.5120282392336795
85173,0.30125104449407364
85174,0.31555803369396773
85175,0.6121910589722436
85176,0.34799967934530357
85177,0.29955237625275566
85178,0.5105843395566831
85179,0.39320660868382057
85180,0.5722600851150849
85181,0.5954704825169421
85182,0.4597144829963286
85183,0.35925294520710044
85184,0.47209030226631193
85185,0.49268487811477746
85186,0.3714461962071799
85187,0.5592092547706571
85188,0.3558519558019292
85189,0.37819393958771097
85190,0.6143113071388437
85191,0.47879448023774007
85192,0.3615443210348581
85193,0.4683876954325766
85194,0.498524260097721
85195,0.5197411073620914
85196,0.293739836209818
85197,0.30609742325276
85198,0.5464808362729292
85199,0.5493611034168175
85200,0.5032199009142024
85201,0.36948831926835846
85202,0.558681582147698
85203,0.4755621711372597
85204,0.5123647431201495
85205,0.2920790209976804
85206,0.5763259518794512
85207,0.3882716201996992
85208,0.5795412066230812
85209,0.31412059985540197
85210,0.4199949889427892
85211,0.4621502022284346
85212,0.35654829865821275
85213,0.28590884004301553
85214,0.4901702822634944
85215,0.5330236700828768
85216,0.33993412331827993
85217,0.5780425566790857
85218,0.35217870595711487
85219,0.312420425021614
85220,0.5296277361349505
85221,0.41652026267058695
85222,0.46590945463541655
85223,0.45768992007952825
85224,0.29843877393328744
85225,0.6075324958291138
85226,0.4723663319534579
85227,0.3339715011043774
85228,0.29454145616810146
85229,0.3109088780695047
85230,0.5472179684046706
85231,0.5043842685159534
85232,0.4762297569274024
85233,0.5628705504926933
85234,0.4630380412561364
85235,0.3407148884628126
85236,0.4326674237676706
85237,0.4476541628434206
85238,0.36330223339974876
85239,0.49624363733937377
85240,0.571421099655781
85241,0.36040084325009064
85242,0.6174800922047979
85243,0.37696702763414747
85244,0.5497200678471378
85245,0.47999846569356425
85246,0.3051384097021807
85247,0.5981249737416702
85248,0.3738739026210123
85249,0.2674827399884412
85250,0.5015865778392157
85251,0.2818078861384593
85252,0.5745308488845455
85253,0.47897410365915283
85254,0.2984375656539551
85255,0.5256313185537392
85256,0.578667055858793
85257,0.35283931995297174
85258,0.29322429696225144
85259,0.29091906253882427
85260,0.45874368807096916
85261,0.6281257674802746
85262,0.5806021442474316
85263,0.479324657847444
85264,0.45285154081087037
85265,0.6257760896052172
85266,0.3619124590176134
85267,0.5102097689067013
85268,0.31353630234596314
85269,0.4913049397337783
85270,0.4151683874736675
85271,0.4677920385677367
85272,0.5202669198574666
85273,0.4875921127972719
85274,0.3637631657663138
85275,0.44771116344654305
85276,0.31280899657450134
85277,0.2879770854166545
85278,0.3690238621428152
85279,0.48766152390571144
85280,0.47840449080929104
85281,0.5606410201043608
85282,0.4913621068504441
85283,0.5876801268167604
85284,0.6204993741883809
85285,0.4912000224655571
85286,0.4925714697868941
85287,0.29941804931125005
85288,0.29640142899431693
85289,0.4209191984537869
85290,0.30484204076578575
85291,0.3684666372184491
85292,0.5909453677007016
85293,0.49113953102091285
85294,0.3740587614545698
85295,0.49291539180597754
85296,0.3349895413311546
85297,0.5610371683237806
85298,0.45620387734915396
85299,0.46979214918017315
85300,0.5392191902705682
85301,0.31360479635712285
85302,0.436647078981587
85303,0.22169266410712832
85304,0.36881368018065375
85305,0.5827798202881134
85306,0.46716750307206295
85307,0.3115451725909419
85308,0.47512931759407995
85309,0.398285146334349
85310,0.4101162162992602
85311,0.4762259033600737
85312,0.4702383813053002
85313,0.5706290668147816
85314,0.3531666627762101
85315,0.3005115758482834
85316,0.5511542967475042
85317,0.468718640378188
85318,0.1745563929480998
85319,0.5947607330296548
85320,0.4443059769849685
85321,0.5482570546330819
85322,0.35564501400096626
85323,0.6399344671414913
85324,0.5573075352424379
85325,0.5834426035096999
85326,0.46974358605250965
85327,0.3433985110696221
85328,0.4263293478425377
85329,0.31309376057051697
85330,0.478555836069934
85331,0.25132781172829566
85332,0.6272113205025087
85333,0.4961731519079969
85334,0.5686933605141842
85335,0.47286746424221116
85336,0.3797407412117966
85337,0.30813925487559596
85338,0.47720634654495786
85339,0.5130228812447691
85340,0.46512871512330534
85341,0.3629635031524434
85342,0.4470626182921084
85343,0.303104739562437
85344,0.5483192543843973
85345,0.2779010860626786
85346,0.5724360264768756
85347,0.5012073404564005
85348,0.4789717676366919
85349,0.5266790983366101
85350,0.49377540231726175
85351,0.5953797493020864
85352,0.36634639340103103
85353,0.5670413909783749
85354,0.593093367120199
85355,0.5629289307782126
85356,0.5797608562277673
85357,0.47579595615669285
85358,0.4594764838293568
85359,0.6055500619303017
85360,0.5479017640672513
85361,0.38789178423350434
85362,0.3638343804348991
85363,0.47862222762995066
85364,0.3659921811572591
85365,0.44228731755462036
85366,0.40762839900410636
85367,0.26972334731594794
85368,0.4753238009290655
85369,0.5365178804751198
85370,0.5014794888386604
85371,0.55357177163039
85372,0.32603043022769645
85373,0.3065333247289299
85374,0.40217158244092627
85375,0.5913284486843059
85376,0.2999343376620676
85377,0.4035348379077828
85378,0.5184094976781487
85379,0.29827162445735134
85380,0.3458826184232388
85381,0.29876565114754083
85382,0.36609210688841465
85383,0.3605878972481933
85384,0.4578795473925375
85385,0.40887145699326166
85386,0.5594786470418008
85387,0.48334293542125023
85388,0.589845965119165
85389,0.30780731638706343
85390,0.43643810287278967
85391,0.5609640082957443
85392,0.35476496532546437
85393,0.46265245465944405
85394,0.5106501488233832
85395,0.5174927127142107
85396,0.6355288487216757
85397,0.6114493027233759
85398,0.40727808603923604
85399,0.45945840700088775
85400,0.4944225411149315
85401,0.29167326944237665
85402,0.5018522883389794
85403,0.5609127005558378
85404,0.5610260726887172
85405,0.5613553479158433
85406,0.5617673431938269
85407,0.5476459637667852
85408,0.5334220036716564
85409,0.4717743501234551
85410,0.5265213456390665
85411,0.49727938443186886
85412,0.2956898480168931
85413,0.5620590406692064
85414,0.49117476957059547
85415,0.5032017253801143
85416,0.34607049788645433
85417,0.31823090515189023
85418,0.5692412748698028
85419,0.5071841294224585
85420,0.5863672689416787
85421,0.31504163538470636
85422,0.4782210903053804
85423,0.48875342469585814
85424,0.543056492805894
85425,0.48312317355255585
85426,0.36383433374406793
85427,0.6178371515541243
85428,0.4356372177468207
85429,0.6172524336530093
85430,0.463748118505288
85431,0.30027673369636165
85432,0.49680405493895213
85433,0.5081587771873614
85434,0.5031413499142942
85435,0.34650747181637176
85436,0.392910049140742
85437,0.3855997520725567
85438,0.46284909391752543
85439,0.3017244128603624
85440,0.49684394716512115
85441,0.5072435659603951
85442,0.4287804612937524
85443,0.47495822158326756
85444,0.4707058689276785
85445,0.3220124292261907
85446,0.5622430878568714
85447,0.3392010811368555
85448,0.37341272632818995
85449,0.3073594295652201
85450,0.46722741344634927
85451,0.6598790164299835
85452,0.4828775330457631
85453,0.46919620726517375
85454,0.4927557432180872
85455,0.45699585202597354
85456,0.36522652438857844
85457,0.33820692689729004
85458,0.3260890781733549
85459,0.6053152496539824
85460,0.46177953743199185
85461,0.36674431059413615
85462,0.5302110962281319
85463,0.47932182995486594
85464,0.4895394355612817
85465,0.5092863723480164
85466,0.43887302270152345
85467,0.34421919133690415
85468,0.5335346923770256
85469,0.4689524780605144
85470,0.34083729676754376
85471,0.5601036672257258
85472,0.47961729916135276
85473,0.4584769234048217
85474,0.4823463253541726
85475,0.3758599140210692
85476,0.4676999297569829
85477,0.6427559322474816
85478,0.4717815807203358
85479,0.35085765900099425
85480,0.5347773559926177
85481,0.3955649327068439
85482,0.5750445506154949
85483,0.2802154542264119
85484,0.4711044191829082
85485,0.4248703730317263
85486,0.6404388802705215
85487,0.371687322782951
85488,0.4723513320473586
85489,0.3652867462343502
85490,0.2842638531281757
85491,0.5242231877137463
85492,0.4662719145590384
85493,0.35931485766421706
85494,0.5645748031890927
85495,0.45720568368975373
85496,0.46093559253876965
85497,0.5742881709764205
85498,0.31345944134996573
85499,0.4491356590041272
85500,0.5722036947962974
85501,0.465311140800732
85502,0.466340205390524
85503,0.3038971278786002
85504,0.4966894639698277
85505,0.5187923642050735
85506,0.3459136258322131
85507,0.35498842887797677
85508,0.3574421276416964
85509,0.4808165270566306
85510,0.3521369053459214
85511,0.4637255462526318
85512,0.28265188096500726
85513,0.49500410857890953
85514,0.5372197860511052
85515,0.40418189698407103
85516,0.47265017098726403
85517,0.5578470365205813
85518,0.3710787414945597
85519,0.5838707191972783
85520,0.4753945289772423
85521,0.4310726971001012
85522,0.3047068162678153
85523,0.4691352997500697
85524,0.4717723891644183
85525,0.46127268137692323
85526,0.5447725334433507
85527,0.2704399440193169
85528,0.35066390521385243
85529,0.47205084915348516
85530,0.47812011613131666
85531,0.4086139893759453
85532,0.5839290059152569
85533,0.5805087987887838
85534,0.6122850259151446
85535,0.4900443367050179
85536,0.5577677355776227
85537,0.34601144015415924
85538,0.30840740410883316
85539,0.311505336158929
85540,0.47168204958263255
85541,0.47341434541521155
85542,0.48708024360351326
85543,0.594754613221527
85544,0.6434325327139212
85545,0.6138867938546461
85546,0.4560600725351059
85547,0.42112605439159567
85548,0.29246343152372356
85549,0.4920708265139476
85550,0.45691599963443635
85551,0.3442130508823307
85552,0.43571137525067577
85553,0.4077104981231027
85554,0.5332020041322522
85555,0.4850162141759517
85556,0.536885689427073
85557,0.310456860467071
85558,0.58795563470997
85559,0.36284396581711803
85560,0.2986222534694543
85561,0.46942518182013676
85562,0.49918429985219176
85563,0.48521666157820065
85564,0.5513436332499737
85565,0.3195953037951651
85566,0.48287621181970064
85567,0.2670820443668594
85568,0.5689245072515203
85569,0.5092906765569294
85570,0.47597833722557165
85571,0.5226854526895364
85572,0.511021628958889
85573,0.3746262180486158
85574,0.3812029368439526
85575,0.5952084768011142
85576,0.33824124833357927
85577,0.3638476546812755
85578,0.25768177611359394
85579,0.5203773563515215
85580,0.48534894077589547
85581,0.5149514784866979
85582,0.351614577385428
85583,0.3762261213655162
85584,0.3638473055567943
85585,0.5525685872670266
85586,0.36044309908651306
85587,0.3496562704950598
85588,0.4783473312232038
85589,0.5567527592008711
85590,0.4729258142253017
85591,0.387580164514975
85592,0.512156766729283
85593,0.3705455129655035
85594,0.5905566577130833
85595,0.3025866990295417
85596,0.6016119508933266
85597,0.40921986642610864
85598,0.35245441292551855
85599,0.5780652624125855
85600,0.48042161426034813
85601,0.5115829433787187
85602,0.6024026719610813
85603,0.4845267593253064
85604,0.2677335422635941
85605,0.306965584122286
85606,0.358807263368267
85607,0.3271919470281645
85608,0.35871012804449603
85609,0.4697922863719914
85610,0.3084790143490526
85611,0.6125845077617411
85612,0.4657386045583153
85613,0.5694997094514662
85614,0.6228519569214038
85615,0.5453699930931062
85616,0.3237595333777967
85617,0.5692333639132537
85618,0.48510875832804506
85619,0.5397910948334119
85620,0.5580234264788074
85621,0.47050333323593224
85622,0.3486214108219681
85623,0.6277826501051972
85624,0.4696749089459022
85625,0.46828425404353985
85626,0.3074411126152567
85627,0.44630287396790785
85628,0.5690966487311275
85629,0.47894508593798285
85630,0.6042184714403969
85631,0.5291935703373836
85632,0.5179198264536338
85633,0.3778829398304889
85634,0.3497722451867413
85635,0.4496840035333021
85636,0.5762613448561051
85637,0.32705184774498536
85638,0.47612312532270373
85639,0.4761325538989221
85640,0.29290055786068264
85641,0.29712035590902786
85642,0.3181301273549582
85643,0.5709771910557121
85644,0.5500311809102251
85645,0.3814025246121355
85646,0.3642596052871251
85647,0.5733288380924544
85648,0.45431701995010326
85649,0.483077979627751
85650,0.3034861058780105
85651,0.5948093366053997
85652,0.3025333813166048
85653,0.6025466336160219
85654,0.4943684427510763
85655,0.4713834648552808
85656,0.3069287992557951
85657,0.374204672968777
85658,0.3041828933086506
85659,0.40549221399780466
85660,0.5332902280929631
85661,0.48967270661377604
85662,0.4747026037156789
85663,0.495837492779501
85664,0.3066621675200534
85665,0.49546446574194597
85666,0.39312480739325834
85667,0.38394420918248656
85668,0.5401260837731936
85669,0.30175758377604894
85670,0.4748777615522583
85671,0.49155647827829885
85672,0.46286835620393146
85673,0.5948034258405264
85674,0.44471606062100466
85675,0.29478810443148123
85676,0.5993839599783881
85677,0.323450086838449
85678,0.2637726765977908
85679,0.45358393027609734
85680,0.6132652673257678
85681,0.4910464893258429
85682,0.4126262099885167
85683,0.3670017674963375
85684,0.4887917974877881
85685,0.47395612438471246
85686,0.4782243709114261
85687,0.41264469840036333
85688,0.3128822683630056
85689,0.510843598638844
85690,0.5043570801144855
85691,0.3584962787931208
85692,0.5217021934917307
85693,0.4678598411759268
85694,0.5487080502460426
85695,0.33440834714954465
85696,0.3991537723027039
85697,0.4858277850730128
85698,0.5573325003315202
85699,0.5615918702292502
85700,0.30427265174089185
85701,0.5667422665589893
85702,0.3041013599944542
85703,0.2922918393411074
85704,0.4487406458922782
85705,0.2701153206789067
85706,0.4089689247790077
85707,0.4562823856574039
85708,0.34685042664789173
85709,0.48643374276974466
85710,0.4615465538722138
85711,0.4132310706718343
85712,0.48089983645164297
85713,0.49344330065870057
85714,0.3142165579828906
85715,0.4066250319923046
85716,0.47559413357304287
85717,0.2710328300901231
85718,0.346116466617999
85719,0.5341428206472175
85720,0.28491134503777477
85721,0.5369406017203852
85722,0.5439640933848315
85723,0.3009264943809491
85724,0.3321661326457254
85725,0.3537375069601704
85726,0.3634369869085591
85727,0.3526032444695107
85728,0.44781584286783915
85729,0.3967902626315041
85730,0.33516819123162656
85731,0.5459784429413169
85732,0.5814583835014648
85733,0.4401058129706297
85734,0.4635636450253623
85735,0.36452440263402053
85736,0.3238398055875732
85737,0.6081190151298144
85738,0.5457831914083732
85739,0.5792797778155159
85740,0.29497534447039647
85741,0.5621554834225568
85742,0.4845277920057178
85743,0.4955546404745444
85744,0.4855725971880617
85745,0.4444107651450465
85746,0.4797386104740197
85747,0.45637793051362535
85748,0.47424415418118954
85749,0.37010347040168146
85750,0.5874541506635068
85751,0.3555814934173935
85752,0.5308032320702047
85753,0.4764886611492116
85754,0.3519179929492477
85755,0.5952772873045832
85756,0.2672489064654069
85757,0.47192806998537884
85758,0.5434491766849953
85759,0.4518561768897059
85760,0.46539829217314876
85761,0.4726044046306103
85762,0.5550622507697163
85763,0.6821162156032
85764,0.5728270290183186
85765,0.4822258176343949
85766,0.29754364234154435
85767,0.5849495910239711
85768,0.5651535989260396
85769,0.32332491249304124
85770,0.5650906906632059
85771,0.5677642829415985
85772,0.43955725432828463
85773,0.3008622541304689
85774,0.334868457072025
85775,0.4949698536646473
85776,0.47221536228330635
85777,0.5461374790445283
85778,0.4841575690799452
85779,0.32591344053426174
85780,0.3097056402822712
85781,0.6076604519452625
85782,0.3651626690651674
85783,0.46901537321757264
85784,0.2710649007975269
85785,0.3740536698813185
85786,0.36345833024965746
85787,0.5574945500011221
85788,0.3144590564156365
85789,0.285919052475399
85790,0.5174481009855798
85791,0.46628841033668494
85792,0.30609680585550336
85793,0.3378668917777991
85794,0.3476051148542595
85795,0.3489233243208573
85796,0.5645066576571766
85797,0.4546130391051906
85798,0.5548451261807765
85799,0.4089018026128754
85800,0.3966903091699717
85801,0.302250319328371
85802,0.2945364315861976
85803,0.344758888225659
85804,0.5446519867853362
85805,0.49656978561991183
85806,0.6060910060138118
85807,0.3695223820216646
85808,0.41963722742043374
85809,0.4815066525990816
85810,0.5391751253580829
85811,0.3784930281265664
85812,0.5075459680116844
85813,0.37937918333383314
85814,0.5484889910910209
85815,0.36259756776128593
85816,0.4821690946606461
85817,0.3015584851734683
85818,0.36739540363098133
85819,0.5109694269058139
85820,0.3436055854848904
85821,0.4624960492455503
85822,0.3547985215199124
85823,0.3110326234578546
85824,0.32790588493513045
85825,0.314678564659377
85826,0.5623773762727251
85827,0.34976000419465064
85828,0.36725253315113704
85829,0.34024734540001367
85830,0.44892733026536635
85831,0.49695759209984086
85832,0.29605546528651355
85833,0.3243115997359454
85834,0.5541206662156182
85835,0.4196719576432885
85836,0.5090169429982686
85837,0.5325610334688289
85838,0.490685006122007
85839,0.5659823667263502
85840,0.6242655639197989
85841,0.5947606993556551
85842,0.48460499483425634
85843,0.4785948796529832
85844,0.38416619648448297
85845,0.4347227912368933
85846,0.5868488962326032
85847,0.5271871597038488
85848,0.5749363722616793
85849,0.46099385338007226
85850,0.4839346666229444
85851,0.400168015906075
85852,0.3744182687636061
85853,0.47510981913923844
85854,0.3385320054046323
85855,0.35775130436182645
85856,0.47260627195592114
85857,0.5762032878293314
85858,0.3700179813701593
85859,0.45770168317162674
85860,0.47697597831230293
85861,0.495033928467833
85862,0.5629001604665025
85863,0.4548180284454151
85864,0.3013989360149768
85865,0.4986939516530828
85866,0.3362922565917454
85867,0.28539221613803456
85868,0.5401004764725447
85869,0.5755125187679265
85870,0.29036849133367904
85871,0.46949732267272093
85872,0.5597812202472123
85873,0.3876442611481298
85874,0.46330852827503183
85875,0.34619704215257063
85876,0.4722030551895785
85877,0.5529184308231742
85878,0.4788871629175897
85879,0.5563819337243242
85880,0.5630582123018412
85881,0.48302768355959097
85882,0.5124013267604092
85883,0.5550003318858882
85884,0.4645924999060323
85885,0.5522471562931043
85886,0.55127890103709
85887,0.48826325544966365
85888,0.3557892380498697
85889,0.4687655275904876
85890,0.3570820628754177
85891,0.586999579068791
85892,0.48794023410710613
85893,0.47887436935401373
85894,0.44622727454267164
85895,0.3688890596501678
85896,0.4673887271504832
85897,0.4581031232291701
85898,0.4676558272713582
85899,0.4643991101521587
85900,0.4736174458775985
85901,0.4649374449364908
85902,0.5460390590114944
85903,0.3063347646993328
85904,0.6081002106372161
85905,0.4962783935382478
85906,0.6150986896927715
85907,0.6071931796551777
85908,0.6213385692665151
85909,0.5618790229752583
85910,0.35024851577376664
85911,0.5048764327136794
85912,0.5184744978259851
85913,0.4763115868392598
85914,0.5376021597259053
85915,0.41549803986494166
85916,0.4619397375032312
85917,0.47598145805397146
85918,0.5577445977859594
85919,0.4772252601133511
85920,0.4714173343875694
85921,0.4734413482244989
85922,0.46816615750985024
85923,0.5939303508804961
85924,0.464278209342804
85925,0.2960932241424077
85926,0.6297223567489252
85927,0.5505692644391316
85928,0.38330158524795926
85929,0.4408723179282056
85930,0.5840568669071848
85931,0.399586047991524
85932,0.2871080101062277
85933,0.5752388049643035
85934,0.3367498261628109
85935,0.5722832748035552
85936,0.2881452647358699
85937,0.5492274582504262
85938,0.27897493007782476
85939,0.5325267368810245
85940,0.36806189163947917
85941,0.5104977283988419
85942,0.4273067506045594
85943,0.4750116083477413
85944,0.464543935873886
85945,0.3121869902134455
85946,0.48540466301054164
85947,0.3957299420658078
85948,0.5769723096374795
85949,0.523729841508447
85950,0.5706051704951695
85951,0.3436106203144509
85952,0.33707251521573967
85953,0.38924568102511803
85954,0.5475712321012766
85955,0.46427846727503363
85956,0.4638141320393704
85957,0.4831260520838102
85958,0.4880398336703493
85959,0.46200820118631625
85960,0.25930791356802835
85961,0.4957020244683675
85962,0.475925350717148
85963,0.46316069448336133
85964,0.5702063425948725
85965,0.570766140827094
85966,0.4685998157589264
85967,0.3008114766460424
85968,0.47873914664518136
85969,0.4945390469681188
85970,0.6100537445152904
85971,0.5167871847434072
85972,0.3539566286947842
85973,0.4729566635861243
85974,0.36005499883866765
85975,0.4502436108621212
85976,0.2843117396678681
85977,0.5625659502412267
85978,0.37450990886588575
85979,0.3121919521738786
85980,0.4717822387939644
85981,0.4885486482581893
85982,0.38180775744340145
85983,0.29812920703657025
85984,0.459816715869899
85985,0.5329336788989723
85986,0.3078840430174234
85987,0.30030880433311413
85988,0.40992125030276005
85989,0.39228830066292814
85990,0.573449497866071
85991,0.3966953333619159
85992,0.6036705262913048
85993,0.47541118023711637
85994,0.49824761010754504
85995,0.370160811605289
85996,0.4995990625708975
85997,0.6198546465406524
85998,0.5010086701142671
85999,0.5362139823256297
86000,0.4083260725232006
86001,0.38222535689967385
86002,0.5565832148270393
86003,0.5359518873834731
86004,0.32638304869026646
86005,0.4866491402328466
86006,0.35476668712431403
86007,0.3441194954434232
86008,0.29699398783756004
86009,0.37003305508842416
86010,0.5472918667907702
86011,0.43808747228955186
86012,0.34462652216634776
86013,0.5044193832117913
86014,0.4665148354547161
86015,0.5837886983580247
86016,0.6585773167102699
86017,0.4745142408404845
86018,0.36308878098078956
86019,0.47746714639980264
86020,0.473428769534677
86021,0.36881807948037443
86022,0.5718845630229296
86023,0.5324531900314569
86024,0.28527491401500593
86025,0.3158198284081014
86026,0.3278506232058428
86027,0.3366430966420887
86028,0.3038592390753779
86029,0.5618805762603938
86030,0.36749792832163714
86031,0.3012025539039816
86032,0.5754755720136118
86033,0.4719374701299657
86034,0.5337816989492491
86035,0.5165624239879036
86036,0.48940837777458346
86037,0.4737862805298015
86038,0.33951275643273704
86039,0.3522155658669306
86040,0.5483033959569678
86041,0.30631513876382244
86042,0.44499318187470166
86043,0.4333871282802672
86044,0.2956204702862748
86045,0.3064012656997771
86046,0.5493691481756112
86047,0.4670866097997089
86048,0.2858155606710955
86049,0.30252519070280903
86050,0.34791795195553415
86051,0.47118298352875027
86052,0.5546716528440391
86053,0.478991020317821
86054,0.48011519326488955
86055,0.2843076578652302
86056,0.5681522693075064
86057,0.593266065135573
86058,0.5280450890421534
86059,0.5036159025133404
86060,0.35460485749958537
86061,0.5462711121679493
86062,0.5338931121121716
86063,0.5882527466750493
86064,0.49900968099333215
86065,0.3409698080680458
86066,0.3528523363504037
86067,0.4785669081400025
86068,0.5059351213502438
86069,0.3310176311774507
86070,0.4400452710439979
86071,0.47342622635234033
86072,0.5650045135333793
86073,0.5625330913153461
86074,0.42806273204577305
86075,0.47768132226932775
86076,0.4667620502728856
86077,0.6022811446843491
86078,0.2995482821759412
86079,0.4694032293185724
86080,0.416097183179668
86081,0.30839193299828954
86082,0.3031742593195471
86083,0.5809500851449324
86084,0.5309619807470399
86085,0.3405534821359126
86086,0.5440152307431362
86087,0.521603021185312
86088,0.4920245810702289
86089,0.47166862900551265
86090,0.2861461596734157
86091,0.3464939859939932
86092,0.27861522454632565
86093,0.2738069513802914
86094,0.5496265686292161
86095,0.30385001248284116
86096,0.4682258953679361
86097,0.35856720125792174
86098,0.5794068805636857
86099,0.35484509249752094
86100,0.46977650918265873
86101,0.5151214522172906
86102,0.2682925206317507
86103,0.6037986290254322
86104,0.38463274347903537
86105,0.4536383150402292
86106,0.46595463735472015
86107,0.27494329779039084
86108,0.48965440456393083
86109,0.47440266888189664
86110,0.41490289550639864
86111,0.49331515332503795
86112,0.3680984026224324
86113,0.5808261049067142
86114,0.27877888829353065
86115,0.385776185722501
86116,0.49820023211060976
86117,0.4731192687258206
86118,0.5689810285516471
86119,0.3351861103105916
86120,0.4755074878280978
86121,0.2337550325852012
86122,0.5645431986628985
86123,0.30646456914966635
86124,0.5852372704974039
86125,0.47676135292037003
86126,0.6204788006439546
86127,0.5341300683923912
86128,0.48883842848104797
86129,0.33612175977045267
86130,0.4281439660376447
86131,0.5557663558519192
86132,0.5556713118388287
86133,0.4937912207405429
86134,0.29010032718291434
86135,0.33292944019532167
86136,0.3709084425492126
86137,0.4140399806432246
86138,0.47266289645880416
86139,0.46586594527792285
86140,0.48830265284534435
86141,0.5664093042864815
86142,0.31891326938366027
86143,0.504217946721631
86144,0.5669055187068992
86145,0.48372019100152963
86146,0.603516038321496
86147,0.36843901555283576
86148,0.4906437869571772
86149,0.48380666414910883
86150,0.35700504280999246
86151,0.4641289989673385
86152,0.4668689639343024
86153,0.31061537481229534
86154,0.5072368918358399
86155,0.4793880389303095
86156,0.5177816590796774
86157,0.5991774840853503
86158,0.41340561477305693
86159,0.5978996068355907
86160,0.48463835105196745
86161,0.49025866935249396
86162,0.45109201588987125
86163,0.44772684755149467
86164,0.5868382231977534
86165,0.5085109782921043
86166,0.5659870412242508
86167,0.41642281054791097
86168,0.4641454738646699
86169,0.5686063219110267
86170,0.5612181880075023
86171,0.3758260575822244
86172,0.45868203957355536
86173,0.47560107151532893
86174,0.4751956579636813
86175,0.5587291196396119
86176,0.30473669021023364
86177,0.39931500576113294
86178,0.28180849678241443
86179,0.4841710766521584
86180,0.48930492682155285
86181,0.3348875386171333
86182,0.4741140243206845
86183,0.515068924483465
86184,0.4239784703214437
86185,0.458569778136953
86186,0.619174619421733
86187,0.3617296350541848
86188,0.4853003247775547
86189,0.5703719742375765
86190,0.5058079562717929
86191,0.46415136422044606
86192,0.42386473872393415
86193,0.3645687455739987
86194,0.5989110952200782
86195,0.517066471667356
86196,0.5362423457238104
86197,0.46263559964627904
86198,0.517574337509476
86199,0.4855358373003295
86200,0.3010442161004967
86201,0.3933422855677127
86202,0.32690081188246095
86203,0.3145902425431121
86204,0.4771227063568224
86205,0.5693254675014688
86206,0.5402062602409236
86207,0.5708349541537012
86208,0.3134855460499563
86209,0.5080825794944251
86210,0.4973523616317851
86211,0.30347583316517557
86212,0.2854231597378281
86213,0.47046897083215977
86214,0.5947201258677643
86215,0.46747276567849944
86216,0.47321076162816667
86217,0.3109160269419038
86218,0.30874966761934386
86219,0.3021679134057043
86220,0.4831663565516004
86221,0.5069959341069856
86222,0.5522902933245475
86223,0.36079595928655034
86224,0.2987317128789347
86225,0.3047581429073509
86226,0.27165381306911957
86227,0.5389676202392298
86228,0.2980994968053902
86229,0.46981889191787074
86230,0.4749225041642479
86231,0.6066860184487317
86232,0.3090818968954016
86233,0.4697622757566882
86234,0.48575924771405393
86235,0.3671540216783098
86236,0.4767887343255376
86237,0.5534823477035401
86238,0.467508545325134
86239,0.3963728972357186
86240,0.3414167455758808
86241,0.5446889352161324
86242,0.510599656821882
86243,0.5644554520316314
86244,0.34083875521311735
86245,0.3583029738315506
86246,0.4683065033843557
86247,0.5654927565480923
86248,0.30500019458392463
86249,0.3624006569972353
86250,0.29934892769505544
86251,0.4901473277689766
86252,0.46514864428906205
86253,0.5338842300677129
86254,0.4730586812175448
86255,0.5858531686343822
86256,0.3684856870812344
86257,0.5580694456641179
86258,0.3757138526192873
86259,0.30283917895535983
86260,0.5282167178278013
86261,0.4201413822968833
86262,0.47620512848009955
86263,0.4627617948064571
86264,0.37086596809598943
86265,0.4557159067533447
86266,0.30497234907546517
86267,0.48452562034710384
86268,0.5115736938820857
86269,0.5471029709481511
86270,0.36461328072960175
86271,0.5178104073540419
86272,0.5313859765116199
86273,0.5639652047908288
86274,0.2928286339619901
86275,0.3091400151028866
86276,0.2535957614260514
86277,0.591773287623453
86278,0.29465533362248225
86279,0.4875554465064591
86280,0.3506756412929815
86281,0.28726659768801927
86282,0.3491023504634739
86283,0.4861865577090419
86284,0.5367641588163901
86285,0.6116716387791988
86286,0.5413085616653095
86287,0.5440931189481645
86288,0.5388392328277769
86289,0.31654789858122995
86290,0.3672156452556331
86291,0.3111340580136681
86292,0.3531622315561806
86293,0.5043418562197853
86294,0.3969815956872725
86295,0.40336408834647375
86296,0.5110070714817398
86297,0.5413616008281388
86298,0.5811424109670045
86299,0.47682292081602184
86300,0.5570429358338137
86301,0.4958266870025349
86302,0.5689867424419776
86303,0.2891898270277714
86304,0.4746057775148306
86305,0.3094058393277694
86306,0.5423118923147454
86307,0.5404255316448603
86308,0.3071299364712851
86309,0.4037462959719731
86310,0.3189780372958878
86311,0.35295098915313444
86312,0.3493245593975226
86313,0.2996167432211999
86314,0.5258737716381636
86315,0.3508486702370094
86316,0.40197995325291463
86317,0.48549911135735235
86318,0.529845979513172
86319,0.4757938616379772
86320,0.3147680591570668
86321,0.48584252136479117
86322,0.5856830532919105
86323,0.49719108241303794
86324,0.3114690059050982
86325,0.5570003954544134
86326,0.2761953493544735
86327,0.4624687191565873
86328,0.4190962537782562
86329,0.3744138938950201
86330,0.3982403995891242
86331,0.4736095440993049
86332,0.3468794740023175
86333,0.38575935699403685
86334,0.4726784207177197
86335,0.5819898215024688
86336,0.33838431685917597
86337,0.35172238654094873
86338,0.529066136319127
86339,0.5976266373385783
86340,0.4897322641856544
86341,0.5065957145202122
86342,0.5955269809221754
86343,0.2974598034549748
86344,0.5007704784497091
86345,0.3063242250541209
86346,0.3212788645839345
86347,0.3350869731139752
86348,0.37309609331055676
86349,0.5965584245118282
86350,0.36156717883712347
86351,0.46946680925398787
86352,0.4851514224387372
86353,0.4682428965842699
86354,0.5566266059912359
86355,0.2940813446209923
86356,0.4748318125271238
86357,0.5463140187917516
86358,0.34812159549632793
86359,0.29400477757476046
86360,0.5452423905008918
86361,0.3654502401025229
86362,0.46478132888847706
86363,0.443974844630472
86364,0.44749632628890396
86365,0.5386290583707793
86366,0.41500444599212516
86367,0.36353071410966226
86368,0.6166546922335362
86369,0.551824481734029
86370,0.4745034576221876
86371,0.38441557818981414
86372,0.6305878690421134
86373,0.4773902578936332
86374,0.49951491865181813
86375,0.5328609485637876
86376,0.49758980535641095
86377,0.5474279901330206
86378,0.36036450122384095
86379,0.32160197633597093
86380,0.6456376551293056
86381,0.5451388441587265
86382,0.4393240520695461
86383,0.34776740251660815
86384,0.2902662013171038
86385,0.6074530128872685
86386,0.664053090759298
86387,0.3258219151007619
86388,0.47634779174037434
86389,0.3490977522947269
86390,0.48801710203608784
86391,0.3328153227916367
86392,0.5018249757432931
86393,0.5014227246908837
86394,0.5089972309293892
86395,0.36849202869257536
86396,0.5088288854152215
86397,0.4321391922093216
86398,0.5921873592116126
86399,0.41930989538650937
86400,0.49493740840058603
86401,0.2570224909347513
86402,0.30101870899388344
86403,0.4535436568551935
86404,0.4287831027967677
86405,0.5378516587841619
86406,0.3664358311897531
86407,0.2971149893017123
86408,0.3519792146629691
86409,0.5641239476046386
86410,0.2928448958745568
86411,0.4611305784674527
86412,0.48545221082153156
86413,0.4218555676072193
86414,0.43030261213210064
86415,0.539783375958101
86416,0.4830346072712924
86417,0.2805167657002219
86418,0.5478844318757125
86419,0.5159562564410356
86420,0.6147465494555544
86421,0.47130448778824846
86422,0.3505427334656542
86423,0.39373047656584115
86424,0.46728344685090106
86425,0.3935219729861753
86426,0.3368767576589308
86427,0.3105512785438483
86428,0.5419376647009927
86429,0.46289113045393265
86430,0.4564827383488264
86431,0.2889617101997421
86432,0.5639235729725428
86433,0.28907571855109715
86434,0.5061790119877085
86435,0.454977560296085
86436,0.387822959202839
86437,0.3617583699144612
86438,0.32031420698683566
86439,0.3534401984100776
86440,0.29077517892374155
86441,0.5294169243182899
86442,0.5185005748757427
86443,0.5045827471377407
86444,0.6345358296950055
86445,0.49365734089278396
86446,0.3296225158107362
86447,0.5254795619922644
86448,0.29068723796581003
86449,0.3046247079706336
86450,0.34335053754841505
86451,0.4176639165923548
86452,0.4883157473936328
86453,0.3415717635255287
86454,0.476810500625071
86455,0.30328090784909506
86456,0.33963799277812945
86457,0.47897004681392613
86458,0.5416980600191603
86459,0.3461758486536848
86460,0.5824143840224453
86461,0.5066940501925846
86462,0.48803519459874317
86463,0.48882816083398206
86464,0.581651014574347
86465,0.32223924733834414
86466,0.28668991281194406
86467,0.5214289616678357
86468,0.5380156554353754
86469,0.48275735706892603
86470,0.3543127756146493
86471,0.29784785341142167
86472,0.4844357973691627
86473,0.5142373505670595
86474,0.3535980353454617
86475,0.4596742031598818
86476,0.58896550323219
86477,0.5385185891905667
86478,0.3569856433097889
86479,0.47756675420932754
86480,0.5426446339516879
86481,0.3719174954971637
86482,0.2969847378436045
86483,0.34205308450949834
86484,0.5313423361796531
86485,0.5050587416995062
86486,0.5174225937712023
86487,0.36737662496206613
86488,0.36138711437941307
86489,0.30426289059613704
86490,0.30544785283448894
86491,0.4840494671699413
86492,0.5291287838083369
86493,0.5033598272579491
86494,0.49425557491858596
86495,0.46677177079436316
86496,0.48236204327019927
86497,0.36567458257651286
86498,0.4829576794864346
86499,0.35477729205704583
86500,0.3255724588060455
86501,0.4720872860426741
86502,0.4925595824239826
86503,0.5332638945127646
86504,0.4804594056939996
86505,0.3755379770155036
86506,0.3523130483001721
86507,0.3397531621771525
86508,0.3651591717010086
86509,0.4337568418246147
86510,0.4536462462990996
86511,0.6434805036820037
86512,0.4682715230146029
86513,0.5059722240395916
86514,0.3131890076232344
86515,0.3753309214720615
86516,0.6142022786015757
86517,0.378434342220365
86518,0.35389570069517445
86519,0.3020960227638288
86520,0.4684609793932104
86521,0.5329397675474755
86522,0.36889238148407466
86523,0.3463985440396347
86524,0.5081182610366218
86525,0.3266930630708514
86526,0.46973960600483683
86527,0.315517813753841
86528,0.5473490682706497
86529,0.5591453479549194
86530,0.28081646829066315
86531,0.5558027840697729
86532,0.564826092295869
86533,0.3968307794881893
86534,0.557284504379641
86535,0.5876972634360492
86536,0.4860460335498891
86537,0.49084547601332884
86538,0.3113927617426352
86539,0.48513947890297626
86540,0.345969462200318
86541,0.4066949357469556
86542,0.5344890885568243
86543,0.5307215198506144
86544,0.46667327944664383
86545,0.4785503271302093
86546,0.4929254821036842
86547,0.34439562626624937
86548,0.30439247782450085
86549,0.5515445195632184
86550,0.47452796217400445
86551,0.49597989979361845
86552,0.5777465801559418
86553,0.48553447397937644
86554,0.3714802719980751
86555,0.2897822381751947
86556,0.5032024766804958
86557,0.27108871250820865
86558,0.5711387003127615
86559,0.5897730546605526
86560,0.3201188679316642
86561,0.30034888340993315
86562,0.2635687299943326
86563,0.3450911893147205
86564,0.6227686039436999
86565,0.3678794048078967
86566,0.4996671762673862
86567,0.30817196786073164
86568,0.27568483800570287
86569,0.3461539441161927
86570,0.5844459631495557
86571,0.33289317922346817
86572,0.34476760337093715
86573,0.5996719237275595
86574,0.3174305278586088
86575,0.5588427688370815
86576,0.41603378594168505
86577,0.3517707460454622
86578,0.5400173589231868
86579,0.5002828639187534
86580,0.4495452855154976
86581,0.4686186701378784
86582,0.5289669943262112
86583,0.26685355476363226
86584,0.36036637304601193
86585,0.3246235484045492
86586,0.4892763737726196
86587,0.4615954443738698
86588,0.5628048364634917
86589,0.540471419396941
86590,0.37661461258300577
86591,0.3004283389383858
86592,0.4947753776858542
86593,0.5389383344447443
86594,0.5562446276145167
86595,0.5304594947782315
86596,0.5658932799803719
86597,0.32249686895187735
86598,0.29391075264074235
86599,0.3142390075353656
86600,0.6017112331368037
86601,0.32120987891386626
86602,0.5498504068311321
86603,0.6433394622560599
86604,0.5208275128938715
86605,0.3124714129836361
86606,0.4698121435212498
86607,0.5574294559529375
86608,0.38186122819761165
86609,0.6841124161617298
86610,0.5617567416106741
86611,0.5516926517599251
86612,0.6230408820357413
86613,0.31560259559639325
86614,0.5688332905202157
86615,0.30237543251005866
86616,0.6063215230101174
86617,0.34116306719323736
86618,0.4822838727596013
86619,0.6201145653327841
86620,0.6357893559055765
86621,0.5117479193100503
86622,0.483099065726054
86623,0.5286486771507289
86624,0.36879124279808
86625,0.4919390176583058
86626,0.3992608127111648
86627,0.4565680702840306
86628,0.30303495393215474
86629,0.37221145182631377
86630,0.47582716425391985
86631,0.35929278998213593
86632,0.5439420860188185
86633,0.36285237025859707
86634,0.6275824399584079
86635,0.37442366877282823
86636,0.4962691857605636
86637,0.34808162753431193
86638,0.47104726043814854
86639,0.5138452470947283
86640,0.5502713005572154
86641,0.3638336017381576
86642,0.5821736851922102
86643,0.48013715936330126
86644,0.533955827621558
86645,0.36987759116921404
86646,0.593451989101795
86647,0.4562810486145731
86648,0.3491824372750447
86649,0.3827576203362062
86650,0.38437558696896695
86651,0.46427169869629825
86652,0.46193920568256386
86653,0.29182655173383865
86654,0.4835207863148296
86655,0.35447513275510606
86656,0.5118676102627777
86657,0.5717091860919046
86658,0.480563148120269
86659,0.2728710162846965
86660,0.3418276886376396
86661,0.3498040599174742
86662,0.4933157391305344
86663,0.5648642273931356
86664,0.45425760096511963
86665,0.47390056984716206
86666,0.298964169284507
86667,0.45328611871985985
86668,0.45711163630498153
86669,0.5944351538205943
86670,0.4849465576008256
86671,0.5403267301264424
86672,0.35062841523152344
86673,0.5768885573624687
86674,0.35639156278239786
86675,0.45326244656924614
86676,0.34393509372937264
86677,0.4601486619809191
86678,0.2869213055860396
86679,0.3857754948470966
86680,0.5873731009620194
86681,0.4318915298228276
86682,0.5816091042013066
86683,0.4084421829430938
86684,0.29728291253897277
86685,0.28419468019674204
86686,0.30078304549925255
86687,0.47426575229581264
86688,0.30050492364506853
86689,0.2522882813209194
86690,0.5688538958882114
86691,0.35394301626415114
86692,0.2955202365959497
86693,0.5821391907545791
86694,0.5082302094633488
86695,0.2767981698905171
86696,0.3668040861887274
86697,0.3987511418071748
86698,0.3880210481218152
86699,0.493566108821182
86700,0.3347089754325544
86701,0.4786795644741338
86702,0.4713970516192865
86703,0.4709955510974859
86704,0.549591786147864
86705,0.6046418398395119
86706,0.5548846723946581
86707,0.29478224433486483
86708,0.5117534379269615
86709,0.4901604977843136
86710,0.40368090838266657
86711,0.3478094385186948
86712,0.4988594658160102
86713,0.4697959177282851
86714,0.4789898940086539
86715,0.2894310133191994
86716,0.5815011214154592
86717,0.4775799489665622
86718,0.3147100353089386
86719,0.5663574451093482
86720,0.5584755824363701
86721,0.46134635238983296
86722,0.42875263943154124
86723,0.2992645656361134
86724,0.5925091941631621
86725,0.493765280734789
86726,0.3646480901995652
86727,0.2933703672605562
86728,0.49357201620623703
86729,0.4761114641797767
86730,0.5044813854722706
86731,0.476356196336707
86732,0.5056204296268819
86733,0.5082951581852628
86734,0.5312414330518539
86735,0.36836628134361454
86736,0.3675263574725684
86737,0.4675905496891354
86738,0.46741991106366126
86739,0.5696044301577083
86740,0.3866596353886046
86741,0.5257168161852697
86742,0.5484031583190798
86743,0.561626738639497
86744,0.3062902316920754
86745,0.349553393639344
86746,0.48556006774413224
86747,0.4642990508604348
86748,0.5737732393731376
86749,0.5545908273742799
86750,0.45163062306418184
86751,0.4664002112339498
86752,0.3864263304215455
86753,0.43136736965712535
86754,0.5500003504107375
86755,0.5248528092396588
86756,0.2964774814113911
86757,0.5378425757335998
86758,0.28743393644551724
86759,0.5210541269170514
86760,0.4815685560925729
86761,0.5426028637371674
86762,0.3886398818399048
86763,0.5840960982868914
86764,0.46408236602344144
86765,0.6244945963838613
86766,0.4745927491041645
86767,0.5881071945239124
86768,0.6113789537227569
86769,0.4018067533481819
86770,0.3239922112754408
86771,0.2602227638255096
86772,0.36502491050467556
86773,0.47812988527396233
86774,0.35760959045394775
86775,0.3575599445557439
86776,0.536378564504045
86777,0.6104157758014918
86778,0.3476794546379986
86779,0.43273579581515736
86780,0.4709711159105982
86781,0.33561737604490505
86782,0.29600976468062073
86783,0.5471599491814316
86784,0.5205906985479949
86785,0.4805717710273519
86786,0.550632175929211
86787,0.3581929594856692
86788,0.4682012912542522
86789,0.6090094354801588
86790,0.34250406782523357
86791,0.504357053652611
86792,0.3576338311771411
86793,0.5602139589727991
86794,0.29823722773651
86795,0.6147337367695714
86796,0.39144542690395917
86797,0.48051147850934517
86798,0.3072775114632895
86799,0.38781239655748967
86800,0.29768660723477874
86801,0.6087649898539842
86802,0.5584689595529178
86803,0.5619992813611332
86804,0.5588670486298046
86805,0.29343525704837997
86806,0.3083651551068694
86807,0.3728330718541723
86808,0.35486896746006785
86809,0.45648288819156135
86810,0.6097967725980591
86811,0.304190827353392
86812,0.3469318946019832
86813,0.5403252974626936
86814,0.38431993081962385
86815,0.3017601219412519
86816,0.4952823379020033
86817,0.6062504862092841
86818,0.36725901968410046
86819,0.6078757927718856
86820,0.6258831541561489
86821,0.3778025952916154
86822,0.2975712168343141
86823,0.5561812783826904
86824,0.5881240212263112
86825,0.30748170150244686
86826,0.4625469841318702
86827,0.5546216953880623
86828,0.2998782069117023
86829,0.5587380609050476
86830,0.5114099929264702
86831,0.4674847859171685
86832,0.5280992937352795
86833,0.5558534678534965
86834,0.40416762109785137
86835,0.35150776782155696
86836,0.32475848936206436
86837,0.47764291716229823
86838,0.4918337967502361
86839,0.2946624546298473
86840,0.28721412906488286
86841,0.38633236146663197
86842,0.44775748379968455
86843,0.5607759213897623
86844,0.351043399180723
86845,0.5377521228467909
86846,0.5789039883014693
86847,0.469321753827562
86848,0.43233633051499476
86849,0.566072423864679
86850,0.36025634397606127
86851,0.49076541863301504
86852,0.5906013338128429
86853,0.5061869917760882
86854,0.59181969059287
86855,0.4616686132119179
86856,0.5365214144580687
86857,0.4482879760450779
86858,0.487470365943556
86859,0.30828178820597835
86860,0.4896542592742583
86861,0.5091594248620693
86862,0.46897339133018123
86863,0.2965923612502163
86864,0.45621113735147795
86865,0.35955656578117745
86866,0.46808764335226266
86867,0.36496556057691587
86868,0.42073457033451706
86869,0.49439107973609414
86870,0.5708179213066696
86871,0.3312614750237645
86872,0.3451397210940546
86873,0.3758502804492845
86874,0.33381447014181553
86875,0.3597819782580363
86876,0.372192166844746
86877,0.3397570026345835
86878,0.5785628223372686
86879,0.4964427853837695
86880,0.3045210507955712
86881,0.4889198922405813
86882,0.5991857571835664
86883,0.29989400703963826
86884,0.6125522451396126
86885,0.41091993006309513
86886,0.546506644549954
86887,0.591897964185173
86888,0.533749491432419
86889,0.6211503763153358
86890,0.5095014461751102
86891,0.4748915048516436
86892,0.4047061984698154
86893,0.49074477553859336
86894,0.3135329153385202
86895,0.4782174647339675
86896,0.5541388108527406
86897,0.5282574297710876
86898,0.5796813607168441
86899,0.30255371738291015
86900,0.566455076660913
86901,0.5439070561465627
86902,0.30415114779351415
86903,0.5469940307661137
86904,0.46536774218507376
86905,0.28290704474170897
86906,0.5757005800009746
86907,0.5208682193317606
86908,0.44374604053436967
86909,0.41035901107626527
86910,0.46907794207828074
86911,0.3459615560351829
86912,0.45817987281191486
86913,0.5251128922895584
86914,0.3300775290142356
86915,0.36635683549291126
86916,0.5542732497641834
86917,0.41248730220967306
86918,0.4549955302907174
86919,0.6005363062171527
86920,0.47191587829959386
86921,0.38608483305053093
86922,0.34756973700154736
86923,0.3551375005315153
86924,0.27669004092308497
86925,0.49306315627741365
86926,0.6151623390445737
86927,0.47026181217955765
86928,0.4562614751529828
86929,0.3075085593278238
86930,0.42617336419442825
86931,0.33883637276997525
86932,0.3604077658783844
86933,0.4881250284077606
86934,0.5626804557649419
86935,0.40590757997588545
86936,0.451857982158361
86937,0.5320456081996136
86938,0.38668106070557645
86939,0.5429778905812176
86940,0.34170857658922027
86941,0.26364718232070555
86942,0.45507187799980275
86943,0.38199527130055416
86944,0.5286394763203343
86945,0.6030239435399902
86946,0.5759058163426947
86947,0.38583954234809253
86948,0.4741142047189381
86949,0.4780836030769635
86950,0.34332180971334647
86951,0.5981596477021819
86952,0.30157110612879146
86953,0.47685539228603024
86954,0.5521315172898561
86955,0.5290249165692964
86956,0.6113199318338987
86957,0.5097149974183316
86958,0.4309344784477108
86959,0.29504075499016685
86960,0.36506757978896265
86961,0.4734588802647272
86962,0.4676992456521269
86963,0.3631211961205125
86964,0.6004065025240214
86965,0.5374212879724839
86966,0.3090303540719461
86967,0.62456168058416
86968,0.30415381052578516
86969,0.48944213589313595
86970,0.386660711813908
86971,0.3586169521495724
86972,0.5681677929902178
86973,0.5684243016637938
86974,0.5049063305012009
86975,0.4826890423213358
86976,0.3833806571714214
86977,0.5632517891858366
86978,0.463012777682611
86979,0.355137715466245
86980,0.39920268384337726
86981,0.2927397645619685
86982,0.301154247759901
86983,0.5983288075896885
86984,0.3516144937619171
86985,0.5440625467001119
86986,0.47452065415182904
86987,0.35452384629959993
86988,0.3446232770823719
86989,0.5099032283089925
86990,0.29169866811789635
86991,0.4844209185403361
86992,0.46420739898177976
86993,0.3111765604679407
86994,0.5522586499425294
86995,0.4853141765264124
86996,0.5972684736905363
86997,0.5243164951111171
86998,0.553263117966196
86999,0.4652150829690148
87000,0.5550869669898097
87001,0.47462409707537134
87002,0.4683658664723571
87003,0.3715941801388279
87004,0.3768054057754096
87005,0.5942485624321845
87006,0.46965106368491555
87007,0.5741808601672289
87008,0.4636628609903795
87009,0.48099764288969143
87010,0.49068280780421997
87011,0.2912294355135305
87012,0.5783006464651304
87013,0.5945384109890085
87014,0.3017087414275045
87015,0.2930883155056784
87016,0.513955591352881
87017,0.3790385210660454
87018,0.40019560355883727
87019,0.3642036819175578
87020,0.31458462600033016
87021,0.28967379346087213
87022,0.2903945123309511
87023,0.46854478621558693
87024,0.33291300894115444
87025,0.34812563347553566
87026,0.26544255993195254
87027,0.3444972731147483
87028,0.28814067103239227
87029,0.5739611828127149
87030,0.48133184135248624
87031,0.48532112513465075
87032,0.4598638818881591
87033,0.45206321035221453
87034,0.3064329235486991
87035,0.4910473003925615
87036,0.4999305504832028
87037,0.4085006734280618
87038,0.6141047993599897
87039,0.4906889681594528
87040,0.35887318595652234
87041,0.32800911177256253
87042,0.31773965169273294
87043,0.4921225857282426
87044,0.46863381667985937
87045,0.5038448327718967
87046,0.5313889565804667
87047,0.5124865392543078
87048,0.29435623514276693
87049,0.4638101803052575
87050,0.49174092732353714
87051,0.6602719095801626
87052,0.29407173533946973
87053,0.5410507267141225
87054,0.43054083979572677
87055,0.6132228929159328
87056,0.6171492377600976
87057,0.4751393807929068
87058,0.29696739244222836
87059,0.47045252441740687
87060,0.4171874143808711
87061,0.5143850492603624
87062,0.433947817130168
87063,0.3624315616317348
87064,0.4597428550552931
87065,0.4768407345723539
87066,0.4937539429504614
87067,0.5653204598807723
87068,0.5468717935172419
87069,0.4077782156170668
87070,0.30301867677149424
87071,0.49733160997284875
87072,0.4053049305609735
87073,0.4633259496810066
87074,0.5802758573306033
87075,0.4740633362083956
87076,0.46430008253928995
87077,0.35516284973042095
87078,0.5399823479817613
87079,0.5409273851000066
87080,0.4644341406453356
87081,0.3647866475814077
87082,0.3540654886501772
87083,0.632797263166002
87084,0.55918554375965
87085,0.3560158918572536
87086,0.48137945015442524
87087,0.5510352515805259
87088,0.47212326630183726
87089,0.45808923922611994
87090,0.48330223160490704
87091,0.5680722030864495
87092,0.4976035137462114
87093,0.5505837130421098
87094,0.5879038087012978
87095,0.3315483877523617
87096,0.37049929728947373
87097,0.46937110160112594
87098,0.5061402377131015
87099,0.48533050402343886
87100,0.5534069311437662
87101,0.5237867622228061
87102,0.6059596290099714
87103,0.3074318111116488
87104,0.28472406663682576
87105,0.5484766502110204
87106,0.5375695520953577
87107,0.5090465686761373
87108,0.48239165008122625
87109,0.4873227947884431
87110,0.4560263130776661
87111,0.5309153058578477
87112,0.47991806982764823
87113,0.5162856972656734
87114,0.472899642138615
87115,0.3605662114459849
87116,0.5463983714924701
87117,0.40492696239510945
87118,0.3665789490112615
87119,0.3729682598066026
87120,0.360790439411396
87121,0.4845091785060562
87122,0.3505901607737222
87123,0.5557485204744967
87124,0.35047354083996446
87125,0.6050748213712109
87126,0.32576887921677294
87127,0.48034159070915217
87128,0.5630027530174444
87129,0.361887154788838
87130,0.45294043554089747
87131,0.47738647128440137
87132,0.43680297550991953
87133,0.610274085548062
87134,0.3341867401583127
87135,0.30014540477308177
87136,0.5839529506134186
87137,0.5158733697890194
87138,0.5607394348551247
87139,0.49089626235989503
87140,0.4804386963556469
87141,0.5000560359106134
87142,0.581903590904717
87143,0.28104863571365646
87144,0.48164784034783875
87145,0.5666979446750908
87146,0.36108914603244935
87147,0.4854988937110915
87148,0.4828714493692744
87149,0.4127203269318609
87150,0.4723516604247443
87151,0.5668372290464299
87152,0.5776339244414846
87153,0.49330700439572583
87154,0.5611659008805103
87155,0.35855581456072333
87156,0.5421946762198558
87157,0.48310008044691827
87158,0.47406674275895444
87159,0.36600714202471346
87160,0.5085493872104705
87161,0.33573013527662304
87162,0.4794768811606339
87163,0.4875837993369553
87164,0.28701673280117845
87165,0.5585111289593601
87166,0.29924233205933654
87167,0.49829143693930766
87168,0.571549466846948
87169,0.5498258616651741
87170,0.5547335766965208
87171,0.335654365666935
87172,0.31792816971571086
87173,0.475811096438195
87174,0.5741045630086207
87175,0.48806800374890463
87176,0.4803939875273634
87177,0.35992802762270254
87178,0.40647022887958983
87179,0.47709397443210283
87180,0.4707153584546415
87181,0.37525024514556304
87182,0.3349909488066434
87183,0.4499044413091974
87184,0.5173549597917922
87185,0.4825017795064239
87186,0.5967849959161236
87187,0.5671366643667444
87188,0.480002928203874
87189,0.32191413817188913
87190,0.49214189191489016
87191,0.5054140509167594
87192,0.5634008363415626
87193,0.5218083674961889
87194,0.36059500000274447
87195,0.3527055541640636
87196,0.49413360187870126
87197,0.5789653379468318
87198,0.3783545184416546
87199,0.38987047990732976
87200,0.2373695110738311
87201,0.3674157769155184
87202,0.4770350709182529
87203,0.3345775205252452
87204,0.5034200728400505
87205,0.48221490954650387
87206,0.5547666105104521
87207,0.43107194827307826
87208,0.3624815330376498
87209,0.534469843109974
87210,0.3068660415035269
87211,0.29315202156283926
87212,0.5755425711388459
87213,0.3849798968159078
87214,0.5488553880215785
87215,0.5450089656392384
87216,0.5275789902025456
87217,0.5211013681814819
87218,0.5491860958683564
87219,0.44511321514529273
87220,0.29706426716544926
87221,0.44894799171370225
87222,0.3162838990514485
87223,0.3788725585392548
87224,0.3103784176171665
87225,0.3791981179141131
87226,0.39281848477095554
87227,0.5065684170384268
87228,0.306392438907539
87229,0.35868139853900183
87230,0.46906214780595223
87231,0.48399895403716825
87232,0.41513168573502723
87233,0.3004121306558687
87234,0.38487064766155304
87235,0.5244641624049053
87236,0.4178139382293341
87237,0.48722972571626
87238,0.5898792538276948
87239,0.4807629731761214
87240,0.5988913269089263
87241,0.5396396055857042
87242,0.4736200323101531
87243,0.3482243358261978
87244,0.41669807874230497
87245,0.45915913191072233
87246,0.3339820249044694
87247,0.39230205688798536
87248,0.2973701564714278
87249,0.3571859621559976
87250,0.548145252605222
87251,0.48002628193137686
87252,0.3591909313909047
87253,0.30382095490026045
87254,0.5107355563913807
87255,0.39063593190434376
87256,0.5745148383495957
87257,0.40961803933534974
87258,0.2869518117098944
87259,0.3571666881609107
87260,0.5406094258265866
87261,0.33563818320056193
87262,0.47225641348023845
87263,0.4779733697859076
87264,0.5395971347565439
87265,0.4737520619268878
87266,0.43076696837542233
87267,0.40045832031805917
87268,0.49025791736591817
87269,0.29857581015384316
87270,0.4700860288351962
87271,0.5365174425933329
87272,0.4785133504690898
87273,0.4920586978713607
87274,0.2895275346528495
87275,0.4586700519597974
87276,0.6096162945124122
87277,0.4742595676344411
87278,0.3051916335726462
87279,0.36115852348251726
87280,0.5317885688963259
87281,0.31355567418508135
87282,0.4617568894021667
87283,0.5928578906283362
87284,0.5246957736011298
87285,0.30563178774748506
87286,0.3495356251797925
87287,0.4692830975913336
87288,0.47977801883144977
87289,0.47401764304276434
87290,0.2973772875487185
87291,0.4766460324397905
87292,0.5501266651449139
87293,0.2778164922533599
87294,0.37005015186938045
87295,0.3446379187504447
87296,0.3080323644690483
87297,0.5327905096502409
87298,0.5248741736366141
87299,0.5418862429700579
87300,0.4859400640259593
87301,0.46629244875341364
87302,0.3560733636987681
87303,0.4788735096438365
87304,0.38626119393341046
87305,0.5714922327467448
87306,0.47921973555703945
87307,0.4724170451906489
87308,0.5366701096135924
87309,0.3935426810715899
87310,0.2971338611230598
87311,0.4612380551916166
87312,0.5476180001313309
87313,0.4775310937893062
87314,0.5517827311238669
87315,0.35267862816113343
87316,0.34784689977637345
87317,0.4533613082053904
87318,0.35919516239203075
87319,0.49604173454228045
87320,0.4665062463134478
87321,0.2880234446316458
87322,0.4905740381357953
87323,0.3115944946528642
87324,0.46969908317942055
87325,0.4856869985436333
87326,0.3637251016696801
87327,0.29564141459956983
87328,0.5903407266189887
87329,0.36328731050845814
87330,0.35311113531647387
87331,0.4055298455307693
87332,0.28350460714612663
87333,0.541877859047826
87334,0.4761636319989294
87335,0.5701187338817186
87336,0.6263373859722707
87337,0.33952827334399927
87338,0.492240926658354
87339,0.48461440722408894
87340,0.5257837481766693
87341,0.4032549009610162
87342,0.45110262427575587
87343,0.5533780077183007
87344,0.5161735970600142
87345,0.3965984685564219
87346,0.5130360231153387
87347,0.5001388322161604
87348,0.5562597089331225
87349,0.4691171567101811
87350,0.29756812086043977
87351,0.6484820443052424
87352,0.5432636073922779
87353,0.4535936468466387
87354,0.48794478424711774
87355,0.31331454938979475
87356,0.33365258571191175
87357,0.5089998336368269
87358,0.46419921859865565
87359,0.4132656796203585
87360,0.4757145505552635
87361,0.5721515143032234
87362,0.5505879964862735
87363,0.34875620406262875
87364,0.611937950301213
87365,0.5324115527881874
87366,0.28683127934687036
87367,0.34889209078551986
87368,0.3163915496876279
87369,0.2952043140005433
87370,0.6395098000057768
87371,0.4762604619418823
87372,0.5363754233402273
87373,0.6032296016091898
87374,0.41230595240340556
87375,0.4945130814124466
87376,0.3376578290957198
87377,0.6528580098951556
87378,0.5491433568961778
87379,0.4690722773040848
87380,0.5516694090390241
87381,0.5006521320168591
87382,0.3078788919246757
87383,0.2966738978265272
87384,0.5506854162536022
87385,0.4300730703670056
87386,0.3048705316066923
87387,0.5317879096189155
87388,0.5157182914513647
87389,0.601278700432335
87390,0.2969180142399589
87391,0.38781239655748967
87392,0.5756272762994802
87393,0.481668073384529
87394,0.5201175866856719
87395,0.46940656535888675
87396,0.32508554177080246
87397,0.4592236544796696
87398,0.2916580361844499
87399,0.5003956405954063
87400,0.3598775353990335
87401,0.3392970118298541
87402,0.5048925119134245
87403,0.5257299258176593
87404,0.5721639231961092
87405,0.5420547930179997
87406,0.4703293475891596
87407,0.5150622669194231
87408,0.5360678553264104
87409,0.29533682263187094
87410,0.3159010472201927
87411,0.5046974056450713
87412,0.34502781664589816
87413,0.5193244211416022
87414,0.3622234958024366
87415,0.4181472345356467
87416,0.425183231665617
87417,0.3057043178601131
87418,0.4550661913056755
87419,0.35243308788025657
87420,0.40615408444312895
87421,0.5462732912668721
87422,0.3935561371989033
87423,0.4839036110016374
87424,0.5948235048407952
87425,0.4860429668691502
87426,0.49644033495459516
87427,0.5427964675590117
87428,0.5771926774497486
87429,0.5639145034158887
87430,0.5950334855486015
87431,0.44015216252052386
87432,0.2991033434877196
87433,0.46014275778347286
87434,0.5517497304625869
87435,0.5756998542634493
87436,0.6116546675026735
87437,0.43448773617039177
87438,0.41377732989635796
87439,0.3863501949735697
87440,0.4480552627592672
87441,0.38647995191604595
87442,0.5875855072277627
87443,0.49913827547304795
87444,0.6103574372137117
87445,0.2835193855491043
87446,0.3621406072534019
87447,0.5306156095128428
87448,0.31770212781389573
87449,0.46283793533901524
87450,0.47600483485143513
87451,0.5475469366511383
87452,0.3537296741263436
87453,0.37444036583722184
87454,0.5735474296939149
87455,0.3713614508013799
87456,0.48187180856546674
87457,0.4710978121576838
87458,0.30048552187471145
87459,0.46223773143987795
87460,0.3634134163335474
87461,0.449567427321791
87462,0.2864383350815145
87463,0.2725518210843345
87464,0.32504769983406934
87465,0.546506644549954
87466,0.3523672835560863
87467,0.5006136066220431
87468,0.34346016509442745
87469,0.29473869709941675
87470,0.5596767667240494
87471,0.47736756795882357
87472,0.33622536992826874
87473,0.5717989205284795
87474,0.5487758407293791
87475,0.5188456849468444
87476,0.3052638476556996
87477,0.5352386061375519
87478,0.4113556609206491
87479,0.33765110520134783
87480,0.4742270282006507
87481,0.5430015676963488
87482,0.3053184556379705
87483,0.2963126309712946
87484,0.524875689539957
87485,0.5405622911279183
87486,0.35431713513988505
87487,0.46691544601135593
87488,0.6026905140806265
87489,0.577495074003233
87490,0.5664617562370057
87491,0.5605736399735358
87492,0.5490133185312135
87493,0.48541127185106475
87494,0.49055828298627285
87495,0.5682462133223707
87496,0.5341595058382057
87497,0.46758897772836566
87498,0.4886317786083194
87499,0.40703153536479564
87500,0.34449333008206157
87501,0.371857750141487
87502,0.5984226337883984
87503,0.4905463241294615
87504,0.47593650178706703
87505,0.5324728742585726
87506,0.47234287998621743
87507,0.565368766568548
87508,0.5639484954988226
87509,0.3180882274372068
87510,0.5362339361927829
87511,0.30471794553778697
87512,0.36416385952851077
87513,0.5489477944860315
87514,0.30275206894499873
87515,0.4165167450432979
87516,0.5505514651778393
87517,0.6209095929744
87518,0.2797366209653317
87519,0.32552799996191234
87520,0.48376868854236876
87521,0.3764642174704602
87522,0.3744966939480879
87523,0.5512659866361316
87524,0.5292380735349276
87525,0.4457884938439939
87526,0.47024108425656064
87527,0.46219214687821053
87528,0.5575224978381249
87529,0.4771260942216556
87530,0.3515065113228909
87531,0.48557463008255997
87532,0.49339316416402224
87533,0.4726521203348892
87534,0.4677800207169613
87535,0.3561368571885378
87536,0.5131348521005749
87537,0.5847767815157021
87538,0.5855623658806115
87539,0.3356808891397596
87540,0.4809372243460975
87541,0.4656343884275278
87542,0.2877738287251046
87543,0.4913889796507566
87544,0.4672656123164212
87545,0.30606577626033793
87546,0.5032906780776174
87547,0.40793822992690976
87548,0.4742450193654894
87549,0.4734181604618293
87550,0.3116184137470106
87551,0.5681542573581053
87552,0.5019909580758299
87553,0.35835324545604713
87554,0.35652084724410993
87555,0.37042063466445485
87556,0.3559367619426481
87557,0.299585423113652
87558,0.5714767800593251
87559,0.4823878015520627
87560,0.3543354093716777
87561,0.5402836893678872
87562,0.40496423456932457
87563,0.48622479795626106
87564,0.29952225472704946
87565,0.5699774108939303
87566,0.4029216444955725
87567,0.580647853041625
87568,0.34157743672331004
87569,0.4575620365001144
87570,0.45850726177732715
87571,0.5449073092963386
87572,0.37177103021450264
87573,0.5729325618671578
87574,0.34481301126089386
87575,0.5528350769410503
87576,0.5523667102803748
87577,0.6597956823889632
87578,0.3099069934165651
87579,0.4554971171568943
87580,0.30422302933781586
87581,0.4926102775732523
87582,0.36515074926648317
87583,0.3513598380636207
87584,0.5013999205081313
87585,0.5764522694164487
87586,0.4677987694078651
87587,0.6001325251930636
87588,0.2804705486280119
87589,0.47438249208549343
87590,0.492953002540081
87591,0.6128093821345212
87592,0.37197918413560216
87593,0.28065627172731283
87594,0.34675839692439137
87595,0.47335886943581995
87596,0.32691053987447405
87597,0.4810255423318166
87598,0.49692874263525916
87599,0.47081375897291994
87600,0.292765213386635
87601,0.4831034957142833
87602,0.45009838926555823
87603,0.4322362434038268
87604,0.36487722823615004
87605,0.325031505618154
87606,0.37273976457748953
87607,0.5595717792651758
87608,0.47506878257139806
87609,0.4888737578645881
87610,0.5834162607608836
87611,0.5503434676390312
87612,0.5215671638633641
87613,0.5436245580036896
87614,0.29045872062435724
87615,0.4848876836206354
87616,0.49427491878479096
87617,0.30194699567664707
87618,0.5245542092842547
87619,0.3021028514784668
87620,0.47652138646720893
87621,0.28172714547405436
87622,0.2791525116607369
87623,0.3406928346120478
87624,0.45671207901116473
87625,0.34867192538847575
87626,0.5490338244771111
87627,0.4758079528365451
87628,0.5409259275655816
87629,0.44418462262529207
87630,0.38784844613206965
87631,0.5987937450955281
87632,0.37074823780108945
87633,0.49427408948240914
87634,0.5617380830319728
87635,0.5049813470517783
87636,0.46599629564485584
87637,0.35741121041705803
87638,0.297184477762509
87639,0.2953103957083909
87640,0.5451126259005263
87641,0.5048046835718341
87642,0.5781642796078224
87643,0.5402805313497507
87644,0.5422671508954469
87645,0.4691979826704178
87646,0.37198789406467414
87647,0.6144419973304307
87648,0.4785217705834879
87649,0.32893473598715417
87650,0.5566140049873001
87651,0.31307841947579795
87652,0.48264500486116024
87653,0.5036246011411807
87654,0.2857669583297274
87655,0.5092363328568463
87656,0.544614642921509
87657,0.5308803068676351
87658,0.4331460068877819
87659,0.3659242082724375
87660,0.4876830168415549
87661,0.39918928038277485
87662,0.2874940339865747
87663,0.46086564626444526
87664,0.4051369422633854
87665,0.2957788414376778
87666,0.45135300809576767
87667,0.48522055702612427
87668,0.5091320450735926
87669,0.6108596423600333
87670,0.5364775187628351
87671,0.4923839452956419
87672,0.5631273444713878
87673,0.4465590888459193
87674,0.47842515740674496
87675,0.47968621336726924
87676,0.540901170967349
87677,0.33999259272287186
87678,0.47454473994182816
87679,0.5210242973230536
87680,0.4835494804919409
87681,0.4678576477847033
87682,0.4830631819043043
87683,0.5009114513337818
87684,0.46992353468146114
87685,0.4431161572499506
87686,0.37425169388852175
87687,0.48340937696637937
87688,0.5549193297802494
87689,0.5215426756628501
87690,0.44008227264808536
87691,0.35370837651085624
87692,0.4894620755178819
87693,0.3466911393150952
87694,0.49694407777719574
87695,0.5377792695829702
87696,0.48201665972597263
87697,0.3026767277886129
87698,0.3145719597306134
87699,0.4053164474328451
87700,0.34567186787384896
87701,0.6009401278187184
87702,0.49413753334095617
87703,0.32328862006488834
87704,0.4456787416442921
87705,0.4752449296548104
87706,0.49587308723539003
87707,0.4267811722878869
87708,0.36864411283988247
87709,0.5859197122726847
87710,0.5256927606180037
87711,0.4652671991062065
87712,0.5391664665047607
87713,0.5433121756591361
87714,0.31908326978158597
87715,0.4445790787759869
87716,0.3530857041706555
87717,0.476798162649024
87718,0.4702144840862142
87719,0.4798266022339153
87720,0.5144097948933839
87721,0.3170843505340709
87722,0.38353945333334405
87723,0.6085872167615598
87724,0.2899269782603096
87725,0.5611686523383786
87726,0.4517346549995972
87727,0.48950562609851384
87728,0.4761898769042703
87729,0.5464644764039901
87730,0.4991279120155423
87731,0.35903462416489024
87732,0.631283497098077
87733,0.30181202958906805
87734,0.280172706207878
87735,0.47360999885981697
87736,0.5407391601806725
87737,0.30850241136387885
87738,0.29858497163338127
87739,0.30869264005408836
87740,0.3639423156634695
87741,0.536909032346027
87742,0.4526831891373919
87743,0.37667997525001023
87744,0.33059384906868006
87745,0.3553888708691041
87746,0.498640641579793
87747,0.5603590258380965
87748,0.5657499852508844
87749,0.47134314542134687
87750,0.48723356615051067
87751,0.4311876287913468
87752,0.36471168720433067
87753,0.5741347406037759
87754,0.45241073688786176
87755,0.5314445752716448
87756,0.42029936515383626
87757,0.5461495524230342
87758,0.30055348164850854
87759,0.5121877211873521
87760,0.32218660020018863
87761,0.5101234297054781
87762,0.38678421047924155
87763,0.3451221520692667
87764,0.28874725087652253
87765,0.46280333826295145
87766,0.4861477198238301
87767,0.5667608581915842
87768,0.37030644855303974
87769,0.3913711444383777
87770,0.44767962012714735
87771,0.362081761268739
87772,0.29533869673557356
87773,0.6129535005551764
87774,0.5142343529262373
87775,0.5135709014373981
87776,0.567211704990153
87777,0.5128186401946504
87778,0.5579062862386311
87779,0.29015793687323627
87780,0.3554264942771781
87781,0.3251160955606305
87782,0.4815069550600192
87783,0.47697698559405
87784,0.34414157639519527
87785,0.3044081390368949
87786,0.32659648624443116
87787,0.5466488136863686
87788,0.5488551836762275
87789,0.5242229540209532
87790,0.5884004973884066
87791,0.4115769580874258
87792,0.3526137237149627
87793,0.34507312154130787
87794,0.5095178232920698
87795,0.4760674421757382
87796,0.2914755504240967
87797,0.43443063151501
87798,0.5413395826200016
87799,0.5139210020539915
87800,0.5468408291252664
87801,0.5595509936797081
87802,0.5120845226327221
87803,0.5065905919389168
87804,0.5536984809103871
87805,0.46880185850796113
87806,0.3775119897791358
87807,0.4775581314428006
87808,0.36905541643003786
87809,0.5449435961118844
87810,0.5008212858038142
87811,0.5776438020734126
87812,0.4820690787499858
87813,0.3656586939435571
87814,0.47428163982902044
87815,0.34876454290125625
87816,0.42375563315440257
87817,0.47088526344422704
87818,0.3894987909961997
87819,0.5227262894892313
87820,0.498508198964695
87821,0.4711608432765331
87822,0.29627931810209346
87823,0.5518365260813503
87824,0.4636352926670754
87825,0.47456380870853976
87826,0.31803479648007743
87827,0.6915455334345204
87828,0.42636344940876
87829,0.48095979978064196
87830,0.5090954782306727
87831,0.48316362249547706
87832,0.2948661043784409
87833,0.4587922380255007
87834,0.30245304912844284
87835,0.5833197844897113
87836,0.544482765973917
87837,0.30416149167651224
87838,0.5377895762816209
87839,0.36882865034471884
87840,0.543304580015876
87841,0.5765281018500067
87842,0.3441982679072731
87843,0.4792002745131145
87844,0.35726878158584097
87845,0.2881579043446402
87846,0.5558240340341534
87847,0.5092084849478085
87848,0.31839694765011145
87849,0.3495262603159706
87850,0.49090274599906436
87851,0.5129206559059227
87852,0.5620662623754171
87853,0.5941992423158132
87854,0.5719508699609342
87855,0.4510538894172581
87856,0.5938957799951005
87857,0.5792434206947337
87858,0.5053033301117416
87859,0.469436788354217
87860,0.46836998784756095
87861,0.556206334627215
87862,0.4955575737974097
87863,0.4902520344740607
87864,0.5018178051643991
87865,0.38074531491189834
87866,0.5174061874789765
87867,0.3024586794244636
87868,0.5262283163179
87869,0.4155938130558674
87870,0.42619760217896585
87871,0.33993418126845654
87872,0.5148703337644779
87873,0.3662383906992473
87874,0.3548532509234758
87875,0.5230950805473704
87876,0.2742452064533514
87877,0.4673149501730959
87878,0.47829013622436106
87879,0.4761015932718806
87880,0.3530226507327601
87881,0.4851872722724454
87882,0.5209147419257851
87883,0.3859954928139583
87884,0.35621209812490995
87885,0.5631816446832096
87886,0.5369364457075052
87887,0.4853991721837772
87888,0.45650691766605006
87889,0.29631458217881423
87890,0.447705680142162
87891,0.31240612038765314
87892,0.5116487526497695
87893,0.38181161102712613
87894,0.5481884393258775
87895,0.47118271391939337
87896,0.625465535380078
87897,0.35126127417346636
87898,0.40550231314410534
87899,0.2851640774907521
87900,0.4826468233136197
87901,0.5292137642141871
87902,0.25128586306987855
87903,0.48916840807454576
87904,0.27473778022545303
87905,0.33633617031247615
87906,0.47834637311964695
87907,0.3423750508167545
87908,0.35929675332036926
87909,0.5309663627266495
87910,0.4800129406090414
87911,0.3961803003060559
87912,0.29191128620887535
87913,0.3046641195369513
87914,0.5838986978216308
87915,0.5403335210986823
87916,0.3130982929435962
87917,0.5614687979385407
87918,0.49554499156452286
87919,0.31076376951352264
87920,0.5022122937989405
87921,0.5898213990403367
87922,0.35005126851302365
87923,0.3894032505428685
87924,0.2839999046951115
87925,0.324220681978989
87926,0.4617830611489324
87927,0.36534029348541175
87928,0.36916797245105837
87929,0.5252921821815533
87930,0.4762965933230709
87931,0.282283235438914
87932,0.5262278655513469
87933,0.39632058439476864
87934,0.347798840162362
87935,0.6045964293191464
87936,0.30173812150289764
87937,0.3032644712358848
87938,0.5317977354215148
87939,0.29092517968254844
87940,0.4313945535970944
87941,0.5675317774005282
87942,0.29449409329019305
87943,0.47912267905689965
87944,0.6497018093683966
87945,0.26984108751542574
87946,0.5080881616643177
87947,0.5489546961378806
87948,0.5013553800800541
87949,0.28621991114650924
87950,0.29725587056244457
87951,0.4776589274640775
87952,0.47060729911083055
87953,0.44170394626314935
87954,0.46516086434294346
87955,0.2932741038943766
87956,0.5082837354831915
87957,0.3990240969256503
87958,0.3015487901615909
87959,0.47587425222346474
87960,0.29530946009874387
87961,0.5459610196752279
87962,0.5905902954042151
87963,0.6012549267427865
87964,0.48286782003687845
87965,0.5176088340810776
87966,0.3432190895431379
87967,0.5722665179445707
87968,0.47857382557258454
87969,0.5560377550581814
87970,0.5300660843975673
87971,0.3529522726005138
87972,0.5852188033765108
87973,0.48823281844025684
87974,0.39460782689137264
87975,0.3002106692368795
87976,0.30295962664075293
87977,0.2914852967908537
87978,0.3576609996824842
87979,0.3521982042836015
87980,0.4962064939441791
87981,0.5094852537255086
87982,0.37512989021291143
87983,0.6658023165687217
87984,0.28023550710318834
87985,0.2724635972363503
87986,0.5365960067474626
87987,0.35106206833224324
87988,0.31107331461924836
87989,0.6263555824156365
87990,0.4643880949438524
87991,0.33559631303475335
87992,0.4847638950319647
87993,0.5234514290500928
87994,0.5531545787532959
87995,0.49859320414922387
87996,0.5170722969116541
87997,0.5121275422137708
87998,0.5136349477034472
87999,0.30172906620716716
88000,0.35049964696067615
88001,0.31153375620268686
88002,0.2958307650814691
88003,0.5786562705229754
88004,0.4999557840621689
88005,0.34624686038520164
88006,0.4829064775479358
88007,0.29592957953110827
88008,0.38595570380822597
88009,0.3707115741359893
88010,0.48433238446418564
88011,0.4550818822671226
88012,0.5369725197784998
88013,0.2984171362917918
88014,0.3252671688183303
88015,0.36106128283721156
88016,0.4546715054559457
88017,0.30943971812513016
88018,0.4838329424915541
88019,0.37014233327646706
88020,0.5432706473890165
88021,0.3210703104800952
88022,0.5527117840874276
88023,0.40081388857689276
88024,0.5212283134701804
88025,0.3650131710768025
88026,0.6102122012285409
88027,0.45106906827840054
88028,0.6084924803746172
88029,0.28909235218961704
88030,0.5179608170235896
88031,0.37623782402694644
88032,0.4637707320464836
88033,0.4166197585315314
88034,0.3130044139665783
88035,0.3991742387210014
88036,0.43136135647336715
88037,0.5394319767993044
88038,0.37536600808840276
88039,0.37396309281879303
88040,0.43086672893176897
88041,0.296107676001215
88042,0.5510065067429895
88043,0.3004393186453959
88044,0.3148001933362334
88045,0.5943938106615044
88046,0.5725681718317652
88047,0.3120095850935373
88048,0.6269967445468121
88049,0.39963555331388323
88050,0.32685155935070526
88051,0.28864105216849334
88052,0.34773070905602194
88053,0.49628825297087853
88054,0.259233821037466
88055,0.5827716203454247
88056,0.46341991104190333
88057,0.30651381308618064
88058,0.30203214959982644
88059,0.35019115657532773
88060,0.5151263026262052
88061,0.4040238490316229
88062,0.4898901890730488
88063,0.4742490878800893
88064,0.30024198692525356
88065,0.5490980121780995
88066,0.4780165669678928
88067,0.475795202312008
88068,0.334101872033326
88069,0.5582553488282421
88070,0.29260326293714284
88071,0.5173916413602694
88072,0.5449793312951291
88073,0.49892685700630146
88074,0.4421639409571649
88075,0.28494897824709325
88076,0.4722097734917342
88077,0.4587945202785897
88078,0.3600461309070873
88079,0.3854545542453359
88080,0.47719766987414264
88081,0.419591001983947
88082,0.3431617446161285
88083,0.4581297720312981
88084,0.6439423276749956
88085,0.4846956557268623
88086,0.3109274820356722
88087,0.4757689181035224
88088,0.4950897905993648
88089,0.46171458682570826
88090,0.3301384906685082
88091,0.35452864085152874
88092,0.3075082327632902
88093,0.46899398734972314
88094,0.360353802486
88095,0.32839564386263304
88096,0.47341981776534
88097,0.4309910654537869
88098,0.546598040727061
88099,0.30091423393592454
88100,0.3628578959240366
88101,0.5887799936523209
88102,0.6043784207414928
88103,0.40057064233943346
88104,0.3609466762632028
88105,0.48238312375495224
88106,0.33846573641628874
88107,0.6117658256202466
88108,0.36338551842117006
88109,0.35681295046684125
88110,0.6143187087489628
88111,0.4088854337072234
88112,0.5852185276361459
88113,0.4680890064671992
88114,0.5093529194540871
88115,0.3033107768783883
88116,0.4151649505378922
88117,0.4664052173931674
88118,0.29630186329420305
88119,0.494396133464268
88120,0.28657353085928067
88121,0.5007264377396962
88122,0.5860039331434592
88123,0.5034689291194749
88124,0.44786247554366687
88125,0.3148905926098059
88126,0.3886270697431726
88127,0.36107784267195564
88128,0.6090209007745064
88129,0.5124607221986295
88130,0.5642414760196607
88131,0.473478731387203
88132,0.4817651740984221
88133,0.6115626995775668
88134,0.4839344257815781
88135,0.5548752926374103
88136,0.3063905812004788
88137,0.46387854755812313
88138,0.46546576218595737
88139,0.46606361990352546
88140,0.47565063732278284
88141,0.357900613130185
88142,0.5617493990874137
88143,0.47545113800368677
88144,0.6126963514089481
88145,0.5619117969392817
88146,0.41473320149971066
88147,0.5998235405583916
88148,0.5292496422502221
88149,0.48177006274870254
88150,0.4040524830216269
88151,0.29351366092888403
88152,0.35522521406235136
88153,0.49441251791253316
88154,0.45287635275519417
88155,0.4365617893921078
88156,0.25295729638755565
88157,0.5241872445315328
88158,0.532000910259118
88159,0.4874112917646601
88160,0.483418124446027
88161,0.3056014419164097
88162,0.4957560770218056
88163,0.47761903533706374
88164,0.5352899599143908
88165,0.478741602860716
88166,0.3020965121646563
88167,0.43679808096145095
88168,0.4810359499877908
88169,0.47794012682938214
88170,0.41272369945181686
88171,0.30094648746369584
88172,0.5537956206302049
88173,0.32434801895136967
88174,0.28038213778723775
88175,0.330144226953824
88176,0.31295097053397825
88177,0.3776939231812778
88178,0.30095516470229366
88179,0.48865820423889744
88180,0.48090176834601644
88181,0.36627413204408177
88182,0.3582881138668343
88183,0.4939553865805294
88184,0.4420667097400182
88185,0.30014003918254706
88186,0.2773997964497445
88187,0.28670246930459264
88188,0.5267765628547446
88189,0.49535592282596114
88190,0.28948048399139936
88191,0.4725892414879709
88192,0.36529422242595927
88193,0.5481833367667648
88194,0.5293581857030961
88195,0.43700104924278693
88196,0.30464509339152746
88197,0.5083576809827687
88198,0.5979933604283941
88199,0.4707000955638639
88200,0.5142550895130517
88201,0.4069234736808625
88202,0.4961975758436508
88203,0.47469533862645735
88204,0.3932522919048611
88205,0.5909008742917042
88206,0.49389607317984324
88207,0.607998897299363
88208,0.5443097081151075
88209,0.4565666355384945
88210,0.49032098260007356
88211,0.47107212435332574
88212,0.3693923124996689
88213,0.34592953657006714
88214,0.30193076485233694
88215,0.5319111688288387
88216,0.34299166750832444
88217,0.2955259697289527
88218,0.4800410511955969
88219,0.524795679824938
88220,0.399172333449275
88221,0.2862305874023973
88222,0.4831153231368028
88223,0.4734329944733845
88224,0.3024357214860855
88225,0.4991977405796361
88226,0.545239614350219
88227,0.4805668894147093
88228,0.30627576583259497
88229,0.6036750493517509
88230,0.3625345204681531
88231,0.5215066423798825
88232,0.34607513727679695
88233,0.4678634372824392
88234,0.3550308333581984
88235,0.38692960701775575
88236,0.3356616788552985
88237,0.5460862543193257
88238,0.6306851251548375
88239,0.32064215146045344
88240,0.4847824715780575
88241,0.30462924976589806
88242,0.5006545174923167
88243,0.3670151029774583
88244,0.392677043696861
88245,0.5127765307100556
88246,0.34361570906231553
88247,0.5810801352422722
88248,0.4719050915931602
88249,0.5458434747788407
88250,0.5784007517920049
88251,0.40643635544933737
88252,0.46587352950408767
88253,0.3587174745215838
88254,0.4293011984650597
88255,0.3655624117174849
88256,0.39883059363421824
88257,0.4750295302015754
88258,0.4664303238023199
88259,0.5450313741646194
88260,0.31489558934969963
88261,0.4481797638827536
88262,0.48711043938791143
88263,0.2993419793728664
88264,0.5496542580922428
88265,0.3855904548924901
88266,0.2808039907058156
88267,0.5227007048692591
88268,0.3403755148470102
88269,0.3459808411228351
88270,0.5770815694758406
88271,0.2638565424208811
88272,0.5649594142275474
88273,0.3108418003852731
88274,0.4713075769531998
88275,0.35120536857863655
88276,0.46964209318171557
88277,0.30625247094987557
88278,0.5853063159689762
88279,0.49314600704714984
88280,0.529733350238605
88281,0.4008211261295805
88282,0.3102862690991431
88283,0.5455060995749209
88284,0.5180929043332235
88285,0.3042123584572919
88286,0.5952057697941607
88287,0.4141410555147183
88288,0.549674826309904
88289,0.36715860658075805
88290,0.3492698514790048
88291,0.5652926461740173
88292,0.6147672775303097
88293,0.3542208848310392
88294,0.4480442439172987
88295,0.449850424155635
88296,0.3144293505216136
88297,0.3042340550381814
88298,0.6234186148480203
88299,0.47383536942222537
88300,0.48904489674915175
88301,0.30972940048529596
88302,0.2859293188172568
88303,0.30684266572597285
88304,0.49962604755790374
88305,0.4687091034906119
88306,0.5397112739829014
88307,0.5408094879698703
88308,0.46687524640142586
88309,0.5420296608890928
88310,0.5051647483966454
88311,0.4900426804114709
88312,0.47719969040530186
88313,0.3175377384758806
88314,0.36553683489628797
88315,0.4337595407002206
88316,0.47544297858057794
88317,0.4799299206449521
88318,0.5795741163600834
88319,0.525137132216544
88320,0.35353678136104005
88321,0.509538233632175
88322,0.474173292094694
88323,0.47672418976105496
88324,0.542838872028494
88325,0.5694805541833853
88326,0.45870295528700356
88327,0.5640275801248874
88328,0.2795384606398273
88329,0.39663874613602873
88330,0.5800120479381772
88331,0.5583824579636023
88332,0.43396137075627456
88333,0.47122132172773307
88334,0.6064396627230104
88335,0.49258758178855294
88336,0.36738597295145853
88337,0.5098052711577918
88338,0.5488723058964223
88339,0.35740263278589984
88340,0.29909495676623216
88341,0.5206075025595618
88342,0.28809602678628843
88343,0.36053790657404955
88344,0.5666004907221643
88345,0.5994670089468288
88346,0.30472030456326676
88347,0.3395511209519745
88348,0.4085205546187854
88349,0.4768368320378906
88350,0.32976019931624656
88351,0.2450209911865373
88352,0.3713812013640196
88353,0.29746958249119254
88354,0.2931959236071657
88355,0.4951736212944216
88356,0.466081425659784
88357,0.3676449568494358
88358,0.4810475704587576
88359,0.5910475768474617
88360,0.30654845855863194
88361,0.2964134532105417
88362,0.5393493047748242
88363,0.4832710585404315
88364,0.34596986422927495
88365,0.6131087064873693
88366,0.3474397147510507
88367,0.6110198238870512
88368,0.3990138759168315
88369,0.3534139146389335
88370,0.40305950324476775
88371,0.5261856865267132
88372,0.5207251350086581
88373,0.2989595088565748
88374,0.2919840892078176
88375,0.59692554113725
88376,0.5237221529053665
88377,0.4965259644093992
88378,0.334822535074858
88379,0.3598731221338082
88380,0.5447275785527491
88381,0.46051632213757004
88382,0.5548314045598561
88383,0.4709422296494296
88384,0.5131022533867834
88385,0.4752448797523915
88386,0.6062211202969064
88387,0.4846644015864742
88388,0.47937769314626816
88389,0.4187895616116202
88390,0.5780118706681041
88391,0.2950428856583527
88392,0.32897535006802897
88393,0.4838273850899353
88394,0.4403787219479233
88395,0.4645038115224661
88396,0.30516030785961545
88397,0.47510204680663404
88398,0.3700689219040869
88399,0.30370865524161833
88400,0.32529466585642214
88401,0.5678112857077828
88402,0.3682891316978332
88403,0.4604210564328698
88404,0.48643129039295474
88405,0.29126421759119636
88406,0.40398537686473573
88407,0.4780889588488339
88408,0.3943494106197422
88409,0.48322000778432417
88410,0.5334214934009767
88411,0.48214693572826345
88412,0.4894159252348569
88413,0.5785097040138107
88414,0.5504068201333706
88415,0.36214868655928056
88416,0.5377126561014917
88417,0.5899669338285359
88418,0.4799842383252333
88419,0.3116315375907886
88420,0.6556563194550918
88421,0.5480006333860649
88422,0.5332862848538217
88423,0.5726222741511251
88424,0.39469153588064415
88425,0.48348653277941234
88426,0.548179869646313
88427,0.5242891836315526
88428,0.4169075515224672
88429,0.5233414704575806
88430,0.4601751678777078
88431,0.5466525209420637
88432,0.2897371548428862
88433,0.3983014761440264
88434,0.48890954248343343
88435,0.6123431991943242
88436,0.56270474458997
88437,0.46082224455881593
88438,0.3094147480090527
88439,0.5709285468330068
88440,0.5096942600933762
88441,0.5505240956841811
88442,0.2962799068969463
88443,0.5484749726989786
88444,0.6480785004432363
88445,0.2999741567063847
88446,0.3693421150809598
88447,0.31830567396072756
88448,0.4575044210525384
88449,0.3455591640277587
88450,0.48890285174292225
88451,0.4948428647046732
88452,0.5411834883952469
88453,0.5852512743208407
88454,0.5899281937549352
88455,0.596091307095134
88456,0.5387526708232693
88457,0.5939657467187754
88458,0.5479114585267251
88459,0.30286015132493005
88460,0.38881742248846274
88461,0.5028156723528204
88462,0.3519752898726049
88463,0.4642650739022618
88464,0.5675799389790813
88465,0.5753441190901161
88466,0.408790339228777
88467,0.31824770771005584
88468,0.4735427738970114
88469,0.38114400350380806
88470,0.6219560204234242
88471,0.5573375052031995
88472,0.5358174525159801
88473,0.29539408730163963
88474,0.5406317239421453
88475,0.39216869470639976
88476,0.44444422625334984
88477,0.47329515921767706
88478,0.5462034626403608
88479,0.5253099475045205
88480,0.4605417961670119
88481,0.4798012548530907
88482,0.5993104234699005
88483,0.36307195350055027
88484,0.2993066228677098
88485,0.29459682303784196
88486,0.5819816412590142
88487,0.29266286255623625
88488,0.4521666016714039
88489,0.46310247292566975
88490,0.465606661471204
88491,0.46987603917479165
88492,0.5190999982985268
88493,0.4513401636373548
88494,0.3598064374759483
88495,0.5374226396629511
88496,0.4837706784016859
88497,0.2694569142764481
88498,0.45474854689833594
88499,0.36304296558396554
88500,0.46122717742489394
88501,0.29201283672328815
88502,0.47176750013949503
88503,0.3504286809479678
88504,0.5898454849837043
88505,0.5567641779132224
88506,0.3275604289127196
88507,0.47059384243324615
88508,0.4990036152894587
88509,0.5598645152227885
88510,0.3123180274992116
88511,0.3562701205178342
88512,0.521667993045326
88513,0.32449405540699683
88514,0.3552626152349746
88515,0.33435631491886847
88516,0.48204918038819483
88517,0.5422219419390134
88518,0.47469432591304406
88519,0.5394503364717815
88520,0.3651693773996917
88521,0.3602054961267438
88522,0.6167149401617219
88523,0.45012766803942594
88524,0.3204997638993495
88525,0.5748906785091148
88526,0.5054655489073029
88527,0.36320521471393735
88528,0.37805933758096766
88529,0.5384593254655048
88530,0.35077437285436586
88531,0.3526863732493739
88532,0.48336017671507375
88533,0.6156720827756709
88534,0.3030131353139329
88535,0.591200674480901
88536,0.4599493689278434
88537,0.46000187474063
88538,0.47827691366697955
88539,0.3595362437589297
88540,0.4860430300329738
88541,0.3437095978908353
88542,0.2981763286325827
88543,0.5523170099357533
88544,0.5046522162729279
88545,0.3283169869505898
88546,0.2727994232772095
88547,0.5606111102232948
88548,0.32187058129308055
88549,0.5268915906657601
88550,0.486201569288703
88551,0.2770762815435353
88552,0.520077287713995
88553,0.3055485986496698
88554,0.3504609165918066
88555,0.28735716499666725
88556,0.4984476921077772
88557,0.4645995003927503
88558,0.42247030302576866
88559,0.4676253137822736
88560,0.4677847933198543
88561,0.5046397322445454
88562,0.35874568628093356
88563,0.46137707106195686
88564,0.4594378348573
88565,0.3572203181361178
88566,0.44347262196863757
88567,0.4947937338561324
88568,0.5733976128224758
88569,0.3466798346342098
88570,0.3328657252986941
88571,0.527904806676499
88572,0.354790680878221
88573,0.441867722622325
88574,0.4893273526581565
88575,0.38273573236463737
88576,0.5406379774752567
88577,0.5370392360750457
88578,0.40475110735514624
88579,0.32895094244299766
88580,0.5527610500253674
88581,0.45759088350343824
88582,0.6091849974630297
88583,0.6015897482132203
88584,0.47408421412020796
88585,0.4665812966811359
88586,0.4035678609592446
88587,0.5848790485940892
88588,0.5657420714527934
88589,0.3587606677805741
88590,0.5931798992557531
88591,0.3703627461725172
88592,0.5179080574222209
88593,0.36412323400695845
88594,0.5521769059782464
88595,0.5001413551414401
88596,0.36739427482890896
88597,0.6132528245140241
88598,0.6125860813309495
88599,0.2904459363514736
88600,0.5555685492267409
88601,0.2947726215493423
88602,0.3366391995879533
88603,0.3784168259980515
88604,0.3931446573654871
88605,0.46098706776600035
88606,0.5084400032283648
88607,0.4854005285949089
88608,0.48076859343058764
88609,0.3729426457705977
88610,0.47133293950295685
88611,0.30484172245207386
88612,0.5856951289553786
88613,0.5565671140180427
88614,0.3173235366610026
88615,0.35682416264281924
88616,0.46347914607586244
88617,0.3596299908742148
88618,0.46650570313290707
88619,0.3624832443559623
88620,0.38623861338370846
88621,0.5886466064685169
88622,0.3636202751430024
88623,0.49104706534747905
88624,0.5741374528321446
88625,0.304109812100803
88626,0.5776746896480256
88627,0.5362689578595006
88628,0.5454697379691593
88629,0.30554202027041044
88630,0.48524714409119557
88631,0.36112502643673217
88632,0.40079382348607784
88633,0.2960970670693134
88634,0.46772896445804796
88635,0.49523279972909323
88636,0.34420528451727495
88637,0.4661013659338999
88638,0.5375090892837032
88639,0.5505068108206967
88640,0.46365133151688753
88641,0.47578094825776696
88642,0.5102855129210838
88643,0.6292411288814894
88644,0.3447175128546837
88645,0.2931228274476468
88646,0.503771490350339
88647,0.29845087729657416
88648,0.5137751024524009
88649,0.4732646053757789
88650,0.3710322421614058
88651,0.5231330816503029
88652,0.4847530347659831
88653,0.2770869999841483
88654,0.2923989173733533
88655,0.29319078527045195
88656,0.5561450861729148
88657,0.4643273900425395
88658,0.5333483321778686
88659,0.4741074287263698
88660,0.29239629874029055
88661,0.5449640635712675
88662,0.44917035518540693
88663,0.304827702770566
88664,0.6036445402199495
88665,0.5332009327205562
88666,0.399231190650529
88667,0.5516315664507722
88668,0.5385525592592033
88669,0.48868495567351405
88670,0.5013798268027608
88671,0.47850787337562545
88672,0.539152653619151
88673,0.5764670379720248
88674,0.5638886937178796
88675,0.40518888808181436
88676,0.4883152580571887
88677,0.5045607289773621
88678,0.3026929577151197
88679,0.558111793998325
88680,0.5759166181304064
88681,0.29915590496161926
88682,0.3792434424044113
88683,0.3626300215931964
88684,0.3046192184786345
88685,0.5154594210761981
88686,0.4073470791075908
88687,0.3238414907790386
88688,0.29891231756085623
88689,0.44869309278560326
88690,0.5007539093358397
88691,0.364192799317153
88692,0.5439251585104248
88693,0.4691049616006504
88694,0.36123403362086615
88695,0.5700898950192553
88696,0.6034957069117726
88697,0.5129579795226529
88698,0.5576578681785176
88699,0.489955075806005
88700,0.5412507821927917
88701,0.538268237988264
88702,0.5688049500749605
88703,0.4830127483449547
88704,0.49324194153099427
88705,0.5805081645458501
88706,0.5695561946078738
88707,0.47639531432499815
88708,0.6246188332055311
88709,0.5548880024571686
88710,0.5774482538373458
88711,0.48758772532656536
88712,0.3674011228195463
88713,0.5285832147676525
88714,0.4997749905150398
88715,0.5834722961244079
88716,0.3011848589487731
88717,0.5555682732257057
88718,0.39304590115373417
88719,0.29559140070897016
88720,0.36204468023054254
88721,0.5732534152987988
88722,0.5882746282111977
88723,0.3599588528048263
88724,0.5367142314482996
88725,0.26641502840656084
88726,0.5287664043862332
88727,0.4872422569380315
88728,0.5181513141688253
88729,0.38279470915372005
88730,0.5465653834598997
88731,0.5545471922011813
88732,0.2929855456006112
88733,0.3772205540672614
88734,0.2791193658812373
88735,0.38982653831129355
88736,0.47468552223507365
88737,0.47058931994586733
88738,0.6042860519422848
88739,0.4164725614928723
88740,0.49422213958476047
88741,0.5621070670758028
88742,0.4742121824055324
88743,0.3702017213068815
88744,0.468958281436768
88745,0.3392123381548507
88746,0.5437534210535074
88747,0.4260461690056313
88748,0.37434881577051493
88749,0.3474008386011676
88750,0.3442900263427948
88751,0.2953595854311191
88752,0.5090912059012868
88753,0.2902555541489836
88754,0.3424724624477692
88755,0.3532162477603208
88756,0.3594910674902391
88757,0.3776734848309992
88758,0.2694157071502063
88759,0.5801027984179526
88760,0.37701667285727225
88761,0.4614712156515261
88762,0.5226515719414814
88763,0.42544718752538824
88764,0.5463953226583245
88765,0.4839182958191333
88766,0.5289113072706056
88767,0.2580612756188066
88768,0.5177023521331481
88769,0.4833611686213415
88770,0.3680569821807218
88771,0.531014969048576
88772,0.27789997617504275
88773,0.5933722477805917
88774,0.48651689098323087
88775,0.471283831863579
88776,0.3530762558909184
88777,0.5817563631877275
88778,0.5539205076635292
88779,0.5811996938358545
88780,0.49903203944614416
88781,0.35370783044771564
88782,0.46802394476594905
88783,0.3037237645711005
88784,0.37359136286160266
88785,0.6084170074009315
88786,0.35303634139022494
88787,0.4508538497416933
88788,0.3266402465509673
88789,0.2986295211540102
88790,0.5524829301884459
88791,0.3187703382578988
88792,0.4288761357928052
88793,0.2968230527173027
88794,0.4411206127326402
88795,0.30351470666969266
88796,0.2626974150815306
88797,0.5707689186040951
88798,0.3047013116931955
88799,0.41956822028019397
88800,0.6012532773763895
88801,0.46500153326359284
88802,0.3019457379730264
88803,0.35649016370051817
88804,0.3638122956282298
88805,0.48909006198907
88806,0.4900480668465367
88807,0.4931495326923449
88808,0.4700103313587376
88809,0.2836402116189337
88810,0.35267954389107864
88811,0.4622243932916224
88812,0.5786706822223064
88813,0.25990276833661907
88814,0.3118509287834495
88815,0.6134056170336394
88816,0.4597121009204804
88817,0.3061459781916973
88818,0.5736726815328805
88819,0.4633058441925372
88820,0.5276172520198104
88821,0.47755642808400445
88822,0.30275505276814635
88823,0.45915585383009694
88824,0.37505045809467147
88825,0.5150056868701666
88826,0.5206833339011444
88827,0.4609867280791891
88828,0.5380687455584506
88829,0.5929165501702514
88830,0.38128811542517804
88831,0.4794687241654954
88832,0.6015019568090189
88833,0.35500868219011367
88834,0.5978627023377202
88835,0.48329442625056834
88836,0.6317959862567636
88837,0.30395698223231377
88838,0.44496424867285805
88839,0.5512508093700524
88840,0.4721043560563535
88841,0.4864707080310485
88842,0.6048864271522539
88843,0.4519382644185481
88844,0.548498637322259
88845,0.3835608803980558
88846,0.46362826359734205
88847,0.6189976057491123
88848,0.6434534087514956
88849,0.4602506049747868
88850,0.3953151693977073
88851,0.34711882669652927
88852,0.5396949750092211
88853,0.29035046375877455
88854,0.4047152656550373
88855,0.4844449107316868
88856,0.567435516369508
88857,0.4631300190014771
88858,0.33986315604656603
88859,0.3764639043783649
88860,0.3099313346366725
88861,0.3591527255677893
88862,0.3607331860713618
88863,0.6558276512736152
88864,0.36936437676971173
88865,0.5416306996114546
88866,0.29853928288622006
88867,0.35397070316848805
88868,0.4054309388667077
88869,0.49435196928828423
88870,0.4426436887244084
88871,0.6009623918748966
88872,0.5021311445577759
88873,0.2870763807607629
88874,0.31484262376190236
88875,0.46706079322856076
88876,0.4689419551393441
88877,0.48001297363295
88878,0.47172314197582277
88879,0.49717448884775334
88880,0.44789154987930635
88881,0.322757083394666
88882,0.6150679420586002
88883,0.354214574395823
88884,0.4790872591407749
88885,0.5681149681919597
88886,0.4687590743981849
88887,0.3539821991095337
88888,0.39971934076560955
88889,0.5124313577602594
88890,0.4936032866971051
88891,0.33278127313214423
88892,0.45016060343518316
88893,0.30629047256268627
88894,0.5456917356644746
88895,0.5746201315060936
88896,0.482050468996157
88897,0.548891781326529
88898,0.30574955924496033
88899,0.3209299778495848
88900,0.5712650647365303
88901,0.4626491438777764
88902,0.5612905284994314
88903,0.4646694682497288
88904,0.4682091983836782
88905,0.452910150347525
88906,0.5051318345106119
88907,0.36465851323609716
88908,0.35518457402978537
88909,0.2527101744330706
88910,0.38673645678619073
88911,0.5056947288295
88912,0.4734553149479113
88913,0.462759316439593
88914,0.30318766300242483
88915,0.5552467969097642
88916,0.3387133567519242
88917,0.2974950163451699
88918,0.5342640292940983
88919,0.5410830620734086
88920,0.5934882548742658
88921,0.4864339689140047
88922,0.48396622623529156
88923,0.532299559121893
88924,0.31325349551302667
88925,0.4788454000392668
88926,0.541475508280427
88927,0.2931692044964176
88928,0.5083824500385069
88929,0.4766198011875623
88930,0.542977690033517
88931,0.45422166419014476
88932,0.49329899557562445
88933,0.5060846647721252
88934,0.48311919554952104
88935,0.460965640161037
88936,0.3481275135143342
88937,0.5928615500112662
88938,0.5084437943397367
88939,0.6418199618531983
88940,0.301548816631173
88941,0.4717758037300655
88942,0.3231129427153449
88943,0.5672769783474864
88944,0.4617976792322323
88945,0.38497679866072326
88946,0.42881312093227814
88947,0.3824183167862521
88948,0.5758511444621655
88949,0.39673318072976266
88950,0.3403630178049537
88951,0.48300450023764185
88952,0.466458941816258
88953,0.2939822058000163
88954,0.5497264530879373
88955,0.3211056512895831
88956,0.5067727525275932
88957,0.4998162624981159
88958,0.30165944559247526
88959,0.3423077009221456
88960,0.4670226041038583
88961,0.41741649738192116
88962,0.42611752274188197
88963,0.5512279127854517
88964,0.3643615414994613
88965,0.291928912563958
88966,0.37514244670169206
88967,0.5310524097488671
88968,0.4940373903103211
88969,0.46868584467577357
88970,0.4607697523230239
88971,0.538187281965759
88972,0.4220170540202501
88973,0.4128010707608405
88974,0.45913470771641174
88975,0.3240296139861916
88976,0.5516156100455187
88977,0.6263628810443272
88978,0.49580508103009846
88979,0.5776408804394506
88980,0.4960442562046729
88981,0.5705740252622956
88982,0.4966826740299381
88983,0.30273350041899205
88984,0.40455606699332347
88985,0.2957177140885759
88986,0.2829085891027995
88987,0.5450816443302176
88988,0.49570795952784985
88989,0.2798111969701081
88990,0.4772260583298523
88991,0.3619404720231182
88992,0.29463332186131336
88993,0.31401966356019706
88994,0.27763471249236604
88995,0.37620390951139643
88996,0.5527487588513947
88997,0.5885949716309494
88998,0.3259964225346512
88999,0.3116692064040498
89000,0.2998355798809874
89001,0.4087047534897594
89002,0.558309208298461
89003,0.4838629461133636
89004,0.48652072779329997
89005,0.5121494305076848
89006,0.5625632151692332
89007,0.5583923728863935
89008,0.481516580459045
89009,0.4840366403439349
89010,0.2974567848326557
89011,0.4745103592211982
89012,0.44904740961477274
89013,0.533014771300353
89014,0.543955933911763
89015,0.4676993505814995
89016,0.47230260444374933
89017,0.2926903080305585
89018,0.47963651954632075
89019,0.581185353398473
89020,0.634193066662986
89021,0.5980657585027824
89022,0.3653680646623
89023,0.49105466324086544
89024,0.3570720068902115
89025,0.4691592476507541
89026,0.4725945528514907
89027,0.4691322363266605
89028,0.2946302224903876
89029,0.5252429171729134
89030,0.5645130714397019
89031,0.45519118717202284
89032,0.27388811744713526
89033,0.3907790328955318
89034,0.3110875510274681
89035,0.6058080729105166
89036,0.2892647198763286
89037,0.2682833777241576
89038,0.5657654278387187
89039,0.3676191536395699
89040,0.5504344175707071
89041,0.35757700731580966
89042,0.35231240550588777
89043,0.5694188974809179
89044,0.3288348972646058
89045,0.48017170536436804
89046,0.48434817067155805
89047,0.5715017786065527
89048,0.45726834039361036
89049,0.5561583341430404
89050,0.35625071850301115
89051,0.3560918071949812
89052,0.37040796987044644
89053,0.36654488922623085
89054,0.5214833804039612
89055,0.562571986019995
89056,0.45993008946119396
89057,0.4141664779151721
89058,0.48202512920269974
89059,0.4788785951438888
89060,0.3109366405805635
89061,0.5188142052912582
89062,0.5383874559492433
89063,0.4802350892508304
89064,0.3422084668851145
89065,0.33521837236294966
89066,0.5448508120764947
89067,0.2799703707080518
89068,0.355365193180501
89069,0.32794377801174246
89070,0.5074027382765482
89071,0.2735871197862704
89072,0.2955084197397244
89073,0.47359334610712095
89074,0.5661092117119858
89075,0.473097379266744
89076,0.5917194834554184
89077,0.35587269147623396
89078,0.5518734243897931
89079,0.4426387087588369
89080,0.48156854357014267
89081,0.3347961381505929
89082,0.569680334466745
89083,0.5121142590165874
89084,0.4610812035206
89085,0.5108551055822894
89086,0.5927366094200601
89087,0.33206663140430487
89088,0.4916993989518257
89089,0.4794946079272586
89090,0.5494992555520211
89091,0.505270441726748
89092,0.48052291327263374
89093,0.4650689920765607
89094,0.3592868389979112
89095,0.30177397075640083
89096,0.47712201803338905
89097,0.4886748823614745
89098,0.2882276951352402
89099,0.4605002328953165
89100,0.5441050756833279
89101,0.27775946554970365
89102,0.6195711495037739
89103,0.4669729957589174
89104,0.5686241809308498
89105,0.382316451896008
89106,0.455645773763756
89107,0.35443878400784135
89108,0.3757265788275138
89109,0.4600360550366114
89110,0.47719060900047344
89111,0.4408127867101308
89112,0.48723643877974976
89113,0.6885190996250224
89114,0.5302783762389836
89115,0.29781039712912355
89116,0.4656822420701531
89117,0.33897639725980644
89118,0.339166791149025
89119,0.38524499701331144
89120,0.4751102516773522
89121,0.34659991390423306
89122,0.28220428097801126
89123,0.3046109824431042
89124,0.3458913449553091
89125,0.36079239484764514
89126,0.35644042091170436
89127,0.5937707771851526
89128,0.30037160322794215
89129,0.4894331524269383
89130,0.4715096071343233
89131,0.47732923891390433
89132,0.35552549197363387
89133,0.4150075143867374
89134,0.5024447754600724
89135,0.45747013831499167
89136,0.2887040381530924
89137,0.3540689397657201
89138,0.2969346771515287
89139,0.29981424174817883
89140,0.3059905688695224
89141,0.3443667810442539
89142,0.4999585660552171
89143,0.5841992504346286
89144,0.49216620003319855
89145,0.47654851361768896
89146,0.6265007798991988
89147,0.31341839973221536
89148,0.4945967458281689
89149,0.5125940657178967
89150,0.5198905191393034
89151,0.5006450759709481
89152,0.34730463712262344
89153,0.28645161127390173
89154,0.3591183009707602
89155,0.46909103390069606
89156,0.30477574205919855
89157,0.4210401299485345
89158,0.48523726474321105
89159,0.5449919279640847
89160,0.4728593302446513
89161,0.472288432600379
89162,0.46390320445910954
89163,0.4792575271853325
89164,0.4825601462993574
89165,0.5583793677194014
89166,0.4971637062141735
89167,0.3927466235443214
89168,0.3859207822770894
89169,0.3648590512774781
89170,0.47015215081247147
89171,0.5347081567165413
89172,0.5086539136360445
89173,0.45550276099822323
89174,0.3806648853912783
89175,0.34464505366116377
89176,0.46515336001951263
89177,0.4020233107271673
89178,0.29727179818512145
89179,0.46088909909961256
89180,0.2905167467106417
89181,0.5959997411679444
89182,0.4769220047373805
89183,0.4865170699548844
89184,0.4954760155467288
89185,0.41751818389099365
89186,0.46932526792013185
89187,0.6333242487323983
89188,0.40215565690546023
89189,0.576716412798454
89190,0.5275315118214248
89191,0.35586041663663087
89192,0.4563772912259547
89193,0.4837679098733984
89194,0.29153985712527863
89195,0.47719936497789994
89196,0.5374342856425773
89197,0.5384149293441374
89198,0.5540804560139331
89199,0.37030934101571555
89200,0.4614097223536386
89201,0.3920853796193078
89202,0.5081454977288277
89203,0.5100094113730899
89204,0.46251390171120194
89205,0.47634779174037434
89206,0.5570888432665606
89207,0.36931741677546287
89208,0.2860503039288145
89209,0.5566090722771936
89210,0.5875861735542073
89211,0.4495861337309177
89212,0.555982843382904
89213,0.26506147886314957
89214,0.3419944399756247
89215,0.3736194511140342
89216,0.4772537056390888
89217,0.5808107258494744
89218,0.6240971467665316
89219,0.6621121991623967
89220,0.4771365533231732
89221,0.34328471526814464
89222,0.5045752007561978
89223,0.32197509310224026
89224,0.3629858789815624
89225,0.29298758281733794
89226,0.6562016365240246
89227,0.5493606255839166
89228,0.5012847731903056
89229,0.46864274358989305
89230,0.5044955919477501
89231,0.5948917776588146
89232,0.279706296754822
89233,0.47959499398011424
89234,0.5637601515911649
89235,0.5371674818325127
89236,0.47701194593256935
89237,0.49647767601670495
89238,0.540180243787267
89239,0.4894564332108993
89240,0.5224285263753025
89241,0.3318301320281082
89242,0.4424937998040865
89243,0.35334983739611914
89244,0.31029084400990453
89245,0.2937747472049211
89246,0.5738737064928632
89247,0.4724432651915915
89248,0.42780100781118957
89249,0.46399360918953964
89250,0.5300293092073713
89251,0.5894665097566806
89252,0.49933070738660557
89253,0.37340919803084294
89254,0.31032243277021637
89255,0.5457949397281896
89256,0.5201908400601156
89257,0.48967646052194097
89258,0.2981545550628181
89259,0.31068412010978713
89260,0.45883947915817014
89261,0.5587114485828243
89262,0.5153760283756137
89263,0.268819321964282
89264,0.4254331572680529
89265,0.5717372974033931
89266,0.4020935132116009
89267,0.295364087355823
89268,0.37154831388314835
89269,0.2919866653814606
89270,0.3182314769159752
89271,0.5449662264325094
89272,0.5932631617499274
89273,0.5966198765340126
89274,0.5703147550125066
89275,0.45739751966849673
89276,0.29257773627011197
89277,0.61959458527007
89278,0.4821668123749795
89279,0.49752176203519644
89280,0.4738803358363148
89281,0.3796912970747607
89282,0.3056701630257011
89283,0.6196387223916512
89284,0.490402937738955
89285,0.4966101046583828
89286,0.3787270660979348
89287,0.3523242430793601
89288,0.5297195290192582
89289,0.43382603260328667
89290,0.5697158063891071
89291,0.478131769663448
89292,0.27369803129931447
89293,0.2873398425083106
89294,0.29685192272362143
89295,0.5621763996321667
89296,0.30175503056675296
89297,0.3080122515283019
89298,0.4779810413455844
89299,0.31685946338061133
89300,0.45191853768244117
89301,0.5737628636525339
89302,0.3449812711218094
89303,0.3695600881593696
89304,0.2903124709459833
89305,0.5709758387236901
89306,0.5395503559409729
89307,0.543075054741395
89308,0.5078964161199336
89309,0.29995697124690884
89310,0.5369687058527666
89311,0.5148679308406163
89312,0.33168531245697874
89313,0.3595840956054104
89314,0.3680339096932547
89315,0.30835398271117137
89316,0.3783509831746126
89317,0.4769475684845268
89318,0.43141066132995987
89319,0.418452406916816
89320,0.4798414539314839
89321,0.29338172752573205
89322,0.6202131632175981
89323,0.47268297981449475
89324,0.3662458139166532
89325,0.3701034588075821
89326,0.357664773785326
89327,0.5578787109851315
89328,0.4723688350978858
89329,0.5123098823524158
89330,0.46174024577455103
89331,0.3560470382574057
89332,0.40522635992356343
89333,0.3419098088496009
89334,0.5566842835676332
89335,0.3764341692518376
89336,0.49793508023561056
89337,0.4867839189662042
89338,0.42817577711889765
89339,0.36682728676651627
89340,0.47975369189715766
89341,0.3508877561632117
89342,0.48657535564419946
89343,0.36347342956847645
89344,0.4914277513837991
89345,0.6010467512156074
89346,0.4839748597278969
89347,0.5025019160812733
89348,0.5766679843033057
89349,0.3558471181836167
89350,0.4781068347771458
89351,0.3573490308152817
89352,0.5489385262944189
89353,0.47770811993742673
89354,0.28830105737284334
89355,0.369962468532287
89356,0.5895564485138531
89357,0.2959142277786197
89358,0.3323575347762927
89359,0.4702048676431334
89360,0.5673923403221778
89361,0.30250037468274316
89362,0.6200118107357513
89363,0.5545934558763247
89364,0.3589720498467796
89365,0.5088161763330876
89366,0.4103720139628081
89367,0.46350913695280216
89368,0.3633517285280332
89369,0.37728915847149475
89370,0.6018614512897538
89371,0.3557447012283036
89372,0.3038213692767438
89373,0.35873233454293113
89374,0.5942522164914764
89375,0.48418539632840835
89376,0.4953997444379279
89377,0.3359963927830365
89378,0.3221166555756805
89379,0.5510494512796993
89380,0.479969521200379
89381,0.6106498120602653
89382,0.4758955470556132
89383,0.2797582155964784
89384,0.4724256158804752
89385,0.3425458066563213
89386,0.6171517675599877
89387,0.5425076392236163
89388,0.5776649594583466
89389,0.6184511266964414
89390,0.5359052347025225
89391,0.46635129627920435
89392,0.4801914751203085
89393,0.5567629522291755
89394,0.5945882158856846
89395,0.45829259719370263
89396,0.2826269147607681
89397,0.4908183248148472
89398,0.37898986253548594
89399,0.5009801087462926
89400,0.4576428986694543
89401,0.5117634177407981
89402,0.40870524963086113
89403,0.36390406707175554
89404,0.4336257956156453
89405,0.40058785609597897
89406,0.33560281193499003
89407,0.545024720994472
89408,0.5168756092014554
89409,0.3567040749479413
89410,0.5748496395156562
89411,0.4897643772448871
89412,0.3131793047091209
89413,0.4652632340059045
89414,0.646636285896027
89415,0.37428716088551717
89416,0.3097064290741682
89417,0.46990740570154704
89418,0.3563317695316275
89419,0.382322227302597
89420,0.4617864191253578
89421,0.4577434428157856
89422,0.3560256200737397
89423,0.5884956102000214
89424,0.4939789925886884
89425,0.30753996623910024
89426,0.3774274875838392
89427,0.4839198232967485
89428,0.3585515582330909
89429,0.5008480794900161
89430,0.3017677657697211
89431,0.32019588867926074
89432,0.28859601813428465
89433,0.40259546862814444
89434,0.28970742359098584
89435,0.44105106803311095
89436,0.4471486145794237
89437,0.39172022810983786
89438,0.559572602277594
89439,0.5595997304681581
89440,0.2934919473110407
89441,0.47022071438757446
89442,0.38880326049895
89443,0.5662992119204059
89444,0.5612497482457744
89445,0.4690187586936917
89446,0.4489680291711196
89447,0.5806954791802019
89448,0.47082707764403947
89449,0.4904434357679774
89450,0.6067737992212066
89451,0.5390315391459439
89452,0.3532856238673927
89453,0.576711155545649
89454,0.47284924235883347
89455,0.2995539243877691
89456,0.5202615064234124
89457,0.28749649773967
89458,0.4853321920190811
89459,0.5464716531458199
89460,0.5010496099320171
89461,0.2907689868735731
89462,0.28641014530777725
89463,0.6194212051995814
89464,0.5631755062215311
89465,0.31856955901191203
89466,0.3655774667411518
89467,0.5277405182521446
89468,0.4742451840370505
89469,0.473948202118606
89470,0.3696358959470295
89471,0.5976916028222429
89472,0.5543776863769622
89473,0.34353771322737026
89474,0.3479627738681765
89475,0.5235063038034834
89476,0.5164450993955005
89477,0.33727235828161606
89478,0.30064267983978565
89479,0.4886547412874413
89480,0.5428530059962713
89481,0.31462299163833507
89482,0.5857687397150763
89483,0.5550330828403865
89484,0.5492637986787332
89485,0.3630779417322
89486,0.4828714493692744
89487,0.4806168753929195
89488,0.5540255463259776
89489,0.2979318026787944
89490,0.3659137358607489
89491,0.32941707908458123
89492,0.4770300144688986
89493,0.36195633482152395
89494,0.34514328171583036
89495,0.3893444923361205
89496,0.53001270486188
89497,0.5847069608916937
89498,0.5748689149391668
89499,0.4790916014850666
89500,0.36370000426694093
89501,0.3676444236914707
89502,0.2783470549905133
89503,0.32388503560792203
89504,0.5061217990334104
89505,0.4592211353180021
89506,0.47451159932097664
89507,0.35999006409385154
89508,0.537840007713613
89509,0.5385159923895193
89510,0.35370207273667376
89511,0.4763128242934689
89512,0.47408012628909935
89513,0.5192245592906335
89514,0.5381622596649833
89515,0.5542091373125184
89516,0.5503376268570055
89517,0.5455362626947127
89518,0.3376550868208406
89519,0.529655164964319
89520,0.6023324134286676
89521,0.40171391410065477
89522,0.3098276583395934
89523,0.35606851991444616
89524,0.4846414119455646
89525,0.28933253191989805
89526,0.3540444450523295
89527,0.5022555139224119
89528,0.5548381744481066
89529,0.3594577477792476
89530,0.46657881918378846
89531,0.47190417491441844
89532,0.5031190127774734
89533,0.563669265288107
89534,0.5388042742578054
89535,0.4804388874881472
89536,0.3839141974250471
89537,0.4927101944503777
89538,0.30319074593316625
89539,0.4553383932567489
89540,0.28653436443316255
89541,0.3638848653866326
89542,0.4785516309815035
89543,0.3020814681691708
89544,0.47477723423331575
89545,0.592621196425657
89546,0.4191333846497253
89547,0.5864934510915245
89548,0.4665264614943507
89549,0.4876439895654971
89550,0.3058387970238272
89551,0.4656747150477483
89552,0.4760587735490244
89553,0.458083747843185
89554,0.414618261484439
89555,0.4199990482025653
89556,0.5589993796597229
89557,0.5052410513971538
89558,0.5294245205361793
89559,0.4899758426187519
89560,0.34379397439840026
89561,0.5594030595923903
89562,0.47740553922540085
89563,0.550221160750782
89564,0.40442102755956033
89565,0.36561983686527566
89566,0.45318011694684207
89567,0.30799956857668237
89568,0.29343359639182826
89569,0.5595607301321293
89570,0.36587776334599464
89571,0.4659269685225396
89572,0.30860483252626425
89573,0.31349389412303336
89574,0.6248038453121479
89575,0.3896464712279221
89576,0.31391315526539404
89577,0.684926905274698
89578,0.6155810832941381
89579,0.342187142760651
89580,0.4892378761532208
89581,0.5654041395131697
89582,0.287499345169598
89583,0.3925823943699671
89584,0.4858279810623702
89585,0.31063438324778714
89586,0.34776308367934655
89587,0.48991551606057504
89588,0.47987504345868515
89589,0.5484372734559737
89590,0.4915564955892886
89591,0.4767309127937164
89592,0.4702983981780515
89593,0.5001669655490999
89594,0.47893840198597987
89595,0.29261710654668405
89596,0.479140788067464
89597,0.4726928159646574
89598,0.5011212644748525
89599,0.5678182799774646
89600,0.54462820343222
89601,0.3666071245033988
89602,0.3091252067890657
89603,0.3127093112779589
89604,0.44997779237897295
89605,0.5304984465248855
89606,0.39726031840393744
89607,0.5348662791457501
89608,0.4954382419075122
89609,0.6135974453713289
89610,0.29433431642408364
89611,0.34898397232870676
89612,0.38579103288116245
89613,0.5446353522435363
89614,0.35064020379746097
89615,0.5382344699493036
89616,0.5398855514483326
89617,0.5391870381038038
89618,0.3358019958253269
89619,0.38004380701987817
89620,0.5008171029781763
89621,0.3818912345495358
89622,0.24284203748347571
89623,0.3494501711219578
89624,0.5211325636753489
89625,0.5490510744405998
89626,0.4828704816224442
89627,0.370289482936895
89628,0.28787960027762305
89629,0.3562421930221945
89630,0.5858395017790176
89631,0.306379944442701
89632,0.46393821874556124
89633,0.46249792932652295
89634,0.4641052254308683
89635,0.5560705565145383
89636,0.588016477018396
89637,0.4608423849063525
89638,0.5513283229526631
89639,0.4039417808973883
89640,0.49561742224361016
89641,0.6102366422096985
89642,0.5182049704069441
89643,0.2943385179957083
89644,0.5499525534497061
89645,0.4290529676229814
89646,0.48385132510563034
89647,0.35088593582133937
89648,0.30842344001399374
89649,0.4693700239438971
89650,0.28240213775155004
89651,0.3555706267190215
89652,0.4000924941831754
89653,0.487402818113094
89654,0.3569728976510224
89655,0.5790809640727254
89656,0.4747122132568044
89657,0.320778856729873
89658,0.5061948477947245
89659,0.30653971854965983
89660,0.37008149899862164
89661,0.6028974221726554
89662,0.5451657356853571
89663,0.45050773253268184
89664,0.37084321272819387
89665,0.3388185979454202
89666,0.47681747480070635
89667,0.486227753560582
89668,0.28406326186987213
89669,0.4691618284506286
89670,0.30188974865019635
89671,0.2964055611213271
89672,0.4831511040983995
89673,0.37581277698827326
89674,0.3177722340410669
89675,0.4717078013217057
89676,0.37721427203406704
89677,0.2979857791777872
89678,0.5523195625625685
89679,0.5199167556562907
89680,0.36854011482171334
89681,0.2961072260422844
89682,0.3372264251931801
89683,0.30744928127406035
89684,0.5634606354102826
89685,0.39064623984356334
89686,0.5938554443999435
89687,0.4700458019385465
89688,0.46735406830293874
89689,0.48030597550351806
89690,0.4873584076345667
89691,0.3501863359325042
89692,0.3417535844717439
89693,0.30496754830873934
89694,0.49988252130097044
89695,0.28543931885121454
89696,0.43502283612989706
89697,0.4280944470760289
89698,0.5325343659596518
89699,0.36825092509072593
89700,0.4021170773117727
89701,0.35271806240012626
89702,0.2998495343615135
89703,0.5731893165826095
89704,0.4727208951121316
89705,0.5708684554949021
89706,0.2902969044963977
89707,0.5134762936177812
89708,0.45898713308241207
89709,0.42269381850431387
89710,0.5763362686888374
89711,0.4694599367028025
89712,0.559723626709739
89713,0.4111695293682459
89714,0.535866271885387
89715,0.3679530380417614
89716,0.4944051760060129
89717,0.35323426089499
89718,0.29821719754802994
89719,0.4989523777611257
89720,0.3994751199733089
89721,0.4652689082604027
89722,0.3406140026934498
89723,0.3720330204549402
89724,0.5947479380299281
89725,0.56865300078654
89726,0.5381649182911334
89727,0.5542098823708461
89728,0.3000130983074324
89729,0.4413506099877631
89730,0.5536347174415497
89731,0.49347977972010376
89732,0.5053905054628367
89733,0.4670729667171397
89734,0.5355275739485719
89735,0.26515600080500873
89736,0.37647368604811365
89737,0.43296101554144767
89738,0.41146301871074503
89739,0.5052085625081735
89740,0.6134805465732431
89741,0.460087470804708
89742,0.40594028087866785
89743,0.41349668057108946
89744,0.48492259013179834
89745,0.30877480029180965
89746,0.47331101140625925
89747,0.567834985974886
89748,0.5122362598450708
89749,0.3014934353985675
89750,0.4400618932895055
89751,0.5512028487404462
89752,0.2954915022609122
89753,0.2906717087001273
89754,0.5003777078544087
89755,0.5448476211629414
89756,0.4843182034340083
89757,0.33187671482333425
89758,0.29571770108876005
89759,0.5294978386841629
89760,0.36651248219580795
89761,0.35299745232318097
89762,0.4346260005921911
89763,0.49313341537918826
89764,0.29391896319690863
89765,0.42927975177238564
89766,0.5254511018495734
89767,0.45845536004927995
89768,0.337269620027408
89769,0.35409916200208147
89770,0.5529509370402472
89771,0.424280057005238
89772,0.6010524476862898
89773,0.5014116331519007
89774,0.610532985481408
89775,0.2846298058840589
89776,0.5118580341488642
89777,0.3603792194524187
89778,0.4413830200271355
89779,0.30012904526754836
89780,0.5503134408541943
89781,0.3502754330680647
89782,0.46720080380701806
89783,0.5938433186271552
89784,0.2899878099221899
89785,0.5018991803898324
89786,0.41708325334208973
89787,0.31297166766794676
89788,0.4609805985773156
89789,0.3491708380020302
89790,0.5454004656705543
89791,0.47845855628095935
89792,0.5614235961076642
89793,0.35755525427960516
89794,0.4429155207235684
89795,0.4965863396657363
89796,0.4737646424360791
89797,0.34042720864704845
89798,0.4608640849618765
89799,0.30354642499839085
89800,0.5615772217537459
89801,0.46608223075859534
89802,0.35885933339496345
89803,0.4771927498215035
89804,0.39759758530812545
89805,0.5562314360291729
89806,0.6110842036366914
89807,0.43090880398032644
89808,0.5866380276385991
89809,0.3199013188366013
89810,0.6459046212564495
89811,0.47325029201535124
89812,0.5435647761515396
89813,0.506563957437098
89814,0.36277811427299944
89815,0.3036723887574362
89816,0.5549586606612869
89817,0.48004702147280875
89818,0.4215877957761835
89819,0.44873920820129903
89820,0.5493067163932962
89821,0.31994461145791975
89822,0.47382547712388334
89823,0.5470834315423247
89824,0.3428661124893429
89825,0.4739158872843808
89826,0.37530507411958147
89827,0.5439769516121273
89828,0.347119136934886
89829,0.31074310165078156
89830,0.5633291972944192
89831,0.2903773907113391
89832,0.2985543452820964
89833,0.46039351234296105
89834,0.39929442802444964
89835,0.2836576834286557
89836,0.4521497090622492
89837,0.5423329023715315
89838,0.43641366765976064
89839,0.29899696893010674
89840,0.39048775022206006
89841,0.5218266342134199
89842,0.6319913445155582
89843,0.5254447280713854
89844,0.4842767027313707
89845,0.477570121963797
89846,0.301240312717542
89847,0.4609532660519722
89848,0.5617950227046793
89849,0.5929954865831361
89850,0.3936221512161718
89851,0.48064477352209783
89852,0.5602131925450332
89853,0.29529991722710075
89854,0.3201030993771439
89855,0.4798131607400429
89856,0.4250152394084289
89857,0.4775596079972672
89858,0.4521759497036629
89859,0.41158010578184023
89860,0.5286394763203343
89861,0.5316842008916526
89862,0.5376889936900737
89863,0.657025596833082
89864,0.5947027357084033
89865,0.6235816334601786
89866,0.48570650425585865
89867,0.5079453756642732
89868,0.35996862193076185
89869,0.2765946910862808
89870,0.4844666809532929
89871,0.4872951490611471
89872,0.58930608840634
89873,0.34820947712284395
89874,0.37213370886205194
89875,0.4945498526485741
89876,0.4841517104117985
89877,0.29496137156272767
89878,0.2872345007070602
89879,0.4017794416141237
89880,0.31481367621652123
89881,0.599121207940084
89882,0.596625959950722
89883,0.40186841031393006
89884,0.4267723880907408
89885,0.24117311575704756
89886,0.6458096465748563
89887,0.4764761768769609
89888,0.46554058307124957
89889,0.41240118750505234
89890,0.45046281208481104
89891,0.5209798935523763
89892,0.482374755620906
89893,0.2708974233537529
89894,0.3654202670115332
89895,0.33839180996144885
89896,0.5215620994949818
89897,0.6033930927173432
89898,0.5742959304869099
89899,0.3032943617767249
89900,0.3299135180414317
89901,0.48295676962975437
89902,0.4675387751647544
89903,0.4941614821711444
89904,0.3589226845197165
89905,0.4732094211914862
89906,0.47396899890827304
89907,0.5070684929500606
89908,0.482305871549235
89909,0.4584107299607667
89910,0.4741750973741986
89911,0.48534359994407567
89912,0.5187987071331305
89913,0.45932160925748416
89914,0.5325617887699489
89915,0.5263556470033055
89916,0.45929000570046513
89917,0.4882908705498992
89918,0.2981488526655554
89919,0.4831906103856723
89920,0.5525996129572152
89921,0.3054419982629548
89922,0.41972813611410226
89923,0.5824994628208268
89924,0.5051296889500494
89925,0.5091967956001903
89926,0.5519945857435202
89927,0.2695322118383915
89928,0.3090153599716278
89929,0.5271385753870348
89930,0.3630912944538431
89931,0.3414397259206311
89932,0.5514031602793504
89933,0.563271542593719
89934,0.3092858524065096
89935,0.574431793187291
89936,0.49126968085725475
89937,0.5748475447951102
89938,0.5114617903956565
89939,0.3200459591478656
89940,0.29822299328653756
89941,0.3711646084015259
89942,0.2605422719598075
89943,0.2953403906483821
89944,0.30074551769236285
89945,0.508011324967745
89946,0.4688249564086078
89947,0.4677598287790369
89948,0.4689898537870715
89949,0.5540034615604879
89950,0.5107955622072695
89951,0.5798128859162021
89952,0.4782687243025356
89953,0.5153908165191248
89954,0.4731912988204562
89955,0.29917683476903906
89956,0.5393884329442408
89957,0.551758170709546
89958,0.5123414788402871
89959,0.5791824883052112
89960,0.36092965236015867
89961,0.5549374698861588
89962,0.347246917627086
89963,0.570819530295812
89964,0.46442185499661903
89965,0.4643235023948915
89966,0.6033929548180376
89967,0.5519934429049934
89968,0.5624432166206653
89969,0.38296680088105206
89970,0.5639635560027534
89971,0.2973237706542027
89972,0.29736598073334725
89973,0.5990251334518464
89974,0.47948998736699083
89975,0.5958738871089081
89976,0.304639576169208
89977,0.464737128100442
89978,0.5891125898417581
89979,0.4161360645281839
89980,0.4902149426433005
89981,0.4735004734104532
89982,0.45936036992387674
89983,0.5726833424254949
89984,0.47242241324286083
89985,0.567816607505109
89986,0.5463525573802395
89987,0.5334570287982101
89988,0.2919920606153913
89989,0.33938386187224306
89990,0.3389066734201641
89991,0.48574934185680047
89992,0.29243479763511465
89993,0.5477667594340517
89994,0.35418191242962915
89995,0.41117746801273314
89996,0.2993637769914988
89997,0.3341381564257055
89998,0.5779066937971671
89999,0.5549279987596903
90000,0.35332983839986754
90001,0.29254076445511784
90002,0.4914086068709967
90003,0.5500628174338543
90004,0.5355477871212053
90005,0.6257562514929434
90006,0.5971065362499784
90007,0.4778591901460457
90008,0.5803288649278443
90009,0.5577919609422054
90010,0.4852873898608969
90011,0.4612223268063533
90012,0.4994444414195467
90013,0.34632602451673583
90014,0.3553429185597309
90015,0.40361040486590094
90016,0.46956763117520856
90017,0.3814090269246657
90018,0.3643277896987765
90019,0.36958363681087264
90020,0.4995670483247673
90021,0.3019136022524891
90022,0.3135121196057251
90023,0.40161547381598045
90024,0.4832821592558681
90025,0.5326271555241336
90026,0.37187665336738024
90027,0.5479962537698547
90028,0.5358280831128943
90029,0.3356330192950165
90030,0.35770761746845736
90031,0.5947354176392425
90032,0.5696879518381543
90033,0.268072476073055
90034,0.46499548913925465
90035,0.4348523938561225
90036,0.4735833119980731
90037,0.5613338823498466
90038,0.485338001552428
90039,0.48043362755019847
90040,0.5490359333341953
90041,0.5561603525939565
90042,0.4944553283964406
90043,0.39841809128368955
90044,0.4732433116973237
90045,0.4999022878534716
90046,0.5365048046422667
90047,0.3618238710504777
90048,0.4873280180272736
90049,0.31024432858899276
90050,0.4229817235328604
90051,0.30466507281745153
90052,0.5274294126944196
90053,0.37700255947591643
90054,0.30876940199470754
90055,0.5455055037479282
90056,0.5163543255991544
90057,0.5492246049813565
90058,0.3663825945114587
90059,0.39837730525645265
90060,0.5560346082352481
90061,0.5768642988748964
90062,0.5614121860157723
90063,0.5521150626772181
90064,0.28728858283394537
90065,0.5500288567094848
90066,0.45449827556162264
90067,0.3460029233941734
90068,0.49476240238963776
90069,0.4949399734186695
90070,0.5773237073402874
90071,0.5884054882865315
90072,0.6000479828939531
90073,0.545273455745807
90074,0.47828064835306033
90075,0.4974119427992254
90076,0.5269509323004267
90077,0.37198675581531865
90078,0.2749844823880105
90079,0.5430766719336675
90080,0.3235376591185973
90081,0.47650850513786436
90082,0.399586047991524
90083,0.2984419606043435
90084,0.490207623191315
90085,0.34390965437722376
90086,0.5176740607791847
90087,0.514004610714058
90088,0.5193139981450537
90089,0.2995898886169706
90090,0.4718565390203514
90091,0.39860584367671087
90092,0.5363835413986534
90093,0.2925120399407825
90094,0.548816956723164
90095,0.30196010342924096
90096,0.4050758778849827
90097,0.3829352771234028
90098,0.6292661981392796
90099,0.34078771406475755
90100,0.521220599804443
90101,0.49510649519925604
90102,0.47504344913452623
90103,0.47581592655926275
90104,0.35742218052237323
90105,0.3506447151219706
90106,0.29556432393166443
90107,0.4984595697742387
90108,0.4236749610744914
90109,0.5549498653682217
90110,0.3722495071255001
90111,0.4708747740108654
90112,0.46529293500773555
90113,0.4530078345593227
90114,0.3005478577105434
90115,0.3535980353454617
90116,0.30573154335323205
90117,0.5311257236068462
90118,0.45470884070534895
90119,0.3058641543601262
90120,0.3301893297181103
90121,0.4618393935136035
90122,0.5745944350265366
90123,0.5648334678897752
90124,0.49295469884584164
90125,0.5562017257546763
90126,0.46866839860208337
90127,0.3611315626110713
90128,0.5407122176197544
90129,0.4499732606989224
90130,0.3595184349452804
90131,0.5491303112804914
90132,0.5650762060520024
90133,0.28790720436464934
90134,0.30465878103419036
90135,0.3557403182342944
90136,0.35916119871361696
90137,0.5344943634213195
90138,0.6035805522144537
90139,0.46670175532634345
90140,0.3850923337364519
90141,0.6424131710163598
90142,0.4113455974821104
90143,0.5526419138842967
90144,0.3310186404325061
90145,0.6024120176759037
90146,0.4994718278510596
90147,0.5338636395378668
90148,0.47043250844976353
90149,0.3579625955126416
90150,0.41067446277856706
90151,0.3529949200605828
90152,0.48900481730750417
90153,0.5977001972738871
90154,0.47251658783144923
90155,0.4296030326069514
90156,0.3136517412543126
90157,0.3527375585919985
90158,0.5668739180612195
90159,0.4062365227441856
90160,0.2733976664534012
90161,0.269675413068405
90162,0.5360424309789354
90163,0.3539510484875366
90164,0.5480480098385192
90165,0.5712211585052887
90166,0.5525306417483837
90167,0.5009600300416488
90168,0.30984323392221524
90169,0.4804078325923504
90170,0.38522174433059925
90171,0.5051868453288099
90172,0.29057841347335983
90173,0.4741562983627642
90174,0.5879836212369413
90175,0.34444234201251295
90176,0.39521437070582044
90177,0.5346417595680023
90178,0.559983056182307
90179,0.48401097472013027
90180,0.49862156792921697
90181,0.29893249517541726
90182,0.2982756933332581
90183,0.5859966060580054
90184,0.30814044289589915
90185,0.5009545659143919
90186,0.4678129321243095
90187,0.584379005917727
90188,0.5791293322281438
90189,0.30385204595710746
90190,0.48230463368144855
90191,0.5528698775945196
90192,0.4543796808819194
90193,0.30019974273835465
90194,0.3246430619189025
90195,0.3590150886495784
90196,0.34502458057994906
90197,0.5786799515795387
90198,0.36184064295221297
90199,0.5309942425504028
90200,0.47970943487044065
90201,0.47628133466106676
90202,0.3317760802276857
90203,0.4918322363239813
90204,0.4693562662453157
90205,0.5088509476512038
90206,0.45190188356006356
90207,0.5604129464170612
90208,0.4613562261212924
90209,0.3581590439137263
90210,0.4801371197897015
90211,0.36395814729453935
90212,0.586589549184978
90213,0.4036418246629629
90214,0.2901069367586293
90215,0.5034880289227361
90216,0.3497309421828805
90217,0.4238592689273763
90218,0.37648823934915787
90219,0.49037308618634473
90220,0.30152588747625797
90221,0.4437968406594231
90222,0.4880951336797505
90223,0.5236491899012483
90224,0.5236427783697407
90225,0.5314374576796173
90226,0.6093197223481404
90227,0.5672580390806164
90228,0.2748243480393418
90229,0.40696383297624866
90230,0.6182870558820172
90231,0.3447074719169356
90232,0.292641764061192
90233,0.36014621213709463
90234,0.628252240199576
90235,0.4764144225142109
90236,0.532178481500268
90237,0.5658176122465858
90238,0.3402644760729862
90239,0.5417849386000515
90240,0.5260196261785628
90241,0.5416844475043815
90242,0.5524443776378428
90243,0.3733376401432484
90244,0.5173808549973508
90245,0.5459717958093817
90246,0.5021346388770271
90247,0.5491479948479199
90248,0.3622509178770551
90249,0.5687479001540006
90250,0.48614697232965626
90251,0.36337396271155703
90252,0.31360800869351485
90253,0.5586199347825815
90254,0.2692237287587662
90255,0.2932585249070618
90256,0.35348633104738303
90257,0.48486029726216856
90258,0.5488534228381855
90259,0.2567722347631771
90260,0.43611171458228515
90261,0.50094956578235
90262,0.5594389888533573
90263,0.6069725207209575
90264,0.47149842440091094
90265,0.47976982753198166
90266,0.4894570451934185
90267,0.3393100276595421
90268,0.47237238656207453
90269,0.397102290732132
90270,0.53683479645198
90271,0.545514938494618
90272,0.4605639884032033
90273,0.5517992196199566
90274,0.5396501546054799
90275,0.5880067222875658
90276,0.35885933339496345
90277,0.3382000168951828
90278,0.47384618812399626
90279,0.4816086811361322
90280,0.5523796280698846
90281,0.31136054332676816
90282,0.586469839929775
90283,0.5501055001638923
90284,0.3042416969679926
90285,0.2731791941132208
90286,0.3266774643333388
90287,0.46464763830677747
90288,0.3142640649927415
90289,0.4848027326036863
90290,0.5143348884215578
90291,0.5242033897593029
90292,0.5254635018054816
90293,0.5023004374414671
90294,0.4742416261088959
90295,0.33335060839174047
90296,0.29277388632678136
90297,0.49084910839172413
90298,0.5586080222513548
90299,0.4714034879957622
90300,0.5422521466507331
90301,0.34786725855835754
90302,0.599286925088088
90303,0.5005946778876493
90304,0.5942927986196548
90305,0.4590709010923625
90306,0.28451573511482564
90307,0.474540239219944
90308,0.48061484490077305
90309,0.5204352230938759
90310,0.5157676125992946
90311,0.5969717276241695
90312,0.4764318405365527
90313,0.5071462024237919
90314,0.29451411383507864
90315,0.544753582487959
90316,0.4673035055697159
90317,0.46380704815002094
90318,0.5988286232970254
90319,0.3659781758507246
90320,0.33497350262786363
90321,0.47675855338528883
90322,0.5476444150097175
90323,0.292405318144182
90324,0.2920811577626166
90325,0.5589387590430277
90326,0.3015549057456903
90327,0.570069203684629
90328,0.47613766133874785
90329,0.44512302483663346
90330,0.36591042134762836
90331,0.5406075927490621
90332,0.592714232316701
90333,0.3012541963352365
90334,0.4679698920946636
90335,0.4612230786951727
90336,0.4284082674151705
90337,0.6143003463892548
90338,0.3123447736096806
90339,0.5946662407374217
90340,0.29213604490133
90341,0.28169710828143246
90342,0.32414288410592496
90343,0.47840629668126045
90344,0.5468589977404058
90345,0.47137264879107416
90346,0.2833667131643461
90347,0.4545776782317698
90348,0.3186110307775959
90349,0.6527884397769691
90350,0.542602293772603
90351,0.5017506643644768
90352,0.29060901873620504
90353,0.47171583673258943
90354,0.47350745318192555
90355,0.5780603613176378
90356,0.5093252309818603
90357,0.34395811417115835
90358,0.28986242098972104
90359,0.5978004248410438
90360,0.29460993255123963
90361,0.3581067600492908
90362,0.39751263424871064
90363,0.46062028432790697
90364,0.4044875486361331
90365,0.529687544489914
90366,0.47970808603939463
90367,0.5409167743880131
90368,0.48400315221548756
90369,0.3574522749764005
90370,0.283299023392897
90371,0.38814753321910084
90372,0.5699863935662102
90373,0.47974695379439675
90374,0.34206262095448886
90375,0.35773287069663695
90376,0.5464908450153072
90377,0.2744278677067583
90378,0.4773147010477516
90379,0.504179993887277
90380,0.5905063262797452
90381,0.48655100725918277
90382,0.32607237232647895
90383,0.4876961488267023
90384,0.5656557069996557
90385,0.3290617545313111
90386,0.552526853619352
90387,0.47790613422535855
90388,0.30757510099837976
90389,0.48144071016532447
90390,0.30274323857151664
90391,0.48194472707896197
90392,0.3679977325080811
90393,0.3426736686858436
90394,0.28646493048820976
90395,0.44896906422921495
90396,0.3630750510047765
90397,0.5697228521340948
90398,0.35695956073337276
90399,0.32610629353011966
90400,0.3777923609389118
90401,0.2998196188471536
90402,0.4703601242933882
90403,0.5338709147946301
90404,0.3587908239890841
90405,0.31061940876953603
90406,0.49506945762195237
90407,0.3080694789105673
90408,0.3926172276170976
90409,0.48260567689889267
90410,0.5568325533188855
90411,0.30805497249740443
90412,0.35096931458658304
90413,0.5094022301444217
90414,0.4897030646008179
90415,0.46366054090004116
90416,0.5820256152546839
90417,0.553688419004968
90418,0.5085061824886665
90419,0.3844553159424452
90420,0.48457264340236034
90421,0.3018634721926823
90422,0.5737619616421553
90423,0.43042205903996184
90424,0.31312023494016905
90425,0.4317196536947668
90426,0.2830293379476818
90427,0.5306688682058565
90428,0.3112723133557745
90429,0.5419934926251184
90430,0.508846703690825
90431,0.484098898670084
90432,0.3567671537048309
90433,0.4665269723929298
90434,0.3101365097996292
90435,0.37699234384188857
90436,0.478588722471965
90437,0.6297252453702031
90438,0.3699895536940513
90439,0.3002298936094877
90440,0.37392973602498447
90441,0.4660077367169426
90442,0.5666049937293566
90443,0.2905236317081137
90444,0.47388448030376423
90445,0.5088603504217646
90446,0.44257653041023903
90447,0.34857873712853654
90448,0.29712567589929384
90449,0.489397781961266
90450,0.31902416393364724
90451,0.3504554263682312
90452,0.3054754467472166
90453,0.27032014675481697
90454,0.3288540466900078
90455,0.29415830481738015
90456,0.5021017453779548
90457,0.46298542944152493
90458,0.35456725926791127
90459,0.5422008556313123
90460,0.37590160672273343
90461,0.5227953966483369
90462,0.3034296322257088
90463,0.2961012671115903
90464,0.5348532375145068
90465,0.5964788357123662
90466,0.4715545803889317
90467,0.3858682431230899
90468,0.5290998861347931
90469,0.4583406409127141
90470,0.34261013063075635
90471,0.5554140144714417
90472,0.611958569951316
90473,0.2965743148439442
90474,0.4718569052126311
90475,0.3679306325779364
90476,0.3226968146166622
90477,0.500175639172597
90478,0.39074041979640917
90479,0.47784249383877436
90480,0.47133474693712724
90481,0.385580712849878
90482,0.44925807188468747
90483,0.45514722971851046
90484,0.3604858353547009
90485,0.4169170904556428
90486,0.29841850886871113
90487,0.5740059977655038
90488,0.30781614688274445
90489,0.28973913472984064
90490,0.4645211215761545
90491,0.3043836815249486
90492,0.36822472816859714
90493,0.5488369964704395
90494,0.49265894758004486
90495,0.5649855699411054
90496,0.508572652654311
90497,0.5516934368328693
90498,0.4837658439605497
90499,0.5701894464879818
90500,0.35896076569877056
90501,0.5408442314439604
90502,0.4685077274617739
90503,0.40075115838568387
90504,0.48855242273321225
90505,0.5474208376656025
90506,0.36044453131021703
90507,0.4807379700740918
90508,0.32845539089605547
90509,0.5113557256121545
90510,0.3995684105067266
90511,0.5401999220214622
90512,0.4082692971304905
90513,0.471488775774889
90514,0.5566908051250237
90515,0.5593555073207319
90516,0.289325599889568
90517,0.427423700513454
90518,0.4654985554806313
90519,0.374961338165958
90520,0.603111342043571
90521,0.5655964979289234
90522,0.6013761693194465
90523,0.493434226927862
90524,0.30886778797198855
90525,0.47856494204999245
90526,0.3772336157637311
90527,0.28116623866639623
90528,0.5394345581646409
90529,0.3444674387133171
90530,0.4674772094648359
90531,0.5154622517955608
90532,0.5570965248974655
90533,0.5929081472142567
90534,0.3629090189066677
90535,0.574564029437998
90536,0.35418782458720877
90537,0.5531343525557384
90538,0.361373401739897
90539,0.6100314305264887
90540,0.6002510239874809
90541,0.35064523851995183
90542,0.42030575230801837
90543,0.3530399550293156
90544,0.3269119821240021
90545,0.6029111316445438
90546,0.4174209601013805
90547,0.4478374083095092
90548,0.40633705841951706
90549,0.32277255793403975
90550,0.5039239448230529
90551,0.26812047314320764
90552,0.5512152885066236
90553,0.49918592303369025
90554,0.36995200894483804
90555,0.5953840744682527
90556,0.37449274649353687
90557,0.3570469263352436
90558,0.3521012210791459
90559,0.6186419981240344
90560,0.2939320214579502
90561,0.5726097256527933
90562,0.5024455446027077
90563,0.31625535663690363
90564,0.29035350164044993
90565,0.3579777593653262
90566,0.3488723811802533
90567,0.34776076018160357
90568,0.5551041007144809
90569,0.47007331635291094
90570,0.3921889018206399
90571,0.3613616395381084
90572,0.3725835587766258
90573,0.5626553157255689
90574,0.46138447126804516
90575,0.5023662455950292
90576,0.29434225616194665
90577,0.47999548863099956
90578,0.47456839318431304
90579,0.3590931017757979
90580,0.4668501629561404
90581,0.6007699804267834
90582,0.5029762005093021
90583,0.629304993819925
90584,0.4895860475106748
90585,0.29622912621986436
90586,0.3341832387015729
90587,0.3061264578449514
90588,0.3086737475098705
90589,0.4681488914880727
90590,0.38268705985865564
90591,0.3789238397837866
90592,0.45455104752012665
90593,0.30185008497105026
90594,0.5219082113542133
90595,0.4714108008825055
90596,0.5700945827623807
90597,0.4899792369644205
90598,0.4477849205001343
90599,0.6476146771485368
90600,0.47852294126282857
90601,0.47876051747664494
90602,0.5377752104553879
90603,0.554150309759754
90604,0.5039826274897143
90605,0.3505499539592933
90606,0.3009407991466983
90607,0.34608609006399205
90608,0.5179283088104032
90609,0.45898730216971023
90610,0.28805647295590625
90611,0.46609340795945314
90612,0.41871307892731974
90613,0.5590850410604464
90614,0.4765216913434553
90615,0.46685994353109955
90616,0.5203006800843594
90617,0.38176294390584553
90618,0.41941599625163817
90619,0.49997458951462526
90620,0.3325181342950657
90621,0.30526077574007787
90622,0.6220903881017619
90623,0.2943731289237177
90624,0.3015339373598636
90625,0.6151305277751611
90626,0.48412927217707485
90627,0.51159249217809
90628,0.4567161502865835
90629,0.5996908500410516
90630,0.5678283690252317
90631,0.5360733740766236
90632,0.29528451253245847
90633,0.5457020610012168
90634,0.31734019427608734
90635,0.36173522327663976
90636,0.6042883677633311
90637,0.570814961012067
90638,0.30412927104039683
90639,0.5731685176797043
90640,0.45205228636848827
90641,0.46008171382663465
90642,0.316494992299262
90643,0.4641215903577534
90644,0.41028155637331765
90645,0.34151334173299397
90646,0.5173298786287815
90647,0.3066774052077959
90648,0.35482268331499406
90649,0.6282221472208848
90650,0.30645499996437825
90651,0.2860799560220587
90652,0.44257279451166254
90653,0.4743425073546015
90654,0.3487413893880988
90655,0.5459731586686364
90656,0.6268539691210107
90657,0.4477395852207497
90658,0.44795450152699
90659,0.36950573781825324
90660,0.47267839662839983
90661,0.357310046648181
90662,0.5383945182368922
90663,0.30479325713357414
90664,0.35686327794813394
90665,0.2899220476928437
90666,0.48001104715969484
90667,0.5143030277558923
90668,0.44000102166918625
90669,0.46084271056710685
90670,0.3036379299831232
90671,0.44285861270857313
90672,0.49650140858023917
90673,0.4927442483697566
90674,0.3239330871837017
90675,0.4722435796491613
90676,0.35071128159319115
90677,0.5533830076778462
90678,0.4486516891517796
90679,0.5485059632647854
90680,0.48916579839156915
90681,0.2815339405439062
90682,0.550511815329789
90683,0.4839433956010047
90684,0.5088445510969083
90685,0.5469759999920405
90686,0.4102875734762449
90687,0.4609128790940177
90688,0.5539117060869293
90689,0.4828308322998334
90690,0.30049792663368435
90691,0.32806453775199046
90692,0.2834043440193348
90693,0.5968213731932345
90694,0.36965580059393033
90695,0.31238835975655704
90696,0.4700171875364733
90697,0.2957422261021494
90698,0.4971944180700721
90699,0.41336171921019077
90700,0.3140625904092961
90701,0.4782740363323213
90702,0.2829085667655007
90703,0.4805442917771273
90704,0.4639491642914048
90705,0.4145960735527117
90706,0.6193590595932482
90707,0.3237861040674004
90708,0.553809049310295
90709,0.29539488756609417
90710,0.5320756436983265
90711,0.3111077991493588
90712,0.5785118450186916
90713,0.2856049820136067
90714,0.3086051547889082
90715,0.355363158436732
90716,0.4114792240262797
90717,0.5142029978678261
90718,0.5528159882693846
90719,0.3955481306437823
90720,0.39084811866103725
90721,0.4740613231982084
90722,0.29495924821366964
90723,0.4575598974775475
90724,0.538035315576648
90725,0.48665471929024123
90726,0.5767049195491727
90727,0.48250554794410966
90728,0.30873085073308304
90729,0.6713976994212969
90730,0.4677623226113595
90731,0.5392800795526839
90732,0.5554510669644155
90733,0.5779813757786845
90734,0.586490429981417
90735,0.3077758976979658
90736,0.5651660810302723
90737,0.5450562109988014
90738,0.4024300649294829
90739,0.5376087789679928
90740,0.5248404523762478
90741,0.4243720385930696
90742,0.35193923529216686
90743,0.2936400684879288
90744,0.4798192764395564
90745,0.4597276275891855
90746,0.32337526508547026
90747,0.37658882648829417
90748,0.558529783715619
90749,0.3964670876215619
90750,0.5949325742920545
90751,0.44630772493701376
90752,0.5843279481646355
90753,0.4967382199757178
90754,0.4897536597398748
90755,0.3172559596077978
90756,0.37528830427519855
90757,0.42480078897440926
90758,0.5135899821110878
90759,0.40825112482074216
90760,0.5374534752024231
90761,0.2877365049627087
90762,0.36770455200841734
90763,0.4738699360035276
90764,0.4419329703422216
90765,0.544765528019765
90766,0.5204169495777246
90767,0.29514028562040645
90768,0.30088333903137554
90769,0.5213590377238106
90770,0.38708859392736933
90771,0.451840912715685
90772,0.5105882950723475
90773,0.4735263733082608
90774,0.5512808008844619
90775,0.5565695875753888
90776,0.5708756354952487
90777,0.38026504963951696
90778,0.5232164854679952
90779,0.5279885576305248
90780,0.4837275090069537
90781,0.35955004251707057
90782,0.3212854780901256
90783,0.5170971086805198
90784,0.5618647830312993
90785,0.4655678813579637
90786,0.40335293060759314
90787,0.2801788578207734
90788,0.5077415035275596
90789,0.37269599261749586
90790,0.5926495260192362
90791,0.47227966545838673
90792,0.35286725773472777
90793,0.5733535380175325
90794,0.5441685637125478
90795,0.5296232995223201
90796,0.3101854429679781
90797,0.3656738307721383
90798,0.5396855818832887
90799,0.2923430499946442
90800,0.29947273417959924
90801,0.37866103817611735
90802,0.47223477756772675
90803,0.3046391852359372
90804,0.5121054678047604
90805,0.4496504583717289
90806,0.49740952918435494
90807,0.47168275932101816
90808,0.48340755376457883
90809,0.2723324138365482
90810,0.30014872055299285
90811,0.36310979959061584
90812,0.47286372412880756
90813,0.48181087474933726
90814,0.38192111075373225
90815,0.3758582556863237
90816,0.31066624310846047
90817,0.5225281198165718
90818,0.46695571171004796
90819,0.35014101754745686
90820,0.5646491291961485
90821,0.55599159139981
90822,0.31665358396954607
90823,0.5371928485656717
90824,0.49687159497974664
90825,0.46187027144773646
90826,0.35601859531341534
90827,0.40523492307933057
90828,0.5331966138020249
90829,0.31745947926794194
90830,0.5955674902990811
90831,0.4330387559257198
90832,0.36291242734918444
90833,0.520316849173579
90834,0.3404987050738145
90835,0.5063456137520068
90836,0.2893105980274101
90837,0.4500775492609178
90838,0.4938645852288815
90839,0.5337013307357493
90840,0.2951673285963484
90841,0.5551480830041187
90842,0.4103423252524814
90843,0.42615900550874375
90844,0.601150543913937
90845,0.4075958490226413
90846,0.47042687683164686
90847,0.5799122788685994
90848,0.31299822925630244
90849,0.5805072699882041
90850,0.2930317107929138
90851,0.6032531997205065
90852,0.6538239856374162
90853,0.39617446598192513
90854,0.4447767183155473
90855,0.6079208931979236
90856,0.3113021005017655
90857,0.41113918314081815
90858,0.35046447392624985
90859,0.3561162513212081
90860,0.4839424950108913
90861,0.3700792116030787
90862,0.44864601559191786
90863,0.34205430594593456
90864,0.5466694615436467
90865,0.36032235964471127
90866,0.29592649824816514
90867,0.46991439487881825
90868,0.5886517445817032
90869,0.5530390679849092
90870,0.4843804978230705
90871,0.5396033927995513
90872,0.2992405215196945
90873,0.44728092461098207
90874,0.30124968586670575
90875,0.5914783539255497
90876,0.40937789952589815
90877,0.531122635127958
90878,0.282267222950546
90879,0.5665803947891441
90880,0.5479659702989407
90881,0.4911881829372046
90882,0.3772972706531434
90883,0.46777673348153215
90884,0.2946985013204632
90885,0.47450239060311344
90886,0.374791509733922
90887,0.593588378042817
90888,0.30215850912622666
90889,0.5548585349018302
90890,0.4871842857514185
90891,0.29621861082064294
90892,0.35897732293474216
90893,0.4826116003825823
90894,0.5429406746640306
90895,0.4700856489566889
90896,0.5318344769601764
90897,0.49639911874412623
90898,0.33278903371235746
90899,0.3103102288306224
90900,0.5143663370560971
90901,0.296405417341315
90902,0.4690753558656443
90903,0.4956275377406834
90904,0.3017303534725716
90905,0.5501721777660199
90906,0.4907128480887848
90907,0.6110514512983646
90908,0.5394184042166806
90909,0.49900063517027754
90910,0.5987975753215767
90911,0.36252735080592796
90912,0.4870501316256426
90913,0.482873766253716
90914,0.5117148806419726
90915,0.33254944140531983
90916,0.4716154569023525
90917,0.47292395221330263
90918,0.5140915667490452
90919,0.4261049179952917
90920,0.47239980829656064
90921,0.5715136672257867
90922,0.5934481423814768
90923,0.5728040215937176
90924,0.4794583545770384
90925,0.5697147364546201
90926,0.4688713363865967
90927,0.5488998347597479
90928,0.6203032046559166
90929,0.3633770562639223
90930,0.5164992086791168
90931,0.504549971812299
90932,0.3973505212032871
90933,0.5500493386311968
90934,0.5426068935804879
90935,0.46550475472003533
90936,0.6977514284531151
90937,0.48266690187056044
90938,0.4406715569222329
90939,0.26708052415705114
90940,0.5400168113823335
90941,0.5382635964560003
90942,0.5969121843451821
90943,0.5608009763806926
90944,0.38524066820791153
90945,0.5155680683185805
90946,0.4864587116210962
90947,0.5964660876869881
90948,0.5615208892536064
90949,0.2950227671166119
90950,0.4680725902501846
90951,0.5532217238335755
90952,0.4575219460691489
90953,0.4113382310938525
90954,0.4714728630446211
90955,0.33111659239789215
90956,0.47390706410684197
90957,0.5212180374167086
90958,0.4972652828786658
90959,0.4674795563076613
90960,0.5211513053764598
90961,0.47091559970947344
90962,0.5233174054425068
90963,0.5873382990898033
90964,0.5756442456836094
90965,0.5019190031001727
90966,0.5680746414535697
90967,0.4404903511078318
90968,0.5211215767932159
90969,0.5780967701827973
90970,0.3956624697532238
90971,0.3697521566734624
90972,0.5753526603184467
90973,0.4800365603706619
90974,0.36351351617486544
90975,0.3526329663086335
90976,0.3080579280139432
90977,0.4963610832266748
90978,0.5913645984085846
90979,0.35311113531647387
90980,0.47631944516537134
90981,0.3772439198264426
90982,0.5087903991652761
90983,0.46117310092164854
90984,0.3062584716703478
90985,0.5804065654016018
90986,0.4687409679368185
90987,0.49436083999311425
90988,0.2978165305003208
90989,0.48522657360922666
90990,0.5047339352285302
90991,0.3821170681962571
90992,0.3663661590971944
90993,0.259407261717456
90994,0.5957404674791382
90995,0.5508304573121815
90996,0.48286230244921263
90997,0.37950385534753994
90998,0.29124768942854345
90999,0.4598977212465194
91000,0.5194253211107484
91001,0.4724617970537384
91002,0.5143113653137544
91003,0.3462392893032685
91004,0.4637677792544791
91005,0.4449243157487087
91006,0.6031834283863629
91007,0.4960943099842613
91008,0.26404226307575196
91009,0.4957258736772397
91010,0.336629849838648
91011,0.4625197174891974
91012,0.3178535473109627
91013,0.4807839281466542
91014,0.4623454269040163
91015,0.3058062500609924
91016,0.3028789148323718
91017,0.4465457850297788
91018,0.48729405117222624
91019,0.34284965295737657
91020,0.3723178883690494
91021,0.47728449522737154
91022,0.4499096399583215
91023,0.4504045421843965
91024,0.3941610623014195
91025,0.5514799938768649
91026,0.6032063826856379
91027,0.2634599027051675
91028,0.46616604182494287
91029,0.631722267143618
91030,0.3062583973642377
91031,0.55993889494249
91032,0.38374506478748815
91033,0.48599624864607815
91034,0.3365269095978904
91035,0.5298053349078375
91036,0.30424171777501685
91037,0.5663111091334792
91038,0.609984465875365
91039,0.5521674724099291
91040,0.30555923636135035
91041,0.3052016130798482
91042,0.4579335540797002
91043,0.29243444963817167
91044,0.39827835263734235
91045,0.5625312772779968
91046,0.46029713383825605
91047,0.4686493575745987
91048,0.5286699438596183
91049,0.26337521103285755
91050,0.2955603073648354
91051,0.3962185249375374
91052,0.3582054297295246
91053,0.34044798925524183
91054,0.37624900504388636
91055,0.5604220432476115
91056,0.4731675037195152
91057,0.4768285093827981
91058,0.6733096960772729
91059,0.3837403003001123
91060,0.37911369600863654
91061,0.4005696367686005
91062,0.5689600050926947
91063,0.3054488245946005
91064,0.3462919276046127
91065,0.5414232369670217
91066,0.47964171528247246
91067,0.39594185551601085
91068,0.39793877763756225
91069,0.4747392033749285
91070,0.40208000935522337
91071,0.3600461309070873
91072,0.26822867828335734
91073,0.3075703964274306
91074,0.4716892782660773
91075,0.46227256447129256
91076,0.5686546376113267
91077,0.3060248497125218
91078,0.5690447931014333
91079,0.2648147229959955
91080,0.3035766538830279
91081,0.4941151507298996
91082,0.3414418393626029
91083,0.47473383286748927
91084,0.6171767042271087
91085,0.5707728779351471
91086,0.5527184081062252
91087,0.3566395695469418
91088,0.30286729549030095
91089,0.3865895985313015
91090,0.4752239207539805
91091,0.45820629634413085
91092,0.32610988745872554
91093,0.5778217791211354
91094,0.6016450560732086
91095,0.5978984980562636
91096,0.4694466421134512
91097,0.5908050700002003
91098,0.5001688327354613
91099,0.5889977678393551
91100,0.3982560823236995
91101,0.4817692135339034
91102,0.6152249677000735
91103,0.4022062737177828
91104,0.5464841960439811
91105,0.47744588602403937
91106,0.6167908838547941
91107,0.5386289350665117
91108,0.3445777574662903
91109,0.4918726275382884
91110,0.46871200839749466
91111,0.47498852070611425
91112,0.6821200218388666
91113,0.46083221896818827
91114,0.4574799692628415
91115,0.4699191215791894
91116,0.3577909611004894
91117,0.3110907791651163
91118,0.30092107253038713
91119,0.37655981999389476
91120,0.5153664456158389
91121,0.46033193362679303
91122,0.3562544519868561
91123,0.403166742121414
91124,0.30263327580787935
91125,0.5802563561804316
91126,0.46139295204246666
91127,0.48504534276057626
91128,0.48813736263528024
91129,0.6313235246226698
91130,0.2854436879576082
91131,0.5549042689174614
91132,0.6123694134393811
91133,0.49255132963669546
91134,0.4965253906884708
91135,0.4636562097990783
91136,0.3650270168091152
91137,0.6249090640403275
91138,0.5843860859904408
91139,0.47065060613526716
91140,0.36080976327358105
91141,0.3693237789431477
91142,0.5907427487954732
91143,0.37055492628141246
91144,0.35831373510715414
91145,0.5637448843475357
91146,0.3988982012098427
91147,0.4526737616461646
91148,0.5423160809063803
91149,0.5008023489069656
91150,0.4702438760171719
91151,0.43424970073850233
91152,0.4951878150639002
91153,0.5411178683767935
91154,0.4208043455495126
91155,0.4791348821657258
91156,0.3592294044709885
91157,0.3049047512315974
91158,0.4847161951186517
91159,0.47732132592403453
91160,0.34414390647378096
91161,0.5300384018501011
91162,0.30179892996958235
91163,0.6172636597962016
91164,0.6350891223667825
91165,0.48767532338160335
91166,0.5078066387772937
91167,0.397607019663352
91168,0.47686898646741
91169,0.30610011535032533
91170,0.3478038274998108
91171,0.29279427881432085
91172,0.3506267437266509
91173,0.5541299866697298
91174,0.41032241916138334
91175,0.5515677664096806
91176,0.5498058642431601
91177,0.4514532567605301
91178,0.4928850182883659
91179,0.4749819445329306
91180,0.2771198625882652
91181,0.3277719232541436
91182,0.4832680568812296
91183,0.35214241010461284
91184,0.30818781525744493
91185,0.5024640746602966
91186,0.30146783703041824
91187,0.3648460271255129
91188,0.2988296501724786
91189,0.36667446569899825
91190,0.46687524640142586
91191,0.3527553558470257
91192,0.5161430721778192
91193,0.5775303206965269
91194,0.3046721200586913
91195,0.4144308508275648
91196,0.304374842201453
91197,0.36354395469802603
91198,0.48086384935891957
91199,0.43136001151844877
91200,0.552737623055023
91201,0.48406433475890726
91202,0.3312408571021199
91203,0.30581878406748914
91204,0.3045658158822841
91205,0.3420019855823342
91206,0.5475187031042397
91207,0.5600348397566589
91208,0.49840547188813134
91209,0.2663607454183857
91210,0.38216876162591745
91211,0.43204564045876714
91212,0.3663356200058687
91213,0.37281797124212357
91214,0.5092525962127963
91215,0.37513070464919623
91216,0.4786004572658397
91217,0.4589021557822567
91218,0.5693183173739655
91219,0.4734145430752393
91220,0.5088638715522221
91221,0.31078457307684887
91222,0.4897843419439785
91223,0.2950909942430122
91224,0.30497142584512155
91225,0.5724475354351689
91226,0.5678880841196825
91227,0.32197349717879614
91228,0.2947311917388271
91229,0.5566424040878145
91230,0.4699333172325571
91231,0.2958286500300234
91232,0.47793542469408
91233,0.501112686094422
91234,0.29506038409526625
91235,0.5298626347202936
91236,0.5757981521868583
91237,0.28300326046354957
91238,0.5604384400896778
91239,0.4311739711028702
91240,0.3503739689618345
91241,0.4182978003282973
91242,0.4211432011935853
91243,0.3070202226743629
91244,0.2989477947192857
91245,0.3588742588879982
91246,0.3172397005182844
91247,0.4588462386729593
91248,0.5948323654140776
91249,0.5305084897042958
91250,0.4840983000636664
91251,0.5668971745631899
91252,0.2862157170209351
91253,0.47089447287987407
91254,0.3036772190976823
91255,0.6397677097288667
91256,0.5107154733605933
91257,0.37375290338203343
91258,0.37295073180241933
91259,0.47819074963729585
91260,0.5667536149203068
91261,0.47206038949835455
91262,0.5584144565684626
91263,0.43418422300882187
91264,0.4790502058160475
91265,0.5188106213476721
91266,0.46675021002038686
91267,0.48359831177771967
91268,0.5168478921058356
91269,0.26483306859947403
91270,0.5619040559939201
91271,0.6129356385981654
91272,0.4999639586283486
91273,0.5772447840293509
91274,0.2999648839737047
91275,0.34755513494410634
91276,0.3070493874504391
91277,0.48134591193630233
91278,0.3214488818014197
91279,0.3961982246247269
91280,0.28886958088020515
91281,0.35261861976851094
91282,0.29700984646735606
91283,0.4923835722716789
91284,0.47128013207998076
91285,0.4139380225576297
91286,0.3755816293807536
91287,0.5477596290824741
91288,0.3513691781126735
91289,0.3619598851287103
91290,0.47944842658531006
91291,0.3324691492240798
91292,0.5400915089831013
91293,0.36062693050658284
91294,0.5099018110844393
91295,0.24225273289017552
91296,0.3747220451965722
91297,0.4825926323332234
91298,0.457827217049453
91299,0.47550884744423255
91300,0.3520330544232852
91301,0.3525284602576952
91302,0.3828764823056053
91303,0.5032758832161744
91304,0.4591590005542731
91305,0.2696961950635833
91306,0.29062072300153663
91307,0.35982502937976596
91308,0.5520901227664274
91309,0.34849790437650485
91310,0.5562048783822511
91311,0.36397892901924056
91312,0.48822406515357747
91313,0.3058903972667029
91314,0.598074545906929
91315,0.6025215471482881
91316,0.4738638477831253
91317,0.2758876428228062
91318,0.4734925139293811
91319,0.35954800238963397
91320,0.4692694848184102
91321,0.3535838334740266
91322,0.5402146037044152
91323,0.3204432123046534
91324,0.4478229980825999
91325,0.2993461966004679
91326,0.3627286169969258
91327,0.5764060112926872
91328,0.28821630890787187
91329,0.5269567496780494
91330,0.38531490214951253
91331,0.3346103596221275
91332,0.5309344962517565
91333,0.47656403600170383
91334,0.5842820534350169
91335,0.4697892237036456
91336,0.5626738470979127
91337,0.5428487529049224
91338,0.4685533962837869
91339,0.6239033057542052
91340,0.3545274924764038
91341,0.48650221872221056
91342,0.4648446917220547
91343,0.3774274875838392
91344,0.4777493503208498
91345,0.48735533114176693
91346,0.4749596419038883
91347,0.3675138888594914
91348,0.4027204572715633
91349,0.4930918675282377
91350,0.463862251228515
91351,0.5628529083040311
91352,0.29869306646428967
91353,0.44850571991612137
91354,0.4752628489503687
91355,0.34652866003328897
91356,0.4799945837958029
91357,0.3472279959379905
91358,0.4771687965204999
91359,0.4114629356896937
91360,0.2963901103753366
91361,0.36144351623716847
91362,0.22158411630402772
91363,0.38454432042148373
91364,0.4115923762564153
91365,0.481251918838773
91366,0.6116646929962672
91367,0.312210102882912
91368,0.4549838505893777
91369,0.48299087664200474
91370,0.5287516945920783
91371,0.4894280644271236
91372,0.46794077399044465
91373,0.5653532171847622
91374,0.31787328914255625
91375,0.48262811114628357
91376,0.5856933159673914
91377,0.47718656102893703
91378,0.6124246691962704
91379,0.6373421371073406
91380,0.5539734124654323
91381,0.2820221480625662
91382,0.35400518223722227
91383,0.3416296239744908
91384,0.4767640681539442
91385,0.4698072266683009
91386,0.31522450233956995
91387,0.5773326800470185
91388,0.4820687368390762
91389,0.4611161394719588
91390,0.3471623997351501
91391,0.474456665626065
91392,0.47922511328118783
91393,0.5800387458038604
91394,0.3057937513729406
91395,0.3211168107507718
91396,0.5895666980282818
91397,0.5018902565094724
91398,0.3749469733998458
91399,0.3065455482510646
91400,0.34451672895396773
91401,0.4656770540706695
91402,0.508955338325447
91403,0.27822768189230807
91404,0.3470248815773457
91405,0.5652265411210368
91406,0.4582083408209316
91407,0.5392452299452785
91408,0.4408759969983523
91409,0.5593539900624012
91410,0.3114575163111473
91411,0.5994156715570965
91412,0.39385126511334645
91413,0.595257545266473
91414,0.4784971642983564
91415,0.39259862766997966
91416,0.3072331223848472
91417,0.48499336797078824
91418,0.2723901173464295
91419,0.496207104086464
91420,0.4804825412316472
91421,0.48444185290486586
91422,0.26702345951248535
91423,0.5191613269604494
91424,0.5306532176152695
91425,0.557682157326095
91426,0.5498314148084621
91427,0.5129644764919573
91428,0.5177570229571393
91429,0.36367538698787993
91430,0.4102559655807363
91431,0.4682301212793881
91432,0.3603643111198982
91433,0.40134239358165547
91434,0.4806461291385653
91435,0.6064808549934053
91436,0.4080198021128899
91437,0.4765756574874005
91438,0.5950294438727012
91439,0.5548451261807765
91440,0.5347419242871811
91441,0.282722114713381
91442,0.5618447371761862
91443,0.4884908242368522
91444,0.6144842088671134
91445,0.5432243381823392
91446,0.4624282304356097
91447,0.301328996176251
91448,0.3520572829951818
91449,0.5007304068304812
91450,0.5251343739396251
91451,0.5702164667441246
91452,0.6469286168793411
91453,0.5601141275926361
91454,0.44641367192804443
91455,0.5615902109093064
91456,0.3417271183924092
91457,0.4304285481829937
91458,0.45639078966790625
91459,0.29062904445986326
91460,0.2999760051019317
91461,0.469409721150758
91462,0.47441960240930614
91463,0.3603250733004944
91464,0.48088468946344437
91465,0.5901572043460633
91466,0.31704109924345447
91467,0.48249365610573136
91468,0.5975679544935052
91469,0.3927182469860523
91470,0.43270957497151447
91471,0.347572284351828
91472,0.43897793938039603
91473,0.29715805169679904
91474,0.29480951135663624
91475,0.28749286613496416
91476,0.49660112177758764
91477,0.3550459558186078
91478,0.32740136578541684
91479,0.5297491166204904
91480,0.49730782685766667
91481,0.6312838600874259
91482,0.5610479670818288
91483,0.41110381465909535
91484,0.3957112410681831
91485,0.4448529160997369
91486,0.2937373706007808
91487,0.3754612301942738
91488,0.5623013776613218
91489,0.4614699957614049
91490,0.29425564437225665
91491,0.36613204112115105
91492,0.4730648726076546
91493,0.5034517229241876
91494,0.3419513951076968
91495,0.4720775376911669
91496,0.47565586486562206
91497,0.5268921487845192
91498,0.46337874357945474
91499,0.4455335632889969
91500,0.4649803220206876
91501,0.3055007585485008
91502,0.47293000815971437
91503,0.38828400932063234
91504,0.4221416869791054
91505,0.3541329480518809
91506,0.35986090545629335
91507,0.4722397861563731
91508,0.5045833467686608
91509,0.4666968626709354
91510,0.5407664499855112
91511,0.5887553808165941
91512,0.47027190788314943
91513,0.49301148643857434
91514,0.4822043135789085
91515,0.37922937144264957
91516,0.47015603660591665
91517,0.3855534190639544
91518,0.24768948855283143
91519,0.3278184664233111
91520,0.3558676064255418
91521,0.4640270927987337
91522,0.479733038373476
91523,0.3728755858623369
91524,0.29326080375261887
91525,0.5989312162570852
91526,0.4975032276599809
91527,0.5457034406316351
91528,0.47892553288111056
91529,0.5602415839185887
91530,0.47185251896371255
91531,0.3860476373709951
91532,0.294594166908414
91533,0.48762170252691955
91534,0.5925882463877112
91535,0.4404345318272403
91536,0.28900932756355574
91537,0.3390381999196648
91538,0.4047032873312898
91539,0.4751543912691016
91540,0.4623114330543097
91541,0.6277853034790537
91542,0.5674926465079384
91543,0.5496991241483341
91544,0.4586412544946131
91545,0.4793803981333268
91546,0.4728581214840315
91547,0.5127215814717658
91548,0.4909209811736233
91549,0.5276531053409191
91550,0.46325117602945853
91551,0.5433919190790166
91552,0.3303463866225188
91553,0.5636097687837685
91554,0.5498553938258307
91555,0.548175007490782
91556,0.5530700625316682
91557,0.35553739484793445
91558,0.376071291392258
91559,0.5700760185608671
91560,0.27530167403756944
91561,0.35530795913332464
91562,0.4629352701648393
91563,0.49996189770844723
91564,0.5171049233194721
91565,0.5385803706216644
91566,0.3807320055116927
91567,0.3062598811782324
91568,0.34060454632732406
91569,0.549905990053545
91570,0.6023779369422064
91571,0.3553529196990294
91572,0.38146020390528484
91573,0.5516001009740203
91574,0.2918697863234963
91575,0.5444836942926462
91576,0.46839915530941717
91577,0.35933616221156345
91578,0.44956824950098784
91579,0.4641883782709544
91580,0.2956279916925422
91581,0.33263454652764696
91582,0.3399065184089487
91583,0.27288501337477755
91584,0.49803797352679097
91585,0.3946754034473527
91586,0.48063352241322643
91587,0.5975655611767879
91588,0.4743011209374773
91589,0.4578164783560896
91590,0.5804232618301809
91591,0.5369736913023303
91592,0.4843610622070893
91593,0.541325823840874
91594,0.3979753026485013
91595,0.4030407122952375
91596,0.5680505540520188
91597,0.5663950041565433
91598,0.4757403912176961
91599,0.3053151270740872
91600,0.37414458632833536
91601,0.42839356984466215
91602,0.5924912327390695
91603,0.5710438228361822
91604,0.5229950039544118
91605,0.4550551149901241
91606,0.28372897333665814
91607,0.4798090753130176
91608,0.3114041786983657
91609,0.537757559975942
91610,0.5409525337750505
91611,0.4925838328966834
91612,0.5682281651737016
91613,0.4818450580941817
91614,0.39933246023645147
91615,0.4904985889701788
91616,0.482066554170906
91617,0.29378200342732874
91618,0.3571008392995193
91619,0.2951216825884552
91620,0.5531774102226167
91621,0.4783300771200657
91622,0.44879715597388914
91623,0.5382447653759745
91624,0.5613648152429358
91625,0.30941590012062886
91626,0.55544178999285
91627,0.6623759162428935
91628,0.3972961494037315
91629,0.3335316167064265
91630,0.3553738525447365
91631,0.48982056829541387
91632,0.5010130492590533
91633,0.4765270646097833
91634,0.4340931143836242
91635,0.4938876597131171
91636,0.3128433697873036
91637,0.47176523219156047
91638,0.43832764952409636
91639,0.5036250563973829
91640,0.3471778883102298
91641,0.47397276823526446
91642,0.29123959998134863
91643,0.4750481999877288
91644,0.4672660063518056
91645,0.3250566812207162
91646,0.5212284325652125
91647,0.5925832775703707
91648,0.3631164868296179
91649,0.5447734389578871
91650,0.46926652545789915
91651,0.4620520278337247
91652,0.2925779956933652
91653,0.37637930322392577
91654,0.46706436809587637
91655,0.3654200832280074
91656,0.4954512705402381
91657,0.513162345388619
91658,0.5920150640605123
91659,0.5770550559324729
91660,0.42412936508443033
91661,0.3051268969840613
91662,0.5663803529677363
91663,0.290556345157022
91664,0.49207700088845285
91665,0.5918542301129964
91666,0.31613258753159806
91667,0.45846265763322047
91668,0.34594610426196876
91669,0.6078416548518047
91670,0.3072739774544511
91671,0.602327352897624
91672,0.35199331902723635
91673,0.4770046087980008
91674,0.4822092066777215
91675,0.5247987308989986
91676,0.6959214741102497
91677,0.6028572289975204
91678,0.5984072830751692
91679,0.478818329788349
91680,0.3110675716071006
91681,0.4701806664056029
91682,0.4687412468804017
91683,0.3447138887789368
91684,0.3180743675247009
91685,0.5756127623160878
91686,0.5104342767562293
91687,0.2572451842758522
91688,0.579229547428033
91689,0.3012200668551025
91690,0.38653976644396687
91691,0.6221001692947706
91692,0.3643916316843775
91693,0.2963688905988049
91694,0.3001021246235925
91695,0.36037721384584726
91696,0.5015272799328738
91697,0.553937111813988
91698,0.4952487774213636
91699,0.36136984418724827
91700,0.5037387392285902
91701,0.33261762338386686
91702,0.5829340124031162
91703,0.6041664787006644
91704,0.47223257908044286
91705,0.5560759935750993
91706,0.5530105533372051
91707,0.607197994901346
91708,0.4732790169664337
91709,0.43448082552853257
91710,0.36667049486858505
91711,0.4703273652507385
91712,0.2939385210421856
91713,0.43565808431633
91714,0.5321570239636285
91715,0.4736439063351551
91716,0.357689206530619
91717,0.4744768735784917
91718,0.3091604103402329
91719,0.563718167726872
91720,0.48516391330721714
91721,0.3169903301728793
91722,0.31941456136169355
91723,0.4695927927972237
91724,0.29971440618641976
91725,0.34736988221445636
91726,0.3776921642891668
91727,0.36155225981290473
91728,0.3592565891245909
91729,0.50674448322112
91730,0.5890282881450717
91731,0.4816195994293978
91732,0.47581270952172383
91733,0.47197884561272135
91734,0.5581857730472007
91735,0.5272313743132202
91736,0.5505801567691594
91737,0.3212533937405681
91738,0.4392281390090475
91739,0.5996300070671957
91740,0.37514345451831516
91741,0.29668236854476604
91742,0.3075515993083976
91743,0.4673055789418036
91744,0.4052107860770169
91745,0.501415076582397
91746,0.4716357233578134
91747,0.4724279539051665
91748,0.49501669587452374
91749,0.3823429688049581
91750,0.4977122150221766
91751,0.36657630634244304
91752,0.29770078733157185
91753,0.47427627442831627
91754,0.3636616823560709
91755,0.600923768561185
91756,0.3253866602534952
91757,0.5221811997367579
91758,0.3526648867427844
91759,0.5815454824114381
91760,0.5594861243099675
91761,0.32474821208469623
91762,0.352329828164467
91763,0.40210174470890814
91764,0.4707035521138669
91765,0.47892819656951335
91766,0.5097495263172912
91767,0.4024302404485774
91768,0.5457493925960771
91769,0.3023140067437422
91770,0.34901273137001637
91771,0.5917389353244619
91772,0.6039510401013615
91773,0.5030769108488194
91774,0.4595516792249071
91775,0.2576784057701922
91776,0.4585317955627119
91777,0.5952604699916569
91778,0.30424322919607893
91779,0.4958151426915354
91780,0.36697826687777724
91781,0.3687659269561223
91782,0.6131453281329435
91783,0.48491620153610254
91784,0.2955269013151709
91785,0.48683114459569177
91786,0.3945850807360025
91787,0.4980562934114556
91788,0.5087614212308161
91789,0.5661557525472185
91790,0.2930572269458758
91791,0.5426485650417774
91792,0.480521715864849
91793,0.5488518714597757
91794,0.28860429717832015
91795,0.33067027439339886
91796,0.44611861476102066
91797,0.2912602916687644
91798,0.577628563192804
91799,0.4221281598284701
91800,0.48711398134333767
91801,0.5609873664285925
91802,0.38101963935515154
91803,0.4687896254832014
91804,0.3523529511867177
91805,0.49717090985408985
91806,0.453545727033226
91807,0.5308784674560089
91808,0.507162979374252
91809,0.48938427691533154
91810,0.5362430162272174
91811,0.34020033774598535
91812,0.4729300939742488
91813,0.5477357307798556
91814,0.35470632512502964
91815,0.5324992066878923
91816,0.5592311919335332
91817,0.35276855817832503
91818,0.27311181410944485
91819,0.5147056188982532
91820,0.4643808971851251
91821,0.593334519122522
91822,0.44768272714792595
91823,0.3597744086631122
91824,0.3669125984429975
91825,0.46003834295888324
91826,0.2806137013467454
91827,0.654938324784694
91828,0.4433897739882142
91829,0.5431782572392243
91830,0.5338119279338919
91831,0.5945866577821287
91832,0.29914779105013406
91833,0.6582168753485944
91834,0.5969459963936801
91835,0.45504255785174286
91836,0.3472725980473392
91837,0.2513440829194952
91838,0.5962779436348861
91839,0.3297563495178811
91840,0.48223434470845666
91841,0.5791146975570944
91842,0.466900434061385
91843,0.3032502672626864
91844,0.5513471803991647
91845,0.34822833155670596
91846,0.4900389560623895
91847,0.524034323167464
91848,0.39287783922363495
91849,0.383752744308987
91850,0.5031206578822085
91851,0.36908282768260525
91852,0.5386074709109538
91853,0.31058828797598564
91854,0.3542638453944177
91855,0.4147752782053415
91856,0.2963096242501054
91857,0.3332578153600752
91858,0.3063215696255278
91859,0.5645005868594907
91860,0.47927665903048616
91861,0.5157613341394774
91862,0.3064421194312383
91863,0.4778127820923831
91864,0.48358326351328695
91865,0.4728938626625437
91866,0.34134170247001056
91867,0.30479855766701563
91868,0.5458817699276626
91869,0.5439239511929794
91870,0.4212252849139761
91871,0.36827270397117534
91872,0.5293711531751419
91873,0.5545104867969134
91874,0.2611726508505017
91875,0.46384566317799325
91876,0.31216246399283504
91877,0.49961215435615514
91878,0.5660768474230241
91879,0.3195433908623924
91880,0.29996568817569885
91881,0.3850528709991307
91882,0.3268662369507412
91883,0.29923813440069635
91884,0.48780326241856725
91885,0.47104095691410913
91886,0.4705092992359959
91887,0.4706126678793864
91888,0.4517137227029736
91889,0.5227043169592361
91890,0.4901299883159256
91891,0.5555244466045601
91892,0.5895177739718246
91893,0.48345387001315376
91894,0.4773208411052363
91895,0.5104555090666721
91896,0.49573004233539886
91897,0.48875244069525375
91898,0.5084371874889597
91899,0.30277987790173166
91900,0.5769017226117352
91901,0.4677116088873487
91902,0.4701847364421945
91903,0.30854086405109493
91904,0.5654316780692712
91905,0.5058742784862572
91906,0.4700312118675217
91907,0.4745956614552691
91908,0.4867818054127303
91909,0.2882718300642196
91910,0.5123611602485476
91911,0.4887537737838436
91912,0.561828823030288
91913,0.4683095947076137
91914,0.6030886124804622
91915,0.5211550284081424
91916,0.46309740729121707
91917,0.3875116844026429
91918,0.4813158662023537
91919,0.5693213161805567
91920,0.4195418925515013
91921,0.48374497634079006
91922,0.5062091381588044
91923,0.29563164498533023
91924,0.3583487713901661
91925,0.4879875313844761
91926,0.5769151640751097
91927,0.40586963862178915
91928,0.4328639436642908
91929,0.39757391729815117
91930,0.29770785759570934
91931,0.29323863196269856
91932,0.5942452247364611
91933,0.39417162139016304
91934,0.5625849317780436
91935,0.2933205356347383
91936,0.4794846757260955
91937,0.5049021153045092
91938,0.30631228536511446
91939,0.5530664612089204
91940,0.4782175999995813
91941,0.4893148735965101
91942,0.49191190614988495
91943,0.4650070183244113
91944,0.47372768017506134
91945,0.4719676183026923
91946,0.2711719240582638
91947,0.5603858666792041
91948,0.659207299175429
91949,0.4618942238173879
91950,0.3763106399270975
91951,0.30513261839870115
91952,0.3646451004305045
91953,0.5037353912469719
91954,0.5986610144174389
91955,0.40864711612116134
91956,0.6017033313732497
91957,0.4884867482600987
91958,0.49483290986161177
91959,0.40501635365392225
91960,0.4748387905313446
91961,0.5799705592957534
91962,0.3651240082746719
91963,0.3229451120579308
91964,0.4694274924092126
91965,0.28811440530749916
91966,0.4287675103185327
91967,0.4668346068730362
91968,0.551541330182132
91969,0.542389200270143
91970,0.4898973142095116
91971,0.37567850379219764
91972,0.45504689314421803
91973,0.5122542320589542
91974,0.4991449824305674
91975,0.5139849448441003
91976,0.5469737919030004
91977,0.36168406388605745
91978,0.4733745814062363
91979,0.5597482947486598
91980,0.5956797455020124
91981,0.3252198060301112
91982,0.4890689664576166
91983,0.30433440778335225
91984,0.3828995563007667
91985,0.44823416297981755
91986,0.34730463712262344
91987,0.4822170892564574
91988,0.32930409697226337
91989,0.36482345579522174
91990,0.5613363704854499
91991,0.5037406010353657
91992,0.302522668623951
91993,0.5791252136886368
91994,0.307186173063654
91995,0.32339657258163784
91996,0.4762507209917237
91997,0.455116682887101
91998,0.4747829357860461
91999,0.4675226021234988
92000,0.3365116308353138
92001,0.5325211717095952
92002,0.5730953487167804
92003,0.44972957455578244
92004,0.49994626138476844
92005,0.6035365757673395
92006,0.6177623935106266
92007,0.4461765270975067
92008,0.31116097360666306
92009,0.5335871489022779
92010,0.5909606923847873
92011,0.3191195627592906
92012,0.4394628986324497
92013,0.36461613451368363
92014,0.39696532270982765
92015,0.4755110208937971
92016,0.3639717759284909
92017,0.49364388312533475
92018,0.3358162826047581
92019,0.6027476380249692
92020,0.5917550204839328
92021,0.34307711926226564
92022,0.31167479030582707
92023,0.26589138110707367
92024,0.4620658506387532
92025,0.3025979800886825
92026,0.2857456370094394
92027,0.5870650557481588
92028,0.36277267245800143
92029,0.3737615688818026
92030,0.3050520442814253
92031,0.28565113636483097
92032,0.29637147282937815
92033,0.5447524534143124
92034,0.5674674543810087
92035,0.4725043063880597
92036,0.4827819152785872
92037,0.3548659726312398
92038,0.5453426879814126
92039,0.358578054948978
92040,0.5005792403965466
92041,0.4857723862274423
92042,0.5431388660184648
92043,0.5836534954897318
92044,0.6021924306131617
92045,0.5287863142955377
92046,0.43005560374143537
92047,0.3081347379925795
92048,0.5853880064950024
92049,0.5437317154224941
92050,0.45692878090860517
92051,0.35947332473585303
92052,0.3583821710458266
92053,0.5369797064265236
92054,0.5034324441620687
92055,0.4396602175682631
92056,0.38294353327010194
92057,0.31932389287061225
92058,0.5755358512946626
92059,0.29382559027810673
92060,0.48039801112636044
92061,0.47298460201461145
92062,0.4686685369632797
92063,0.35924386953055126
92064,0.49217931945905186
92065,0.46333567775572965
92066,0.5321766585929147
92067,0.5984004665113531
92068,0.32361370408898593
92069,0.38253463837235346
92070,0.29354979937236836
92071,0.4910760733263077
92072,0.48838777078178724
92073,0.5746668142754625
92074,0.36528063536763644
92075,0.5792942695458531
92076,0.45963617281732705
92077,0.2991563515167794
92078,0.48605562574750527
92079,0.3307854882081517
92080,0.5604727738021595
92081,0.38286842132590043
92082,0.5963904943961433
92083,0.2908288336951615
92084,0.4275120412061754
92085,0.4586039277905061
92086,0.29978317136269134
92087,0.539726915922736
92088,0.30627193142913695
92089,0.406100654455645
92090,0.5689152390804879
92091,0.2997585692753735
92092,0.48117865617411837
92093,0.4719988312106135
92094,0.289520291142302
92095,0.5762111931065951
92096,0.4536780317175169
92097,0.4874096787052808
92098,0.5923908302202091
92099,0.48743333862110727
92100,0.284521151679575
92101,0.5334355796744382
92102,0.5219727832552821
92103,0.5278089115733107
92104,0.6008907573330315
92105,0.6402996430552074
92106,0.34758668381590146
92107,0.6577539691434174
92108,0.320842307702449
92109,0.4105462829901015
92110,0.49437145796723825
92111,0.5311144848106016
92112,0.5763006650084967
92113,0.39869027953498054
92114,0.3276525981051842
92115,0.333911478877326
92116,0.6005852987822557
92117,0.5712275708567355
92118,0.4891099953514942
92119,0.47919808248507706
92120,0.5728563006318214
92121,0.4667207041137128
92122,0.3069381469821603
92123,0.5905020476569901
92124,0.27350664806577846
92125,0.30543904007022116
92126,0.6536259771830291
92127,0.5330580998971225
92128,0.3117622367855876
92129,0.3586118081234997
92130,0.507450455747375
92131,0.6694339649061183
92132,0.5889077132467678
92133,0.5639559240333151
92134,0.4836041755637475
92135,0.5234837141614168
92136,0.5647586361834419
92137,0.45157359729307833
92138,0.5112186201836143
92139,0.35810219956781886
92140,0.45735887906677325
92141,0.5807767491323531
92142,0.5096865776259587
92143,0.5478752980639724
92144,0.57646609519144
92145,0.4916754381908531
92146,0.5323373973594138
92147,0.6601611970095769
92148,0.5113546264882304
92149,0.4547804352202092
92150,0.5141175648534914
92151,0.36313066674151484
92152,0.45782908780302894
92153,0.4705343797258675
92154,0.5286301744495961
92155,0.3701530305551504
92156,0.4812936098731076
92157,0.5987753201132219
92158,0.5400094828968564
92159,0.40046874224465534
92160,0.5027601238011354
92161,0.5294313574814651
92162,0.34933298200082763
92163,0.3765924652596257
92164,0.5563461589710358
92165,0.500465871314598
92166,0.41109404006368894
92167,0.602439752696585
92168,0.488689500288947
92169,0.35091043565494434
92170,0.48322756486328705
92171,0.49660450943733697
92172,0.45511541351862894
92173,0.48545131523799134
92174,0.3292627985811658
92175,0.47951526403838574
92176,0.3281001219384253
92177,0.629314047795533
92178,0.44732628684539155
92179,0.3243453357802734
92180,0.4745744406943078
92181,0.4820910306067918
92182,0.5435321503291412
92183,0.5904774710308212
92184,0.3418054316781904
92185,0.48552235676228694
92186,0.49896187612233733
92187,0.5408333818229001
92188,0.3112174837505028
92189,0.29142176310863926
92190,0.5552506430307818
92191,0.5105531934026237
92192,0.6141384163696681
92193,0.5183273746239436
92194,0.5559413137093683
92195,0.5672012654862473
92196,0.6204271914842886
92197,0.3158859240703289
92198,0.4175562983793185
92199,0.3544160248286402
92200,0.3891671560731549
92201,0.5529061266359527
92202,0.49946844482457103
92203,0.4763176773213473
92204,0.3547606348703321
92205,0.46410028961534544
92206,0.5701994990563041
92207,0.2964199166444135
92208,0.30814004235833337
92209,0.28886684507994337
92210,0.5937160624634704
92211,0.4685513926900448
92212,0.4490512240469973
92213,0.49938472344012247
92214,0.42767211457309795
92215,0.4694714715534646
92216,0.5730160430946651
92217,0.5632214958660464
92218,0.6059209183548937
92219,0.471471628226291
92220,0.46500491603702726
92221,0.45663828187919203
92222,0.44763696329045555
92223,0.36910467182286777
92224,0.5546863833722936
92225,0.5470773104789765
92226,0.3676586438181473
92227,0.5380760392336882
92228,0.42077306774049983
92229,0.5767849426473152
92230,0.41358588512525657
92231,0.6004187784274828
92232,0.4114321636441815
92233,0.5733932695296197
92234,0.49009201201135616
92235,0.3495871528903483
92236,0.27154667977170927
92237,0.48010450771592156
92238,0.45833856906844334
92239,0.4412986766069066
92240,0.38431440784254906
92241,0.5279021284395533
92242,0.3629582683344417
92243,0.5251693333096075
92244,0.5650017740963544
92245,0.394734842542043
92246,0.3021599874579202
92247,0.4566940025137224
92248,0.314413751579828
92249,0.46729964819887876
92250,0.3333786714918112
92251,0.48372764209873387
92252,0.4839864230081004
92253,0.5275515924307612
92254,0.3080826869133984
92255,0.3859022468555097
92256,0.5352403430424963
92257,0.5884946249447282
92258,0.40484140240874944
92259,0.46375442028030234
92260,0.5105857424706429
92261,0.6058814832118465
92262,0.29945027965616366
92263,0.46698612609941553
92264,0.3379518837974326
92265,0.3985542734150774
92266,0.48117481676581086
92267,0.4841530271106446
92268,0.31295718144050677
92269,0.5208627302613752
92270,0.3231548029810921
92271,0.48952756567477546
92272,0.5755071254853608
92273,0.5939349266975539
92274,0.36272526450727677
92275,0.5522221078802692
92276,0.6032521143465491
92277,0.45809559157260654
92278,0.6626113815223637
92279,0.46077264954505
92280,0.36402226388442777
92281,0.5816523766136323
92282,0.5990407659161866
92283,0.5114828189679239
92284,0.3562071932997178
92285,0.4429128552180817
92286,0.4613163381827991
92287,0.5467147856763037
92288,0.514457292335678
92289,0.5104441477124626
92290,0.5756649710519739
92291,0.48480920142725586
92292,0.5300306153669684
92293,0.5708869847670712
92294,0.35064721006584404
92295,0.35073622749844796
92296,0.4738683114966172
92297,0.28710841695935635
92298,0.3620806439147167
92299,0.5462067136083795
92300,0.5713022163233549
92301,0.4671782604109067
92302,0.4792726950465865
92303,0.2946603932860029
92304,0.5030921871677553
92305,0.5596087622429431
92306,0.4059444395139238
92307,0.5288235276650984
92308,0.5650847396936116
92309,0.49756887406543154
92310,0.2866907161003549
92311,0.3433523496990169
92312,0.5989485554821283
92313,0.546327192928374
92314,0.4838437512064997
92315,0.5400154142918839
92316,0.4442176235405891
92317,0.4690239209982139
92318,0.37523346050068823
92319,0.4652304485600717
92320,0.47156265615775317
92321,0.3619766285017413
92322,0.45170919398949294
92323,0.3879409562605485
92324,0.4745129393175456
92325,0.3046924867989291
92326,0.6130702651926364
92327,0.6535896032043529
92328,0.4082436267084351
92329,0.2772266757472398
92330,0.49649900510099537
92331,0.4855723265080136
92332,0.46500919364349746
92333,0.5507390987186724
92334,0.5890144086006637
92335,0.47816408524077086
92336,0.2918951268544303
92337,0.535188795221832
92338,0.39650972145120705
92339,0.36484283326871303
92340,0.5542313784825296
92341,0.580615770540195
92342,0.48040633174044056
92343,0.4769943398857804
92344,0.28503988891260845
92345,0.5531605807882745
92346,0.37747877567198196
92347,0.27746225269670816
92348,0.4084663325172937
92349,0.485594089303612
92350,0.29535225748440186
92351,0.2956891274801163
92352,0.36012012487351996
92353,0.30191012386982385
92354,0.45557795589808897
92355,0.5448078340944972
92356,0.6137777889855017
92357,0.30856877201119876
92358,0.4045635244232692
92359,0.4767816952342243
92360,0.5984810264784475
92361,0.34856981840810786
92362,0.30010952483935927
92363,0.5803563727524652
92364,0.494252048421663
92365,0.2775914495699036
92366,0.44142962445223777
92367,0.3580149044771094
92368,0.34737533239898744
92369,0.33686259877802627
92370,0.29853366545401844
92371,0.5649636156086988
92372,0.36511863272355205
92373,0.5433444266247178
92374,0.3974987792170075
92375,0.58150977423689
92376,0.49090996817683336
92377,0.4494967337851741
92378,0.3288908376569108
92379,0.5497675369860145
92380,0.3956035655381298
92381,0.4895529759873559
92382,0.29147031767403736
92383,0.3640572902009603
92384,0.5804114181868465
92385,0.30669024096156317
92386,0.4386628248029311
92387,0.45155148962236946
92388,0.28418518420115524
92389,0.5436279053719086
92390,0.4809543510164972
92391,0.4488356332605273
92392,0.5397320643901073
92393,0.2894848793823981
92394,0.2697256422607539
92395,0.3589255125095545
92396,0.29037594871158534
92397,0.41441303109090616
92398,0.47876915914314605
92399,0.5207042716044366
92400,0.4968556959925075
92401,0.4517346549995972
92402,0.3005938582328288
92403,0.3267628998638495
92404,0.48418580843814046
92405,0.46118403086055576
92406,0.3600244327045775
92407,0.28597863973163945
92408,0.24240234856167805
92409,0.5695877877823161
92410,0.4737172026092901
92411,0.5521050427907949
92412,0.5086759804431099
92413,0.5722639043336227
92414,0.46813248820436393
92415,0.5458869898992211
92416,0.31890350794702
92417,0.3268124485351195
92418,0.5522012833325398
92419,0.30387110975515824
92420,0.3309705319533495
92421,0.5279143812268118
92422,0.5626517995844171
92423,0.4089796098638521
92424,0.5570055144681738
92425,0.2970632817502368
92426,0.30590639082649174
92427,0.4668381838353679
92428,0.33355297241278503
92429,0.47796253484482354
92430,0.3036032597708638
92431,0.29157471368854265
92432,0.3053839048810607
92433,0.3538381547000274
92434,0.3334016897516433
92435,0.3624845925959056
92436,0.34900797444441395
92437,0.30586954578069997
92438,0.49666019285007285
92439,0.47220331300512763
92440,0.3367895523446936
92441,0.2748990139033165
92442,0.5076343528886104
92443,0.4603798109277501
92444,0.30249848445148564
92445,0.46705959839856614
92446,0.549865177073381
92447,0.6532468823301055
92448,0.49203454170231686
92449,0.553907197894346
92450,0.5184897840446672
92451,0.47446247990833695
92452,0.3541425511197881
92453,0.3623760854607989
92454,0.43147587632064616
92455,0.4775909015629932
92456,0.4627935643651757
92457,0.5966028305087121
92458,0.4780036401282271
92459,0.3530246232670127
92460,0.4554728131621373
92461,0.4818003935138814
92462,0.36755607881531954
92463,0.3186037363931143
92464,0.3085468863246464
92465,0.36688365843493387
92466,0.5002572178990642
92467,0.49748631081331546
92468,0.5002111904493973
92469,0.31982999262468836
92470,0.47502863991528
92471,0.37865110542014235
92472,0.32573052768386695
92473,0.5326344277968521
92474,0.4454421492081986
92475,0.3687594256452491
92476,0.2352291910864587
92477,0.2960818740910859
92478,0.43270296508080347
92479,0.3531489293669731
92480,0.48244095859201164
92481,0.5117174170882767
92482,0.4913265304480776
92483,0.46281972977835956
92484,0.3743873469783632
92485,0.5991549009082269
92486,0.28367021113079866
92487,0.6032266648547745
92488,0.6095619719992668
92489,0.36845093279315766
92490,0.4731157405142807
92491,0.5382063898571487
92492,0.4781216210638898
92493,0.48802347164624144
92494,0.47430495516255544
92495,0.38803525962464963
92496,0.4844553511267403
92497,0.5357449524603496
92498,0.595384519176597
92499,0.4984186171654565
92500,0.4673810308832703
92501,0.374992243230662
92502,0.5296660118494296
92503,0.5469123707672883
92504,0.47273608123609595
92505,0.6264577770109168
92506,0.34807730776737267
92507,0.32066192737899807
92508,0.4834941245164008
92509,0.49837379669799975
92510,0.3081098428569895
92511,0.537711745942025
92512,0.5552265191564657
92513,0.38994109055093756
92514,0.5416511183733242
92515,0.3084404856510663
92516,0.3418020680314315
92517,0.5255679466750496
92518,0.5047665020471934
92519,0.38616811214406616
92520,0.5562463820150556
92521,0.30265184992084554
92522,0.4087129829516464
92523,0.2931893489670156
92524,0.3103481422451191
92525,0.47668380734673693
92526,0.4806069010767057
92527,0.4237888717047612
92528,0.46199936405943054
92529,0.5698074067604078
92530,0.4027123207221879
92531,0.5592642725212914
92532,0.5789339072354852
92533,0.47634779174037434
92534,0.38696853565560757
92535,0.4095976858317573
92536,0.4583957356373611
92537,0.27473641278936695
92538,0.36298461054077075
92539,0.4828186021524368
92540,0.6088878801369827
92541,0.2967370751324559
92542,0.4822460070528868
92543,0.4642094526016015
92544,0.45367094562778226
92545,0.4772764404820518
92546,0.5416697098101834
92547,0.4703634261011391
92548,0.46604423040333665
92549,0.3389991547191623
92550,0.4678946429145925
92551,0.5671747603179913
92552,0.5378167875980652
92553,0.5021946201473658
92554,0.35556390719764064
92555,0.361876835018392
92556,0.30242764305993536
92557,0.4669070797055548
92558,0.47118892057625905
92559,0.2783607284421513
92560,0.5525342258608432
92561,0.3629232113219773
92562,0.5202952005801191
92563,0.5032933289512564
92564,0.48714523271458293
92565,0.28773390767774687
92566,0.4729342173710052
92567,0.5750713276787184
92568,0.27541885015207146
92569,0.3206480686166743
92570,0.5463477139313145
92571,0.5657274413608572
92572,0.29634146926011645
92573,0.47611443683235805
92574,0.4246146757359966
92575,0.3697371179523484
92576,0.5900643320609101
92577,0.552299209683211
92578,0.4919761283640752
92579,0.5221351956022181
92580,0.49659501709559195
92581,0.30062970019486374
92582,0.5964677706697618
92583,0.522107903587324
92584,0.3340383128604879
92585,0.5013326790493275
92586,0.5173974902731205
92587,0.5596845837863962
92588,0.5821982097882085
92589,0.4140186937460338
92590,0.1952723136522629
92591,0.31676489452847273
92592,0.390179408502113
92593,0.363004379777901
92594,0.3221344158440015
92595,0.3563192699694958
92596,0.2911994335112482
92597,0.29837247768432884
92598,0.4797940128682117
92599,0.48136049056956737
92600,0.5006477464880695
92601,0.5076682666855064
92602,0.47297780053756366
92603,0.5102968104811676
92604,0.33072246958986184
92605,0.35653377717603524
92606,0.28703472375203504
92607,0.5142721638027314
92608,0.30557223445695336
92609,0.41205565868565985
92610,0.6093407920413643
92611,0.5449105215726503
92612,0.4877551356839459
92613,0.4974095298988607
92614,0.5029494757668334
92615,0.47158022883542133
92616,0.6175424905411522
92617,0.3596786678035226
92618,0.29930905742911784
92619,0.5635738867776163
92620,0.4114774401410166
92621,0.5111411124705116
92622,0.47054299847741404
92623,0.35858278275763866
92624,0.325357285113607
92625,0.5335635126514238
92626,0.5897525286745124
92627,0.3759081964831782
92628,0.43925687510353145
92629,0.39320896737032157
92630,0.38039276766977603
92631,0.45547147787606895
92632,0.5474709942742204
92633,0.35289009328338883
92634,0.47150253145870674
92635,0.589166577229653
92636,0.3818561288231416
92637,0.5578042765562967
92638,0.49185061751677905
92639,0.5864862285390489
92640,0.3665366654136777
92641,0.5494956810839238
92642,0.3702404007950461
92643,0.5631765749064314
92644,0.3275548803411725
92645,0.30850246207723053
92646,0.28721050073282167
92647,0.5553350210332444
92648,0.47042169004489753
92649,0.465514891638006
92650,0.31759343820849
92651,0.30813812192349
92652,0.5240283094778211
92653,0.31667644210891466
92654,0.516618091032388
92655,0.46251577882227407
92656,0.4692731529224749
92657,0.5198735269885707
92658,0.5438316481914741
92659,0.49554058805178214
92660,0.3553450524187531
92661,0.32947951101956835
92662,0.5651579775068121
92663,0.2954201307569883
92664,0.44908568730132054
92665,0.48179086847743324
92666,0.4175628698511087
92667,0.47729413952613586
92668,0.599316950965398
92669,0.38450489868491
92670,0.5606923868134922
92671,0.38843072247296895
92672,0.4853268588244828
92673,0.6002369311411284
92674,0.47362120214300707
92675,0.562436804078439
92676,0.5780701167750936
92677,0.47498207057880376
92678,0.2739138293717542
92679,0.4806225008060778
92680,0.4276957623149581
92681,0.4999692543623287
92682,0.47526653966902654
92683,0.47708632775524756
92684,0.5530556993034923
92685,0.4691305914685276
92686,0.33918809478341344
92687,0.48444971005895493
92688,0.34783056540559487
92689,0.5768186720598995
92690,0.5650470442909905
92691,0.474171035330951
92692,0.4715531217812334
92693,0.4756421483541552
92694,0.5039010878401766
92695,0.430931525779987
92696,0.5149220206740024
92697,0.3520621751463549
92698,0.3462764183884791
92699,0.28847081286616116
92700,0.35993788978041114
92701,0.4756868555171571
92702,0.33281749268814087
92703,0.5902924408959109
92704,0.2689884434785322
92705,0.5661363514380258
92706,0.30867473840914295
92707,0.46077502175407503
92708,0.5773538450412827
92709,0.570570553061049
92710,0.4714246721561981
92711,0.47934930457208635
92712,0.3021577433380236
92713,0.4720606562492446
92714,0.36124997877307197
92715,0.5630371461532981
92716,0.30565087669986735
92717,0.3940023294316519
92718,0.3683689591272866
92719,0.3337701974267679
92720,0.5939232280172776
92721,0.6049444332659244
92722,0.45444161989637405
92723,0.35929564259256913
92724,0.4505071695931967
92725,0.4761256392341718
92726,0.4670806896073219
92727,0.5629639589897117
92728,0.3544428695837248
92729,0.31467961143251294
92730,0.46654416718507064
92731,0.6241975074568402
92732,0.2935485700366463
92733,0.35678777672130885
92734,0.5424237385794979
92735,0.533924016096242
92736,0.6029913135924114
92737,0.36521040548744726
92738,0.46404219276905656
92739,0.28669228638759325
92740,0.6108121137717187
92741,0.48836883979583173
92742,0.3608725559811324
92743,0.4150541631185105
92744,0.5568416954141813
92745,0.3560436284997816
92746,0.30708943915209874
92747,0.30652359620420594
92748,0.5384169189412475
92749,0.5134083870141102
92750,0.47745229020844093
92751,0.5735119069794654
92752,0.3536023273750476
92753,0.5628529110009
92754,0.4723254540104558
92755,0.4620470043120037
92756,0.32851844141504316
92757,0.4593105973586431
92758,0.5298381371078984
92759,0.307379896325193
92760,0.545161883010124
92761,0.551536344069032
92762,0.553015246718622
92763,0.4719910792831101
92764,0.6076002341448503
92765,0.5308053563770007
92766,0.5435954165236979
92767,0.3731258677956275
92768,0.5951641698461299
92769,0.4893149553755539
92770,0.4886357464546936
92771,0.6023565272174273
92772,0.5814805423920234
92773,0.3021138812440771
92774,0.2976070460815862
92775,0.3547543458105768
92776,0.5334817403091165
92777,0.5500847498659944
92778,0.33064853381542814
92779,0.4768581253484541
92780,0.3783311127688373
92781,0.3586728153876469
92782,0.4844177674643836
92783,0.5363354954253715
92784,0.3820967909538458
92785,0.48561709353560806
92786,0.2930214172158368
92787,0.45846971351391896
92788,0.4798290991125025
92789,0.5615174437582224
92790,0.3097974436122497
92791,0.32698319111705826
92792,0.48140829004488533
92793,0.30221964031849075
92794,0.4250649646656951
92795,0.5459737238586819
92796,0.4569086443306453
92797,0.48598028938187143
92798,0.5445409588724878
92799,0.4695257187310126
92800,0.48563752742782296
92801,0.294323603028745
92802,0.30205423061158043
92803,0.5564942416030932
92804,0.27129888379638883
92805,0.4331396773060152
92806,0.3665686801149796
92807,0.4739458606239012
92808,0.4749393364282736
92809,0.46746180827814826
92810,0.48360854595618
92811,0.620759516729679
92812,0.500702556207547
92813,0.4945337267851508
92814,0.3685667089579602
92815,0.34666506766475
92816,0.4288205418205117
92817,0.3946755126342899
92818,0.39982480041799084
92819,0.4774577769689528
92820,0.29499293642323393
92821,0.5475438560873558
92822,0.477561087459167
92823,0.4242937686326986
92824,0.34983181288982024
92825,0.30200003123689756
92826,0.3592500758633227
92827,0.4480488915403192
92828,0.29030089364951717
92829,0.4924033601859031
92830,0.4757048193048944
92831,0.5867565679095659
92832,0.35401737747173423
92833,0.5943558501559532
92834,0.49430317125946815
92835,0.5621696720627295
92836,0.5493323928912047
92837,0.36492366667786313
92838,0.3105105768751109
92839,0.29489543667601303
92840,0.3702421961352002
92841,0.3061843527271509
92842,0.587321963977688
92843,0.5221924764868214
92844,0.46072394124575977
92845,0.5011071545974939
92846,0.4863571680492365
92847,0.5307532091873969
92848,0.5806543420815459
92849,0.5175987703676908
92850,0.5023574306088161
92851,0.2976362250057628
92852,0.6122356988942992
92853,0.3584199032447834
92854,0.5492385155491498
92855,0.5243652784619925
92856,0.6128608412272378
92857,0.4764581287637958
92858,0.47028031450950747
92859,0.5032497232654359
92860,0.4678649025026351
92861,0.6107915882233018
92862,0.4810816161540488
92863,0.5898880807214412
92864,0.5529581583838895
92865,0.45214641202352085
92866,0.3701986816334175
92867,0.5131331128649607
92868,0.49606060135690716
92869,0.32945903449228886
92870,0.4709291482645945
92871,0.3877859273356512
92872,0.3245468227689475
92873,0.3429929047199325
92874,0.604556034146272
92875,0.48167375431349047
92876,0.6581507927282851
92877,0.4863561735251302
92878,0.4866252314282504
92879,0.5996909324075007
92880,0.49987020453856257
92881,0.28399070207988725
92882,0.36602614800782957
92883,0.5429211940895543
92884,0.4626547590679257
92885,0.3493036417064236
92886,0.47118119822316445
92887,0.5068068795410219
92888,0.47620283069638913
92889,0.5772924766695212
92890,0.5662687107539275
92891,0.2691378961999276
92892,0.5027456422959123
92893,0.38022527482047624
92894,0.5030450758738152
92895,0.2899577368539971
92896,0.47978504230590047
92897,0.5350162977034184
92898,0.44272503883215597
92899,0.4131977485200386
92900,0.33350896019932275
92901,0.3758244365315082
92902,0.4567957766154456
92903,0.5719794577519569
92904,0.36264898854102423
92905,0.3905445258982835
92906,0.28833429273484096
92907,0.454863926878096
92908,0.45328896340530295
92909,0.3065430752566383
92910,0.302714592354558
92911,0.4349290879818686
92912,0.4853541598560018
92913,0.47878250441637316
92914,0.5376847757499323
92915,0.46613710135762715
92916,0.5663398703528058
92917,0.5687595825644783
92918,0.6270933460079535
92919,0.46723490545814933
92920,0.30616170037348867
92921,0.4514887593549444
92922,0.611842631771284
92923,0.5340420778222486
92924,0.4648227160944502
92925,0.5002944160530056
92926,0.5439680450574574
92927,0.4870758546104908
92928,0.5648447822636136
92929,0.48206474212844147
92930,0.5712097585006579
92931,0.33518919585208784
92932,0.36489292912156696
92933,0.297943759028751
92934,0.4979801714987142
92935,0.6119107573446823
92936,0.5082292568599631
92937,0.4827961900171183
92938,0.49059584040344956
92939,0.4585365963505455
92940,0.5470131819002788
92941,0.5307141338279046
92942,0.5460744275930809
92943,0.4657810346390563
92944,0.2933930857531941
92945,0.28733546598106513
92946,0.32045528748998153
92947,0.41972474249020464
92948,0.27279601294204414
92949,0.6060614360665532
92950,0.5089888876826332
92951,0.2966145810736313
92952,0.47614777880462683
92953,0.3589614331487202
92954,0.5838920469275434
92955,0.2826781171200746
92956,0.3037472316013733
92957,0.2931970731345018
92958,0.3150306243490274
92959,0.3212213169862253
92960,0.36231699133170037
92961,0.5747313837105916
92962,0.2937992285564837
92963,0.5493849198512477
92964,0.2843784197283915
92965,0.47560918975775746
92966,0.29650474765142343
92967,0.36477782772709094
92968,0.3550505813004605
92969,0.2976763313467795
92970,0.36872731768548894
92971,0.30510773227483234
92972,0.48081947861753765
92973,0.4844646726590036
92974,0.5758871160022732
92975,0.2981889178166501
92976,0.550619624887038
92977,0.37027108570766293
92978,0.3030670496544637
92979,0.5035390099706811
92980,0.5244376540228735
92981,0.3620286089420755
92982,0.5584697342498345
92983,0.30858258011618894
92984,0.3048749307574153
92985,0.3427129649195581
92986,0.32756854088382475
92987,0.49763392084863406
92988,0.27838856860272504
92989,0.5589363153313295
92990,0.30342745125611664
92991,0.5689340866794191
92992,0.5441350947681823
92993,0.3015000437360453
92994,0.5527966231625316
92995,0.3612242296401595
92996,0.31544157370029563
92997,0.48233151783335615
92998,0.5930706546986617
92999,0.5370126852502229
93000,0.39008371251974433
93001,0.2969425310137381
93002,0.5752963998718463
93003,0.29136071438062855
93004,0.5748550761372625
93005,0.5043085191985477
93006,0.5550966457891132
93007,0.5628002776945762
93008,0.5528301422136996
93009,0.5430646883586625
93010,0.6353861801727362
93011,0.5097186625076032
93012,0.37692927835495066
93013,0.3061592109220501
93014,0.29658222757074004
93015,0.3761756651259093
93016,0.3002760834329554
93017,0.400243865329425
93018,0.30121255380100653
93019,0.47445441417199286
93020,0.45701636446756844
93021,0.3516716156237127
93022,0.4742270282006507
93023,0.3290134736574988
93024,0.5906465669338089
93025,0.4400052686229755
93026,0.5287605202542252
93027,0.29384543795549484
93028,0.2984694024140746
93029,0.4496945007315335
93030,0.671979550552503
93031,0.352079696002625
93032,0.4812152025812349
93033,0.3063909805488077
93034,0.3091815016635404
93035,0.3860890100374172
93036,0.5193465225665831
93037,0.5535271009205327
93038,0.3523453638459567
93039,0.487171330999005
93040,0.5965457534349751
93041,0.4866451222909967
93042,0.4659610390700614
93043,0.2924507526676953
93044,0.578551401370971
93045,0.55946316971572
93046,0.49257859712898855
93047,0.32241455184339085
93048,0.600994681988426
93049,0.5019630387593933
93050,0.39576375827340915
93051,0.3533289313804541
93052,0.4438851397691905
93053,0.35002094180675397
93054,0.5690100662100366
93055,0.33956581259509744
93056,0.5811568204946298
93057,0.4775518297692308
93058,0.40329837023114096
93059,0.48803607373455477
93060,0.5092633963627038
93061,0.30433023793097636
93062,0.3213135552712922
93063,0.2899386826062501
93064,0.5382378966079298
93065,0.4021885368370811
93066,0.37008144488773054
93067,0.5570965248974655
93068,0.4666988610263207
93069,0.6036782174499375
93070,0.470695089423753
93071,0.5142651786857582
93072,0.47815100093470936
93073,0.5832081808934255
93074,0.5561223389497896
93075,0.47908825727843535
93076,0.5482575847392358
93077,0.5406601356811033
93078,0.5136952108356289
93079,0.2822783247891254
93080,0.35874984171527297
93081,0.46047045241270823
93082,0.381503319003887
93083,0.5066677211577204
93084,0.30650478532861725
93085,0.3718527708567219
93086,0.5648709851725315
93087,0.5655963907898288
93088,0.25153405522790345
93089,0.4831412763206366
93090,0.5533250663590036
93091,0.5531498023530964
93092,0.554024385538484
93093,0.5597668392057746
93094,0.5489797099261065
93095,0.4689891280458684
93096,0.6015771056526064
93097,0.6268716670961413
93098,0.6079020454324476
93099,0.4696520797339933
93100,0.3073715155827663
93101,0.35187181472732326
93102,0.5511886159363371
93103,0.34047005713580053
93104,0.4669105861304862
93105,0.497725853894944
93106,0.3036054793079516
93107,0.4535218424495574
93108,0.3785277092048613
93109,0.3560988099543213
93110,0.3455307690744464
93111,0.3126970033787728
93112,0.30802226163832086
93113,0.30492089721142845
93114,0.3908615284080176
93115,0.5368923071305713
93116,0.478459521344531
93117,0.37739431188074213
93118,0.5609094567615246
93119,0.3777095205638368
93120,0.4787824178352333
93121,0.5500376546832538
93122,0.31210240924776617
93123,0.5680339423212721
93124,0.279627433657218
93125,0.31225105275891374
93126,0.5469901663961744
93127,0.6338977983463816
93128,0.5029746322412587
93129,0.6035792123291653
93130,0.29417964768549504
93131,0.38647398152427365
93132,0.35076502217295785
93133,0.608544626628054
93134,0.5612007743529973
93135,0.5722903271491991
93136,0.38502835198308616
93137,0.34367542348712155
93138,0.4913072752642968
93139,0.5575943853535625
93140,0.542305232509022
93141,0.3729287968199352
93142,0.5347528303176409
93143,0.3226067508779687
93144,0.5417989139219249
93145,0.5487329430745856
93146,0.6427344993444182
93147,0.4765242904027025
93148,0.30150770863126325
93149,0.25397307049379864
93150,0.5414436888303744
93151,0.45392491581973243
93152,0.551542216408109
93153,0.336909777436956
93154,0.4865601938942831
93155,0.4817167100701489
93156,0.473124049978379
93157,0.5760820584708866
93158,0.47398456217274904
93159,0.5150203679784056
93160,0.37052345667304876
93161,0.33438738618799385
93162,0.2947510277032294
93163,0.38279113219852806
93164,0.4930649500801424
93165,0.47214040362895976
93166,0.4610021298463823
93167,0.48562272226197795
93168,0.474178370757893
93169,0.4952809176968863
93170,0.41443056173606363
93171,0.39284574722978366
93172,0.49933109989556324
93173,0.3684919570503397
93174,0.5016194729679432
93175,0.28927785660387956
93176,0.35707753295518857
93177,0.613657319905257
93178,0.47662237892314496
93179,0.4303422492102198
93180,0.261311374597211
93181,0.28570130412719985
93182,0.3481932112004906
93183,0.3602297511187532
93184,0.575995155225881
93185,0.38243900260325037
93186,0.3519492250377547
93187,0.49078259189089307
93188,0.48604460264750143
93189,0.6685483996013418
93190,0.5722905628572041
93191,0.3033188602633501
93192,0.548955049110937
93193,0.2933757286046736
93194,0.4952559204639769
93195,0.3812752265533228
93196,0.6264125053691971
93197,0.3655927499395961
93198,0.46656903593046617
93199,0.3712717218354012
93200,0.4355222449907977
93201,0.298683688891012
93202,0.4608628181702966
93203,0.5010939825944809
93204,0.5919929005297077
93205,0.5121940877610108
93206,0.46465469710341983
93207,0.555984521690855
93208,0.4624652875016143
93209,0.47319429439961463
93210,0.5342939880660291
93211,0.47279461819767893
93212,0.4401368603737949
93213,0.5734584194922594
93214,0.5878308002334808
93215,0.2970212898724632
93216,0.4567038427434277
93217,0.6405176251397928
93218,0.3998284716061054
93219,0.5731881723197007
93220,0.54181727281867
93221,0.584800790219671
93222,0.6039632511465268
93223,0.549665742717612
93224,0.48023897098737706
93225,0.4843857730825402
93226,0.28903619893810234
93227,0.34197052994840244
93228,0.3607484896639749
93229,0.46588306470708785
93230,0.5428910038052737
93231,0.28699299546422813
93232,0.30278471822432307
93233,0.3388843028712651
93234,0.5421374537438026
93235,0.5551902473418738
93236,0.6004788069516205
93237,0.315870098150389
93238,0.46544532856431875
93239,0.4719924333018974
93240,0.3147958484249184
93241,0.41607667335516935
93242,0.6011679649619052
93243,0.39409193071035126
93244,0.3771931387763632
93245,0.37866863929836087
93246,0.5230274694771683
93247,0.5138043862124276
93248,0.5110346455481968
93249,0.5044029021405309
93250,0.47384012893468147
93251,0.4673825652641286
93252,0.2950224735648109
93253,0.29312831550276564
93254,0.46462088590105005
93255,0.561820995325731
93256,0.33717399618665556
93257,0.4749377873268589
93258,0.5510447614424835
93259,0.5593043765162823
93260,0.5478268955244437
93261,0.30504970721341684
93262,0.59835096235062
93263,0.5823813933979298
93264,0.28402856331142884
93265,0.5014399220919828
93266,0.46869098449688756
93267,0.4509080287445908
93268,0.4623289610615836
93269,0.48848409079117894
93270,0.4821778223202115
93271,0.419080311489368
93272,0.5677026235382177
93273,0.41708168503623
93274,0.5861126560834268
93275,0.2862346347187175
93276,0.4969834891780298
93277,0.4057385176782607
93278,0.522803505482341
93279,0.5527373356926195
93280,0.4779432432492713
93281,0.49076300296890957
93282,0.4181182779413881
93283,0.5703147374793401
93284,0.34016984888040097
93285,0.5159335592743959
93286,0.5796816281595216
93287,0.48939478942276715
93288,0.575506715247095
93289,0.46331077215215816
93290,0.45910265342557804
93291,0.51773950673416
93292,0.4781931257163554
93293,0.5319190942231792
93294,0.49423658651715585
93295,0.3027118751960808
93296,0.2953348713224342
93297,0.5466586401425269
93298,0.507499380313897
93299,0.48048362318938054
93300,0.3626930760584196
93301,0.3004393186453959
93302,0.46986023725621234
93303,0.4855095394284744
93304,0.5448701933238191
93305,0.3030263905880647
93306,0.49469630089430994
93307,0.5765886149534973
93308,0.3937389424559012
93309,0.4633073262809689
93310,0.3617657488488811
93311,0.34187427421804706
93312,0.36985665566135256
93313,0.49216973935579234
93314,0.46053659606826153
93315,0.4483757047550271
93316,0.6021330750498763
93317,0.3788740465189936
93318,0.5464725303087429
93319,0.4696084306963412
93320,0.5576468108943256
93321,0.507108682721151
93322,0.26856563648074244
93323,0.4598110675422798
93324,0.4970253072673013
93325,0.4237148473707018
93326,0.4784225483195709
93327,0.29242467604466205
93328,0.5568170026110815
93329,0.3029584395860656
93330,0.5290388665862483
93331,0.31541993533785895
93332,0.4922751575810341
93333,0.5576607665967297
93334,0.3770047989724134
93335,0.4708924143455729
93336,0.47083201260213614
93337,0.491914078717136
93338,0.48569635518356713
93339,0.5833528767867936
93340,0.5132346256935385
93341,0.5735040171497322
93342,0.5456842370909654
93343,0.4617555566246223
93344,0.5221004428216333
93345,0.5758020302467189
93346,0.5983016973966496
93347,0.42211074913203944
93348,0.5502400236465712
93349,0.28233518318919976
93350,0.2672302137054263
93351,0.30994090210431396
93352,0.44852543387963734
93353,0.5012189853361201
93354,0.5376529020191898
93355,0.5358992244021201
93356,0.49443075814938725
93357,0.47433159507179906
93358,0.5904837060448415
93359,0.49504471791307375
93360,0.4394794156760346
93361,0.39446034006067837
93362,0.6255493088788422
93363,0.47456506150552996
93364,0.47853673090538335
93365,0.581513652712801
93366,0.3151532409111114
93367,0.3900957610568603
93368,0.48108795427874596
93369,0.3792328427407556
93370,0.35246552851034807
93371,0.4685969070494872
93372,0.454559554491009
93373,0.44809039574430737
93374,0.484088515576937
93375,0.6616836110803884
93376,0.33938478048077714
93377,0.5121786537276644
93378,0.6486037391301037
93379,0.5347070253087503
93380,0.34921839322755627
93381,0.45866227255724323
93382,0.3131098168485938
93383,0.4814824868866047
93384,0.3788386357221267
93385,0.4018469572246938
93386,0.5667140533855701
93387,0.5493369136678069
93388,0.5817782395172668
93389,0.6446542512865727
93390,0.4673456128799227
93391,0.34906837036383015
93392,0.46503892527671076
93393,0.3411607191434756
93394,0.5181987152970603
93395,0.2822664046499675
93396,0.4695695877558776
93397,0.5092770170930448
93398,0.4757793714465897
93399,0.4652078613626803
93400,0.5533452334611222
93401,0.48801652746888385
93402,0.29747749062077855
93403,0.47775410888452746
93404,0.6874005997497071
93405,0.3042765873724526
93406,0.5536023917377108
93407,0.40031943121230107
93408,0.44131459060182354
93409,0.2864411329388948
93410,0.288473667689373
93411,0.5450466976554477
93412,0.47752706271722595
93413,0.47937223468247425
93414,0.28031061973952104
93415,0.3772546318413021
93416,0.2610095410983461
93417,0.6106831551465697
93418,0.31177000469627625
93419,0.5186217302526583
93420,0.3347876919292106
93421,0.3057827667352187
93422,0.31989261364186056
93423,0.4950321093629721
93424,0.2896944096772419
93425,0.5155080745718624
93426,0.47851086031161055
93427,0.6005498414079995
93428,0.4903597218168099
93429,0.5649028774485256
93430,0.5780015863117342
93431,0.4388445002107073
93432,0.4670110113177285
93433,0.28293216161426155
93434,0.46692411327426053
93435,0.3594734230290501
93436,0.4925253821813689
93437,0.29605546528651355
93438,0.40095467601059914
93439,0.29383926200371174
93440,0.31000501634685923
93441,0.47254272881248616
93442,0.5601580254885503
93443,0.6382319879158885
93444,0.30078802919389563
93445,0.5580507793487997
93446,0.45201078591918753
93447,0.5746560172345058
93448,0.29366168332210124
93449,0.4664365910525379
93450,0.6174253678299162
93451,0.5150211395191152
93452,0.4828641862279256
93453,0.28667208465020466
93454,0.2969038516029536
93455,0.4671778868414444
93456,0.5473622133239237
93457,0.5361167342533206
93458,0.5229065485118617
93459,0.30493710255526707
93460,0.4759126560775221
93461,0.48135291833297494
93462,0.3037058707022844
93463,0.3478779544146742
93464,0.28191747408742696
93465,0.5775495299473494
93466,0.3431930781145691
93467,0.6010958109741619
93468,0.29966283396113125
93469,0.5219358253777548
93470,0.32659209206894685
93471,0.345051955756531
93472,0.3386535229062654
93473,0.5598482722182785
93474,0.4767746274922028
93475,0.4455171498682496
93476,0.36129148406564776
93477,0.36495669320018265
93478,0.28754999492420275
93479,0.6111465648687445
93480,0.4705060552753724
93481,0.48582352039133947
93482,0.5373889866140282
93483,0.500233582888514
93484,0.33264309863533126
93485,0.4644310576580233
93486,0.4783525990426589
93487,0.4808232689542105
93488,0.5094627796348642
93489,0.5202562829868367
93490,0.40368698701849415
93491,0.46347644223807133
93492,0.5558350711692235
93493,0.48696995513046903
93494,0.3425772637766555
93495,0.46214651006821555
93496,0.31653016352565855
93497,0.6352033490006977
93498,0.49585913538030757
93499,0.48538702622156954
93500,0.3449929247988296
93501,0.48030698793858984
93502,0.4687708535908403
93503,0.5866923512036566
93504,0.4846956557268623
93505,0.4688938509510313
93506,0.2943256649150413
93507,0.4803790577176699
93508,0.6130407074073011
93509,0.45913342122907197
93510,0.5598690947492635
93511,0.5045909079905732
93512,0.47808670102067086
93513,0.4792545740964956
93514,0.3604098688466552
93515,0.3105237961143443
93516,0.5808753948487948
93517,0.48591898390798743
93518,0.5467963803867797
93519,0.3335850516889823
93520,0.5629058027998278
93521,0.6087884938436884
93522,0.5079784639406698
93523,0.4371629958827771
93524,0.3160797799849561
93525,0.4989905875513794
93526,0.5938404294740363
93527,0.5005135265757762
93528,0.3652090187085089
93529,0.5635789102587799
93530,0.4825588000703285
93531,0.5885208948748015
93532,0.3541889042902548
93533,0.353584355767773
93534,0.3024592160078359
93535,0.4007704191720035
93536,0.41330133894645477
93537,0.5556725861849522
93538,0.45739912185946463
93539,0.587680512710145
93540,0.28832529864590384
93541,0.47752716181891885
93542,0.5830446974635188
93543,0.38343228377396393
93544,0.4281316894279415
93545,0.3098518422872896
93546,0.5150268038219533
93547,0.6449395708345321
93548,0.38460672137277097
93549,0.3052016399181693
93550,0.5654346477467123
93551,0.2969811165305912
93552,0.4742595232202474
93553,0.5445624979548289
93554,0.47303745573712536
93555,0.5384516162432514
93556,0.5082682308628791
93557,0.3322625749055863
93558,0.26727625117588116
93559,0.3663793327333104
93560,0.4667033311756201
93561,0.3842837152554465
93562,0.34792790618603525
93563,0.4150471710928439
93564,0.5298886502939719
93565,0.4777457346167619
93566,0.5149713795115355
93567,0.4677408012091138
93568,0.5436886792305908
93569,0.3122359016369711
93570,0.5755179785107329
93571,0.4614400767051491
93572,0.36580009256626317
93573,0.5497331009929067
93574,0.4938713169734758
93575,0.3604276917536361
93576,0.550832669462902
93577,0.6278711123327059
93578,0.6068457526027466
93579,0.5516447042052578
93580,0.4741269826608349
93581,0.5237998690790497
93582,0.4735836538714802
93583,0.5038826225216952
93584,0.5016333233788749
93585,0.4470403589257928
93586,0.3808383241591671
93587,0.3296893030923858
93588,0.49405126744500555
93589,0.6211384935633695
93590,0.4035529251397525
93591,0.5330762248742202
93592,0.3259651753158394
93593,0.3774706652610253
93594,0.4099785677521291
93595,0.29094617057934874
93596,0.5118536742429123
93597,0.47278049743129485
93598,0.5228310996339456
93599,0.359134204810256
93600,0.46714406068478503
93601,0.5494938633660006
93602,0.3032300803274497
93603,0.5482885472538223
93604,0.3546776880848556
93605,0.46782645975481946
93606,0.3473756291706842
93607,0.5393233246501037
93608,0.4851228356074612
93609,0.298447529565379
93610,0.4982344505768515
93611,0.49735310171436803
93612,0.3630755456895979
93613,0.5781650902117885
93614,0.29767150415869414
93615,0.6176690748420071
93616,0.4695520777884724
93617,0.35279390317567594
93618,0.5851363949068753
93619,0.4907591276349065
93620,0.5347379212067909
93621,0.47594297940137903
93622,0.4950876121378595
93623,0.3888730062141366
93624,0.4700598664620421
93625,0.5364667133126758
93626,0.4458473596997977
93627,0.30078159157319084
93628,0.3361674164900294
93629,0.5488361129733221
93630,0.46200830607313553
93631,0.44475066028549015
93632,0.45984479903049097
93633,0.32492363091022686
93634,0.5488380782915341
93635,0.35575622464553375
93636,0.48622997021209635
93637,0.6246569792719366
93638,0.49267494512606175
93639,0.4751876331911471
93640,0.6706394417170995
93641,0.3811621595238177
93642,0.6017115688506136
93643,0.4322462992394276
93644,0.2872056109588087
93645,0.5375513310514912
93646,0.3669798203746006
93647,0.3628627084970662
93648,0.3290118358565162
93649,0.46344745892678624
93650,0.30247710887874096
93651,0.46520512213330867
93652,0.4699374657469454
93653,0.32773194022426383
93654,0.4974116631178859
93655,0.546480579774188
93656,0.45171866295258745
93657,0.32418214067622847
93658,0.48444133771104925
93659,0.32650670975882057
93660,0.3537236183044658
93661,0.34935963926056296
93662,0.5587405478371585
93663,0.4527547240938282
93664,0.5524478318947899
93665,0.5970547950045209
93666,0.5251633267854827
93667,0.35367122082446195
93668,0.2805320971630843
93669,0.4921403185026108
93670,0.3037671298112203
93671,0.5436759808482978
93672,0.4412848238507235
93673,0.4260939720946794
93674,0.547515351925869
93675,0.31004788728722854
93676,0.42359396107470615
93677,0.3517013272218047
93678,0.5503897735484522
93679,0.4565344088364186
93680,0.2853588878575411
93681,0.5233766176320162
93682,0.29077782062741103
93683,0.3586303423682666
93684,0.2991009672947844
93685,0.5482892773134005
93686,0.48655350942251835
93687,0.3609645099257651
93688,0.5337118537472401
93689,0.4829353394428399
93690,0.5922911302055824
93691,0.47476607984828034
93692,0.4712442352899461
93693,0.4662461841433521
93694,0.5593410032274213
93695,0.3025108260663658
93696,0.3132601661630888
93697,0.3554195606713963
93698,0.5856128837115336
93699,0.4583071232984853
93700,0.46701634703228234
93701,0.30212947710730265
93702,0.30962625664731164
93703,0.4800521144054257
93704,0.5848936486574504
93705,0.472670182405154
93706,0.3622410037456154
93707,0.5570329579396804
93708,0.49305493700011616
93709,0.5855441476498977
93710,0.4522994248650381
93711,0.42883563775528105
93712,0.48206473505538827
93713,0.6039604496778666
93714,0.4746737583845057
93715,0.3063574346034118
93716,0.4625609690462849
93717,0.42134143867978574
93718,0.4949181480774772
93719,0.3159214697537851
93720,0.5242213637988963
93721,0.3500240397272041
93722,0.47965347259762997
93723,0.46373632145204646
93724,0.4738360450887355
93725,0.3075082327632902
93726,0.3089173131182341
93727,0.471319928895056
93728,0.4808931850087908
93729,0.4095928122176952
93730,0.5337157998192585
93731,0.5325101944513626
93732,0.5767629720706798
93733,0.5584750981736069
93734,0.47211549751372545
93735,0.48489775920361244
93736,0.5807880550969703
93737,0.4796031389084406
93738,0.5405823550389464
93739,0.5120081963304894
93740,0.4938896711102777
93741,0.2963024161311293
93742,0.36769551348881574
93743,0.4912053616251154
93744,0.3570848086212929
93745,0.47716918210684567
93746,0.29724679037899365
93747,0.5017026583732004
93748,0.2996480388867365
93749,0.49566588865783223
93750,0.38735983165147364
93751,0.47345520025349047
93752,0.4847344278791489
93753,0.3225416609610927
93754,0.3429981569822997
93755,0.44201058295212314
93756,0.4582074835277445
93757,0.36999323051236976
93758,0.33506296124193746
93759,0.45715956854317297
93760,0.4865712351707901
93761,0.5616987478445686
93762,0.3498297927821656
93763,0.3592800327960571
93764,0.3776503130922457
93765,0.5890499238545147
93766,0.2958462921556379
93767,0.495308732968713
93768,0.46202863010162837
93769,0.4616397907440873
93770,0.2981372659014298
93771,0.50152255974026
93772,0.4095107073420864
93773,0.5037361863993619
93774,0.4992385758148596
93775,0.398956763728877
93776,0.6004020585479066
93777,0.6184560261254056
93778,0.5244206799653454
93779,0.5329391795991288
93780,0.46672619099450274
93781,0.5044118733149543
93782,0.35099024212458885
93783,0.3106729777197892
93784,0.4487416945891953
93785,0.483115358495425
93786,0.4937538915996004
93787,0.29837069119023246
93788,0.5823525965784155
93789,0.4098956563479736
93790,0.48018763513003676
93791,0.47983562603817487
93792,0.4782499086736468
93793,0.5496160666960656
93794,0.3922755826192455
93795,0.5617552658491782
93796,0.527147612075839
93797,0.480542419989449
93798,0.44413791077529624
93799,0.30925140159304393
93800,0.521344311976164
93801,0.35373122128183293
93802,0.3448366100155478
93803,0.30705675244409486
93804,0.5102790019323465
93805,0.48841457965716534
93806,0.3380931552721117
93807,0.41986100770203705
93808,0.3609622340507169
93809,0.2849964440778795
93810,0.297550424902908
93811,0.4540578906010998
93812,0.6156193083554241
93813,0.41923465665407705
93814,0.49322575144655095
93815,0.5621707290245592
93816,0.5850036507292504
93817,0.4632441028533059
93818,0.35139652647957154
93819,0.49747088342914325
93820,0.5363774504372838
93821,0.5827509515427803
93822,0.46676951769683706
93823,0.5180077307884186
93824,0.3586138511717676
93825,0.44783203690725076
93826,0.49628087836794765
93827,0.4917401754506517
93828,0.47462383580033735
93829,0.3668198512623193
93830,0.35483601643686835
93831,0.3816930017631722
93832,0.45605944998304954
93833,0.5420737072250871
93834,0.5103049064553379
93835,0.5835629768008842
93836,0.29066630322588055
93837,0.2827808780826456
93838,0.29719636900646584
93839,0.3217017926319159
93840,0.3264034440356835
93841,0.6564144171155251
93842,0.338924269942334
93843,0.38044666374138075
93844,0.6028511536284972
93845,0.5579553414095122
93846,0.5302877723809664
93847,0.3640222479045275
93848,0.4363341219598912
93849,0.3063575197283267
93850,0.5105138319943676
93851,0.37875669418859725
93852,0.5092035279567199
93853,0.3664274606899882
93854,0.3864399621840023
93855,0.4783039398896764
93856,0.31297668564515807
93857,0.46655128629261367
93858,0.4700134251951114
93859,0.31223102479469284
93860,0.3367566334485028
93861,0.33551574213700786
93862,0.39576131979388146
93863,0.5238030016810444
93864,0.49190643947156343
93865,0.4503280507725254
93866,0.4697508596189755
93867,0.4679798026334678
93868,0.5175364295103744
93869,0.5415481762388888
93870,0.493092404749588
93871,0.596389704754997
93872,0.47229494268547745
93873,0.5488318056508973
93874,0.4736553991248611
93875,0.2979073941501845
93876,0.3557403182342944
93877,0.5895137922971899
93878,0.38426783780061513
93879,0.5482746506948382
93880,0.3071373878379618
93881,0.48651024629084105
93882,0.47998334255941993
93883,0.5364755749017578
93884,0.624189471032782
93885,0.4826707458442277
93886,0.471858608589713
93887,0.46081790204493794
93888,0.30893470515619953
93889,0.5813678164936229
93890,0.307882780671832
93891,0.5131042892589631
93892,0.4937416522624547
93893,0.5836875164484239
93894,0.26409602927570697
93895,0.27986998489813797
93896,0.3790412549852313
93897,0.48729661313122746
93898,0.3446854802341623
93899,0.3210373825895682
93900,0.3456627561876621
93901,0.316135412238159
93902,0.45896337906846624
93903,0.5201603580304088
93904,0.4783691766661106
93905,0.2951782273676974
93906,0.5799047337948255
93907,0.4967847686475145
93908,0.5037107464233568
93909,0.40460466531563
93910,0.5556043734459726
93911,0.41016089582593257
93912,0.3407964281713366
93913,0.48530505900447435
93914,0.27871945391081576
93915,0.5636298234730495
93916,0.29667066437917017
93917,0.28834900703846844
93918,0.4136044008285922
93919,0.46464898246931047
93920,0.5344426792911905
93921,0.3217598494283308
93922,0.4773210571976931
93923,0.5979984663130764
93924,0.3794022335896745
93925,0.4841293090791815
93926,0.46084212451386075
93927,0.3824659119582531
93928,0.5969324157924251
93929,0.47492367892986814
93930,0.43816594234750805
93931,0.5482139019462258
93932,0.4636607064659064
93933,0.3613212572808561
93934,0.5913341675845012
93935,0.3663614711453032
93936,0.4835375264139264
93937,0.47097854427978164
93938,0.34968744556307807
93939,0.3038261240910066
93940,0.5676985570113333
93941,0.510949350352583
93942,0.4727587366067694
93943,0.49589013593669695
93944,0.36231782250388167
93945,0.518468432177182
93946,0.4686993414119896
93947,0.3027476108137586
93948,0.48215136647969176
93949,0.6413871366317355
93950,0.5189318932589847
93951,0.3765547572851328
93952,0.6365453720641766
93953,0.3051922760436693
93954,0.2658118249293804
93955,0.5102641073299904
93956,0.4736387810698849
93957,0.3640001392753307
93958,0.47760311175755366
93959,0.40023542541227103
93960,0.3751108697788169
93961,0.5015368275386295
93962,0.46053015809351605
93963,0.3196223911636141
93964,0.2932799520471955
93965,0.3679789628548556
93966,0.5441568460575618
93967,0.4997631662269207
93968,0.4364200730368931
93969,0.4966654128643136
93970,0.4781665516880155
93971,0.5404292482396016
93972,0.32113468567417724
93973,0.347970547307572
93974,0.4489330924586709
93975,0.5997768501781788
93976,0.4957425446703671
93977,0.5891532299134749
93978,0.2799371674582243
93979,0.5160042433915639
93980,0.4786940373665153
93981,0.36108075031337106
93982,0.541017121220897
93983,0.4607343768629911
93984,0.29569106308118337
93985,0.4798098607487251
93986,0.36742810866689796
93987,0.35780567227566895
93988,0.48932000619640764
93989,0.3478058974131376
93990,0.324778167689209
93991,0.4743022277429385
93992,0.49608257385663496
93993,0.49247074842062966
93994,0.4669348821331
93995,0.5621438763603089
93996,0.2745270787953876
93997,0.5598836131344133
93998,0.3481996704829734
93999,0.5159870070379726
94000,0.27189020487537807
94001,0.4531531069146297
94002,0.390726576253669
94003,0.5949088024032331
94004,0.32294180890030905
94005,0.4680076020319862
94006,0.319709024707422
94007,0.33766850085932254
94008,0.5348480203783733
94009,0.5809409324251983
94010,0.4945585826382914
94011,0.5427562944627116
94012,0.4892443197758246
94013,0.2964478023978083
94014,0.5481579129853074
94015,0.36432072811796185
94016,0.5616094729037724
94017,0.6036123987603991
94018,0.2770315836633974
94019,0.3015998864401599
94020,0.5143616846285293
94021,0.42019256185154924
94022,0.2824481532920221
94023,0.5835376649321313
94024,0.3658981266911131
94025,0.36322429135623424
94026,0.6066795942580911
94027,0.6029404637225185
94028,0.32066737693364616
94029,0.5447299486337064
94030,0.47460442267445235
94031,0.4637976421889521
94032,0.3515087585270782
94033,0.5392786721542051
94034,0.3778948490163171
94035,0.6071559856140273
94036,0.32757280218056667
94037,0.34009800892338043
94038,0.3756089597749621
94039,0.4790443849551503
94040,0.4485892435985734
94041,0.6268973496415503
94042,0.5706492237013132
94043,0.5078739814450132
94044,0.5266538060222993
94045,0.4947649522701114
94046,0.3699452235861303
94047,0.5063975927338811
94048,0.4861558339896635
94049,0.28520089834148066
94050,0.5187849649227942
94051,0.5835001715775194
94052,0.5066247141208089
94053,0.29378350358061417
94054,0.37141701920160325
94055,0.5011605676446652
94056,0.4920372354730836
94057,0.45739792368737725
94058,0.5358708846039996
94059,0.4913020901618753
94060,0.30290218364469595
94061,0.500831843018579
94062,0.5041571521654908
94063,0.2757272105370853
94064,0.34554768396529334
94065,0.46995716969407275
94066,0.35137790231687077
94067,0.48890017139341163
94068,0.35647203879785705
94069,0.46703424391015735
94070,0.45719152199939145
94071,0.4689610668506042
94072,0.6022311386567888
94073,0.5338391256755263
94074,0.574135324979213
94075,0.42986720399592837
94076,0.3458500136254718
94077,0.2986002490647725
94078,0.2955212115470779
94079,0.5633886499755277
94080,0.3662362359166571
94081,0.3837958019066533
94082,0.5289021869142596
94083,0.5389602551359164
94084,0.35375768059418006
94085,0.2993099425121299
94086,0.4040871718207883
94087,0.56376610058491
94088,0.44642745292801367
94089,0.35704775639546815
94090,0.321716669274726
94091,0.33074110813741153
94092,0.2893773714525846
94093,0.5762329392888705
94094,0.49527378361960006
94095,0.5418403609007408
94096,0.4754984825196365
94097,0.30029582252440334
94098,0.5067548748388058
94099,0.48443712897965807
94100,0.4675732565826667
94101,0.3738246591683595
94102,0.29285627508916356
94103,0.43290939879708595
94104,0.5778920857979907
94105,0.5645355205970897
94106,0.474737012984956
94107,0.5157857616819761
94108,0.3446326661615908
94109,0.28698051070321473
94110,0.5532695089740745
94111,0.30594810483335716
94112,0.46722654896556964
94113,0.4183096782834747
94114,0.4939597711377049
94115,0.6117126304157422
94116,0.5675179957598944
94117,0.38982653831129355
94118,0.49720641029712725
94119,0.4576038202955382
94120,0.35941554904390344
94121,0.47178135487558887
94122,0.30116169049011715
94123,0.47478543897335984
94124,0.38048905390600946
94125,0.5000163763173288
94126,0.4545692218072942
94127,0.2966290213250068
94128,0.5462307019627012
94129,0.5005251414605371
94130,0.47504399308795153
94131,0.3514402750189731
94132,0.606878811320626
94133,0.34730463712262344
94134,0.4930648726182175
94135,0.2940650669017546
94136,0.30134615853545543
94137,0.31560566505680177
94138,0.5059951224006709
94139,0.3986960502675663
94140,0.30831905285831723
94141,0.48649347329622766
94142,0.559659502767032
94143,0.3167831580828346
94144,0.4060274925811993
94145,0.5891072280665536
94146,0.47016430215117744
94147,0.5893952814704114
94148,0.33209156823330377
94149,0.4624329029719502
94150,0.5464610833308566
94151,0.30886778797198855
94152,0.485342867051133
94153,0.2963860632472355
94154,0.2848270493606908
94155,0.4695295905777899
94156,0.47739723538393225
94157,0.29455608347419643
94158,0.47312504081714774
94159,0.5389015619746903
94160,0.29287167492557686
94161,0.48140421318318494
94162,0.5187642452263126
94163,0.3887844776270449
94164,0.5538159590054881
94165,0.282611196429758
94166,0.3501114657557588
94167,0.4130781532260599
94168,0.5445030732362612
94169,0.48986346074763476
94170,0.42993884794062875
94171,0.46381164140441145
94172,0.3043586444630442
94173,0.40043809219094173
94174,0.5391205270485362
94175,0.4522264459570856
94176,0.33011693457688285
94177,0.49194387557384556
94178,0.4987199858361275
94179,0.5507519905794342
94180,0.3731664054757398
94181,0.4558436069814735
94182,0.3455877675644462
94183,0.4154258088045915
94184,0.2664902990884476
94185,0.5553953692429876
94186,0.6022060714934958
94187,0.4185984040964121
94188,0.46933534435896085
94189,0.4902640520267799
94190,0.5678608538925652
94191,0.5629403136858969
94192,0.4973444487970346
94193,0.462032568862114
94194,0.5576036798639211
94195,0.2978591991693548
94196,0.5049681335390173
94197,0.3764527930995356
94198,0.3511431513517235
94199,0.531751045514041
94200,0.3598586853270868
94201,0.4616089806832106
94202,0.6121679159217177
94203,0.5624750351595523
94204,0.593937615754333
94205,0.36738413792808594
94206,0.48142319573081593
94207,0.3461319450127803
94208,0.46929155940398554
94209,0.4834596592064287
94210,0.6148161574881075
94211,0.28250875352754595
94212,0.5718724982667736
94213,0.33588330861676147
94214,0.3015146698568489
94215,0.5473496334562186
94216,0.33662064873969605
94217,0.5632798026554879
94218,0.5203413920215247
94219,0.5193082325421324
94220,0.40003988003082636
94221,0.4530812376905587
94222,0.477635654908925
94223,0.5084444756037064
94224,0.3758271270318021
94225,0.35398133045482005
94226,0.541332004112123
94227,0.4813441475724781
94228,0.4773459216467353
94229,0.29195529151845784
94230,0.4750874110112105
94231,0.5614507830184755
94232,0.4877065240857541
94233,0.49549706311455605
94234,0.2901748691007776
94235,0.48086753322047104
94236,0.4785225141203374
94237,0.5906682671836688
94238,0.3632861068269669
94239,0.2948174739326443
94240,0.48116692389023974
94241,0.47801104502831815
94242,0.2888689981779992
94243,0.46574521351536735
94244,0.4657713714757658
94245,0.37259544520526716
94246,0.4732307115078833
94247,0.467083504645219
94248,0.5762786782520565
94249,0.33344276475508455
94250,0.3077318631166473
94251,0.36126343401338007
94252,0.29696794573220864
94253,0.24064708664003573
94254,0.4657037167567942
94255,0.46708934955579806
94256,0.45270436153996596
94257,0.49896934316977537
94258,0.49359895075603627
94259,0.5537516660529732
94260,0.5782234882687017
94261,0.42611978836415787
94262,0.528294526486575
94263,0.4671515371017861
94264,0.6093010385723582
94265,0.49337349112373546
94266,0.4727895016699783
94267,0.4841698891495024
94268,0.30025466986134347
94269,0.3921681064027888
94270,0.34565394962023877
94271,0.4828254799010341
94272,0.5906139516122773
94273,0.5005978764866569
94274,0.5900722261593033
94275,0.5549398484170939
94276,0.28439112867614613
94277,0.47469672126963786
94278,0.4785120088223326
94279,0.4188613642766889
94280,0.480969779449332
94281,0.33829848210999064
94282,0.5367145048318812
94283,0.5282411542582189
94284,0.33560625922070214
94285,0.4667776783101509
94286,0.47289896125886277
94287,0.5670718630655696
94288,0.4662775291484109
94289,0.5551845044794225
94290,0.37510377253726546
94291,0.4928232832793634
94292,0.31720732629589243
94293,0.4762667517287329
94294,0.3010273913549056
94295,0.5674115320220128
94296,0.48611040906897907
94297,0.4858922545082318
94298,0.5697884933279566
94299,0.2833950653079173
94300,0.2981610124517134
94301,0.3830353260517534
94302,0.45291409526786164
94303,0.46390669464052
94304,0.40993997646334135
94305,0.6114258041003324
94306,0.6159797412669126
94307,0.3856431853700613
94308,0.5179188865314021
94309,0.4258482622036396
94310,0.29562570509182057
94311,0.2856539895554557
94312,0.29735585067447096
94313,0.3791601850709033
94314,0.38450473555981285
94315,0.3633505335982214
94316,0.3143707112998839
94317,0.5763708046266869
94318,0.5036133176498644
94319,0.5307086108626968
94320,0.49362976801565983
94321,0.49387300461094225
94322,0.5710633777565958
94323,0.5375558812147014
94324,0.5628369693335259
94325,0.6413879759412352
94326,0.6337106240745566
94327,0.2832132952324256
94328,0.6050627181823177
94329,0.33804789069623603
94330,0.5447066064234496
94331,0.48478886245587127
94332,0.5393174271399447
94333,0.4491625054856234
94334,0.3527272560685543
94335,0.5167494115781549
94336,0.35643598544823807
94337,0.5811008362502841
94338,0.47203944326371583
94339,0.5209555719106433
94340,0.33221262227174453
94341,0.30788755613596236
94342,0.46992552077915806
94343,0.3998675143440631
94344,0.49602240000695397
94345,0.5049263926794306
94346,0.51979415553566
94347,0.29188633057960967
94348,0.4784787547739753
94349,0.3026800043963775
94350,0.6241855173333883
94351,0.47690908439656
94352,0.5089968813823194
94353,0.5056915935448837
94354,0.27500552468186895
94355,0.5466854230163066
94356,0.49160115349671774
94357,0.5808432434506513
94358,0.5117990325564672
94359,0.5106958237750906
94360,0.34515610207172326
94361,0.4086347284894519
94362,0.37824951474378926
94363,0.3770589522560883
94364,0.30466323555538616
94365,0.5520160877032699
94366,0.4629699681939245
94367,0.5887579589264827
94368,0.3838035412359386
94369,0.4758450186755444
94370,0.36878319681772187
94371,0.3310076260456614
94372,0.4556714195935498
94373,0.5868024368889112
94374,0.4088818271971611
94375,0.46414438336037267
94376,0.36331474780432393
94377,0.45220642258087757
94378,0.5566815634146683
94379,0.4927887936298234
94380,0.3596980133792916
94381,0.4728888730146033
94382,0.36820864889482985
94383,0.48150339326830843
94384,0.4571148978751455
94385,0.47952263978595416
94386,0.30401319430663787
94387,0.4067558728703278
94388,0.538469819531191
94389,0.37138669200986335
94390,0.3699977048714974
94391,0.4773682754331354
94392,0.5420719600813335
94393,0.49322911575778144
94394,0.47505884206060234
94395,0.5882614126547032
94396,0.45959457175138413
94397,0.2948702575581799
94398,0.4824948310755014
94399,0.6109520043176782
94400,0.551907808644357
94401,0.29875184858388315
94402,0.5425022736898025
94403,0.569778864920955
94404,0.4791031562104412
94405,0.46416202846104343
94406,0.37728209029855686
94407,0.4679198683302951
94408,0.5760315735342169
94409,0.5499267909725973
94410,0.3088074070414196
94411,0.5744802709482151
94412,0.32223141341507006
94413,0.547134586572203
94414,0.3431328121713615
94415,0.37720348711591506
94416,0.38054775174362215
94417,0.5584983926148583
94418,0.5831786726406007
94419,0.47586155914672407
94420,0.49370461765288237
94421,0.5510571692906184
94422,0.3631399720931072
94423,0.6130266955473254
94424,0.2856733591540519
94425,0.4671914884025079
94426,0.5536054269194581
94427,0.37267660140988546
94428,0.5243677738174513
94429,0.5717785087359551
94430,0.4785465370059274
94431,0.5766134705391082
94432,0.4355367352497183
94433,0.47752156171143245
94434,0.31034987322643626
94435,0.49690347335305884
94436,0.3854439069715876
94437,0.5752716373262725
94438,0.44365696086998024
94439,0.3136080325551702
94440,0.37587335811249567
94441,0.37347597390332427
94442,0.467907160578504
94443,0.4604369987934416
94444,0.5758541561422438
94445,0.35692749569028914
94446,0.5745533491361051
94447,0.45747102228341824
94448,0.3092129085522864
94449,0.2904273674612775
94450,0.5669594330521064
94451,0.3185457262809308
94452,0.3595119834892581
94453,0.30438975509062455
94454,0.5132303323265706
94455,0.5170561906876279
94456,0.45630575814557134
94457,0.5475394595564698
94458,0.3678852737497117
94459,0.4056886392863949
94460,0.3310214281206995
94461,0.5653393890342471
94462,0.5005566166505091
94463,0.5227738487188375
94464,0.3594436818442668
94465,0.4704496201617006
94466,0.4819662811685693
94467,0.556800401458737
94468,0.5274524589931008
94469,0.3445042451388986
94470,0.534856497754402
94471,0.29709333746756594
94472,0.45046733978909803
94473,0.4653548231633953
94474,0.34677006687008166
94475,0.30066433700531175
94476,0.49236210581065765
94477,0.37213370886205194
94478,0.6245421801409848
94479,0.5802811125819837
94480,0.2941220070074231
94481,0.4707892170008052
94482,0.4829930034720523
94483,0.32479130879720153
94484,0.5110629334533348
94485,0.5305348430440083
94486,0.40696909723597213
94487,0.3488693176582558
94488,0.32364469757094494
94489,0.3561091883117451
94490,0.500702489147804
94491,0.6007518770538871
94492,0.4743283008968604
94493,0.36590886480046253
94494,0.46259915310301153
94495,0.27334800557420624
94496,0.46873063701310946
94497,0.2677440738541291
94498,0.3033170851529751
94499,0.4594825817324389
94500,0.5531824484974421
94501,0.4566749736800144
94502,0.5513486983785504
94503,0.46381601590183275
94504,0.2973033505602464
94505,0.2927603174212831
94506,0.4455694923228756
94507,0.4446360360596336
94508,0.3042443573191045
94509,0.3115855812257579
94510,0.28633494248489216
94511,0.3702626714742843
94512,0.4922384904439153
94513,0.48285051299339316
94514,0.4532241063861502
94515,0.4474858116267919
94516,0.3535243356431155
94517,0.32417970388648987
94518,0.3772286560898039
94519,0.28834294187131926
94520,0.5240525100082761
94521,0.569450320808237
94522,0.5463917125254484
94523,0.5401510585958695
94524,0.35874477913916114
94525,0.29951578750846697
94526,0.2900921227064826
94527,0.3789147100413469
94528,0.2814722645831693
94529,0.3623939557793258
94530,0.48446112354838733
94531,0.41943823115216416
94532,0.3578140804489214
94533,0.5548695432100724
94534,0.48202588034695776
94535,0.47528558523354686
94536,0.4411364979195491
94537,0.5547797004939123
94538,0.3206471836391176
94539,0.3326508688983772
94540,0.48291917432128806
94541,0.28640578862768273
94542,0.5388410646562648
94543,0.3567614460003401
94544,0.2992693015845364
94545,0.5518562351807356
94546,0.37068200355491193
94547,0.6230274902145739
94548,0.3121105786558441
94549,0.4907119531011687
94550,0.48989510648125684
94551,0.3033069167820681
94552,0.4771572806256377
94553,0.3847789462876147
94554,0.386901092514939
94555,0.4767689286498191
94556,0.35638494438222695
94557,0.3973386207461314
94558,0.5124909704669216
94559,0.28835786420017284
94560,0.3327687964639667
94561,0.3261188812529576
94562,0.3625929070076279
94563,0.4109104752106347
94564,0.30509844573243655
94565,0.39294891927999737
94566,0.5568801454455106
94567,0.388070329984488
94568,0.35445627219588527
94569,0.6218516137265769
94570,0.522550075975346
94571,0.4683083577744573
94572,0.3702719233442673
94573,0.3679079191745069
94574,0.6672193226776798
94575,0.3293998045264232
94576,0.3318511967488363
94577,0.29971170241727507
94578,0.47817886179376873
94579,0.474539776558474
94580,0.30001908380648296
94581,0.4672607477472673
94582,0.6133066770259067
94583,0.5909174170457905
94584,0.48364381506522525
94585,0.30744227011759834
94586,0.3028613718066576
94587,0.5289902819225915
94588,0.3201006163463553
94589,0.47934132394604095
94590,0.5273875093407328
94591,0.5328650007690522
94592,0.3652083144266841
94593,0.5076981425775132
94594,0.2893158197753687
94595,0.48067111708495125
94596,0.35579207561122184
94597,0.27496846130876834
94598,0.5712549754843459
94599,0.3671712282334369
94600,0.3020099612746337
94601,0.5412476707277265
94602,0.5536129250655719
94603,0.5596951528172921
94604,0.4667203943652738
94605,0.36292625272344553
94606,0.5472554155649662
94607,0.6015823556826813
94608,0.5635651099567972
94609,0.4699071595917035
94610,0.4481011135328244
94611,0.33328318437865734
94612,0.29605805733654517
94613,0.4970200474362974
94614,0.27121159054915195
94615,0.4446194325282241
94616,0.4688372038908776
94617,0.513697957545924
94618,0.47569157891479974
94619,0.3051268969840613
94620,0.33584115740734993
94621,0.4674866841285998
94622,0.5136583854789046
94623,0.3292927306734334
94624,0.4055180015582036
94625,0.5933617680354286
94626,0.5950982631364927
94627,0.367282058070993
94628,0.4638741134871339
94629,0.41427210054537233
94630,0.6282485189982462
94631,0.5347248601863841
94632,0.345289444033503
94633,0.5354720212584292
94634,0.3573585605829809
94635,0.5159367838396772
94636,0.46293136972702886
94637,0.44935702242155695
94638,0.5122937248034434
94639,0.5599808673053615
94640,0.29802574540530313
94641,0.2927754487347777
94642,0.28727377708491
94643,0.30657306470655354
94644,0.5722600443539871
94645,0.3098912657973514
94646,0.5776083042223875
94647,0.4714687705052476
94648,0.3498436721516455
94649,0.35284489371954225
94650,0.2900374972837098
94651,0.4704400014292076
94652,0.5833688826135277
94653,0.6018600336497472
94654,0.5549071325067779
94655,0.5268464155144408
94656,0.5564971644473858
94657,0.4872376893978021
94658,0.42567529978351965
94659,0.5841690359191775
94660,0.4394347962519892
94661,0.4874652926094169
94662,0.30790632580230193
94663,0.3674352681718875
94664,0.4816533520157801
94665,0.47144939981708034
94666,0.4599044740177756
94667,0.3518217234080878
94668,0.47699874942597487
94669,0.5433793804376061
94670,0.6341386155530352
94671,0.533304340008258
94672,0.2965055358840631
94673,0.4698531811282637
94674,0.33087648928178
94675,0.4758173693928281
94676,0.5189236502362312
94677,0.35399728537266734
94678,0.5844720643207
94679,0.5248844726780726
94680,0.5639432636158258
94681,0.5452922511818832
94682,0.46996718783993136
94683,0.5169587103980834
94684,0.4736222064933824
94685,0.5236519377736091
94686,0.470354871760284
94687,0.28849397102662033
94688,0.3143857328216833
94689,0.5003035804424192
94690,0.5420076364133318
94691,0.524447675348641
94692,0.46722549984992023
94693,0.47967734171774495
94694,0.35402382753529166
94695,0.39602673000265914
94696,0.3985232441291225
94697,0.3414861819735343
94698,0.4784392215290888
94699,0.4668563172662957
94700,0.57282725769617
94701,0.6029175992851039
94702,0.5024976991061526
94703,0.6096514498398584
94704,0.38663083676837895
94705,0.33442023462794124
94706,0.3123040416383084
94707,0.37730619266618726
94708,0.2648780097197819
94709,0.46719212814236677
94710,0.48299037121464106
94711,0.42014770599712364
94712,0.5583134687734147
94713,0.3018085283794152
94714,0.5418939856223683
94715,0.40300375316232495
94716,0.4905975530826984
94717,0.3996814518073561
94718,0.5085091637147573
94719,0.4834283377136608
94720,0.6133811902667516
94721,0.5138961320486041
94722,0.3610302184702666
94723,0.6056440927871239
94724,0.36407148348734186
94725,0.5321956036549718
94726,0.3630654331716842
94727,0.37281453668861125
94728,0.3751018038142816
94729,0.3270382650786892
94730,0.30010375893634156
94731,0.5279199729163254
94732,0.437753284511983
94733,0.3514892356312016
94734,0.5811546982786062
94735,0.36245452508118264
94736,0.4033682151860895
94737,0.38762462143419707
94738,0.6127878306291105
94739,0.5226065929617606
94740,0.3689402501910383
94741,0.49716982675200844
94742,0.30224915304376154
94743,0.31357614882841617
94744,0.30802280979227104
94745,0.4640900801650819
94746,0.3298477734877276
94747,0.4839262926493162
94748,0.3066988852263621
94749,0.5920572830073115
94750,0.30815533887639274
94751,0.5452261684921988
94752,0.5015630827394798
94753,0.30116748092368484
94754,0.49532389831049445
94755,0.45735142704751025
94756,0.5239198130692235
94757,0.2974826294479531
94758,0.6509977266535177
94759,0.49464270430643126
94760,0.5527768536468646
94761,0.5566359413801322
94762,0.30683937865908695
94763,0.4932868184149994
94764,0.4741988072306854
94765,0.31653651257020815
94766,0.36268343751029275
94767,0.5407411258059216
94768,0.5191218559176831
94769,0.37079611506610577
94770,0.30278344571534876
94771,0.5366566139043571
94772,0.5379176405591917
94773,0.4594677261705575
94774,0.39393029970593557
94775,0.5498373729593471
94776,0.4694625348708867
94777,0.3361471277945181
94778,0.5968498439147261
94779,0.5097141831850065
94780,0.4604151522676959
94781,0.5686479189319721
94782,0.54322507364105
94783,0.46936836313274716
94784,0.5395638025100824
94785,0.4834450961786383
94786,0.4738348953364153
94787,0.6826780019084463
94788,0.4822758631270266
94789,0.5115085596087712
94790,0.4184710483187763
94791,0.4718562484637992
94792,0.46647349432299323
94793,0.567701898223639
94794,0.32814540061073316
94795,0.3554861012661343
94796,0.4970570751398075
94797,0.5557455075047558
94798,0.6036422418104697
94799,0.46855682150064165
94800,0.6294715068486118
94801,0.3493523183367802
94802,0.34913274402623684
94803,0.45942412083108985
94804,0.5843788961788215
94805,0.4658675241275667
94806,0.3286954527550614
94807,0.29263501473872733
94808,0.3123576098162501
94809,0.42285751215364376
94810,0.5439786650207022
94811,0.4980648227659547
94812,0.331697275906749
94813,0.3621462623617093
94814,0.5486142398030436
94815,0.5727408067090121
94816,0.5956079649094786
94817,0.5725821993758919
94818,0.4724745540325626
94819,0.3981047338044995
94820,0.48050707890753874
94821,0.5143253364195653
94822,0.31013802730323703
94823,0.6364193417047904
94824,0.30065433658162954
94825,0.4748866450717054
94826,0.46429320868105606
94827,0.45923121669317934
94828,0.4664584306785425
94829,0.49831157895047085
94830,0.4725595053972056
94831,0.4640143089838841
94832,0.6170693550691545
94833,0.5418417793160806
94834,0.5481945015630366
94835,0.5734174848902756
94836,0.49795385532458536
94837,0.372679610915668
94838,0.36784875588802185
94839,0.4702885265634621
94840,0.3965397814389396
94841,0.4028945351607777
94842,0.5131168161731132
94843,0.659009449358812
94844,0.306539624485141
94845,0.30413499573813085
94846,0.44919286967844574
94847,0.4418188037181663
94848,0.2971012748358443
94849,0.4497020389378983
94850,0.32989544759503925
94851,0.4759291801337502
94852,0.3158330599877236
94853,0.37582724631185555
94854,0.4706504551111454
94855,0.417458709390963
94856,0.3584969343190521
94857,0.47372892006387923
94858,0.5115515553938828
94859,0.515517906773727
94860,0.3197954278398018
94861,0.4796855067356163
94862,0.4633581840573911
94863,0.40111874100755734
94864,0.47625120214383254
94865,0.44859795053044765
94866,0.3082545420525375
94867,0.3839298569903604
94868,0.4699837044476678
94869,0.5112589669717833
94870,0.5538547778038335
94871,0.521484115437747
94872,0.4618570527709927
94873,0.35789760507678814
94874,0.4707672911022737
94875,0.47337854063607493
94876,0.47217156574037955
94877,0.47417463966904255
94878,0.3550789556877286
94879,0.2941891707440236
94880,0.48816383963725585
94881,0.4734334113255608
94882,0.32346544107361036
94883,0.6246352218342589
94884,0.3982390597436664
94885,0.3501169760788258
94886,0.5488523875044328
94887,0.3673767734277277
94888,0.4825683068197673
94889,0.48154544727037724
94890,0.499286849090482
94891,0.3020444311798686
94892,0.49419981615166264
94893,0.5780348975920985
94894,0.31318516812242225
94895,0.33139823689288594
94896,0.35512059634610565
94897,0.29379516066373745
94898,0.3662381868534278
94899,0.44689011428795794
94900,0.4688650146295973
94901,0.5405626895452885
94902,0.352868310397927
94903,0.33915515326169055
94904,0.46376855770351855
94905,0.5511498442301805
94906,0.5905799658367119
94907,0.4707099954639998
94908,0.5476797092759335
94909,0.46928303679319816
94910,0.5459412557426055
94911,0.34945498291706845
94912,0.3822231501016422
94913,0.502103583942965
94914,0.4648231332215384
94915,0.47633563058499967
94916,0.3682454757640938
94917,0.5432282914121002
94918,0.5146969923598879
94919,0.28375817370176787
94920,0.4105878665121959
94921,0.4661447429666607
94922,0.3247336051168963
94923,0.4760440894316807
94924,0.5901001368491954
94925,0.3074553966193156
94926,0.6356147982864855
94927,0.3526511380319156
94928,0.6032203178350634
94929,0.38956113898118855
94930,0.6071893019186074
94931,0.3282533140008934
94932,0.4986674060489247
94933,0.48436246432767616
94934,0.4413737887361856
94935,0.46230890848805367
94936,0.5082309005710208
94937,0.3462584045875378
94938,0.47822471000747674
94939,0.417088092333776
94940,0.3659077628747616
94941,0.47633713735571265
94942,0.47497849774755163
94943,0.5637272270252942
94944,0.4403304091435368
94945,0.5684992933314701
94946,0.530617752886493
94947,0.47354457600261973
94948,0.2924356640064853
94949,0.307078991998004
94950,0.5143132156000212
94951,0.4711576433421766
94952,0.19688100080957707
94953,0.4765097887904072
94954,0.5083728509742823
94955,0.5486386581816954
94956,0.4575057211821569
94957,0.5956077648657256
94958,0.34082609663395197
94959,0.34955984174587745
94960,0.46548306595174394
94961,0.29080221409457835
94962,0.39857478939482155
94963,0.47549328796193513
94964,0.29602431047269556
94965,0.4109835096635771
94966,0.3517473572464092
94967,0.3167351930451005
94968,0.5892136632783386
94969,0.4996054450987545
94970,0.4805722849403199
94971,0.44849646154727785
94972,0.5696624149816244
94973,0.468416577677253
94974,0.5288191456899809
94975,0.38080328737158164
94976,0.575592422253611
94977,0.45959457175138413
94978,0.37074903666337766
94979,0.4423787978682095
94980,0.46942967113097045
94981,0.47205284896564137
94982,0.5154098415679976
94983,0.3505256741670368
94984,0.5351027765168304
94985,0.4854501956700789
94986,0.5839830121456698
94987,0.3849113294781904
94988,0.5957683970517903
94989,0.5204851124187805
94990,0.5011858812118689
94991,0.4738791779440188
94992,0.5053335636990434
94993,0.3512315386056993
94994,0.3760832158341983
94995,0.5421690569814527
94996,0.361425852522785
94997,0.334124406876466
94998,0.3270906288483022
94999,0.3707536811704175
95000,0.36060826288713627
95001,0.4893840521500034
95002,0.5790049387393567
95003,0.3566265262425222
95004,0.5988169220071057
95005,0.433583556347255
95006,0.47085560349234123
95007,0.629499294691978
95008,0.5520512277975449
95009,0.2845930633751659
95010,0.29818248868958513
95011,0.35791220153032005
95012,0.4418980713909681
95013,0.3469669310626534
95014,0.4025755679967831
95015,0.35610887553879267
95016,0.35368591522514004
95017,0.47490823011297045
95018,0.6698378444433987
95019,0.45180363951570485
95020,0.39881020344734214
95021,0.548625895576972
95022,0.5605823212013238
95023,0.4545799893774907
95024,0.2965743148439442
95025,0.5995545682766635
95026,0.42793955487162677
95027,0.46998750635444503
95028,0.5424308171462296
95029,0.47995809372517834
95030,0.1969086412333696
95031,0.5813896466269451
95032,0.575856728663059
95033,0.45936694410918866
95034,0.3849871491686403
95035,0.4735585598758474
95036,0.35700005502233795
95037,0.4969948508126453
95038,0.3048849057882305
95039,0.5362091881508381
95040,0.5605728805352238
95041,0.4118121604576121
95042,0.3479067387446758
95043,0.6266515121756495
95044,0.46954075131275697
95045,0.285070725323927
95046,0.5020872156219006
95047,0.5413226121396542
95048,0.35183169281232196
95049,0.35897380825740116
95050,0.3221587762544249
95051,0.5596112906094202
95052,0.48822501188216755
95053,0.363809591558953
95054,0.6389177375946469
95055,0.4707308577577953
95056,0.5581844436090344
95057,0.5157628232730493
95058,0.39911117219150405
95059,0.5822779355022348
95060,0.48536847846134157
95061,0.281503552849998
95062,0.5499116532041268
95063,0.5172369035593891
95064,0.5569639173428503
95065,0.5385588946730725
95066,0.27894880223841306
95067,0.5935906235882605
95068,0.31872267312575137
95069,0.5526224203757264
95070,0.4925857614663015
95071,0.3799720972382447
95072,0.5465013889778441
95073,0.3846299980582418
95074,0.46032578235768035
95075,0.3534383574365196
95076,0.32506039212489973
95077,0.4563412087675084
95078,0.5145825571576379
95079,0.3471362007354458
95080,0.36809311681368456
95081,0.36703753508388876
95082,0.2899918983588515
95083,0.5122749305958493
95084,0.49543080997948474
95085,0.3581869764186019
95086,0.6153188685693611
95087,0.5127577626960702
95088,0.3925020112423884
95089,0.3192650150131933
95090,0.3809929405939906
95091,0.5468663208649127
95092,0.4972134866319979
95093,0.49502513979691193
95094,0.47246589074799333
95095,0.3244824845261004
95096,0.4764624751799269
95097,0.48755484706985813
95098,0.37736597869497346
95099,0.4859544560787965
95100,0.4719345212399887
95101,0.5609444491312154
95102,0.29546923339926606
95103,0.298942944387804
95104,0.34394844245311973
95105,0.3841084251809114
95106,0.3043962449669075
95107,0.3012359090084383
95108,0.34681703099784367
95109,0.5977669231811976
95110,0.43954404131264974
95111,0.4395757292115885
95112,0.6039876794676758
95113,0.4713085171411308
95114,0.5367227250943989
95115,0.4743208784831868
95116,0.4902941820989019
95117,0.368576411603063
95118,0.5713209858540823
95119,0.40232406357933886
95120,0.5835582558726843
95121,0.2915185578530248
95122,0.4841333208202104
95123,0.5710438974142718
95124,0.3739482647019882
95125,0.4190411643692808
95126,0.5756760095798352
95127,0.5953541583255224
95128,0.27703324887884995
95129,0.49666138299988233
95130,0.46955985854494664
95131,0.490464998252084
95132,0.3597457296791344
95133,0.350934599484716
95134,0.5840533697151473
95135,0.4686434749056971
95136,0.3592409678776988
95137,0.6277476599938665
95138,0.42811171416105515
95139,0.5078224843102298
95140,0.5953091212101839
95141,0.516631712096148
95142,0.3709337176458233
95143,0.2954470292610031
95144,0.5509654594211768
95145,0.49399753849831174
95146,0.6635169026976636
95147,0.4942919331144951
95148,0.543605816290762
95149,0.3562339391943223
95150,0.3724077350676724
95151,0.3175730380811641
95152,0.4707358596144389
95153,0.5743535633116816
95154,0.5317392246876973
95155,0.47220359879843193
95156,0.31651200099196936
95157,0.4829126561994615
95158,0.6502611577042947
95159,0.560892272847477
95160,0.2825008058874091
95161,0.5452946449871032
95162,0.5498058642431601
95163,0.4214181498560965
95164,0.5135441248656283
95165,0.3797149579969036
95166,0.5916747764275272
95167,0.546981454091075
95168,0.2858138776734578
95169,0.5155251037044041
95170,0.38702535107523933
95171,0.4720154968423098
95172,0.5505382346499378
95173,0.48776328487997717
95174,0.553602093852967
95175,0.31495765345151094
95176,0.5208617611598793
95177,0.37456793148531603
95178,0.5625355383982187
95179,0.34766100919429715
95180,0.5558224178504827
95181,0.29931072993875935
95182,0.5978445868375402
95183,0.4722457009029128
95184,0.4951267555425858
95185,0.480485417045412
95186,0.5775700516915465
95187,0.3532401649509326
95188,0.5611113971965325
95189,0.4506006737092918
95190,0.471695218152932
95191,0.31326742222873216
95192,0.30448823827128063
95193,0.3475743736808248
95194,0.5917379427873285
95195,0.3435569972272851
95196,0.5412423679236172
95197,0.40127399873806796
95198,0.4920203094542216
95199,0.552919998219877
95200,0.3084981353685343
95201,0.43965974009015923
95202,0.4451535822689945
95203,0.6096400070825525
95204,0.30306272118545313
95205,0.5001018857227184
95206,0.5183210125904655
95207,0.3286544091412406
95208,0.3668018241172064
95209,0.37875285673941905
95210,0.4686012210360502
95211,0.3527079695859276
95212,0.44375053256226554
95213,0.28155742720220844
95214,0.30024321496072315
95215,0.46800354737310196
95216,0.6681906039152667
95217,0.5236693238490381
95218,0.47092013196778093
95219,0.29634147479683065
95220,0.3062882408998434
95221,0.5049400188739783
95222,0.2820819029910955
95223,0.34401487252443486
95224,0.5533698383285823
95225,0.4597763178112473
95226,0.50284112757258
95227,0.29856581442316926
95228,0.45572859698653556
95229,0.3905134152821696
95230,0.3632521531765647
95231,0.3783114408212288
95232,0.48431151919603144
95233,0.3496230310630774
95234,0.5279247684177596
95235,0.4455275846348889
95236,0.47184227145437374
95237,0.5472058906083072
95238,0.5931862384928556
95239,0.3576933019134586
95240,0.4644260330406075
95241,0.46299367466665214
95242,0.30332652531115795
95243,0.3235553252936894
95244,0.42278680308380195
95245,0.6026771374490977
95246,0.6225486821606141
95247,0.44970263449478454
95248,0.5734878578011203
95249,0.35731044368157855
95250,0.5466863827329138
95251,0.5500970962339303
95252,0.35782451078124183
95253,0.5818079254535373
95254,0.5947490142899258
95255,0.47709435444326115
95256,0.5358665582759484
95257,0.5974631228320308
95258,0.4718090393438502
95259,0.5546733923086725
95260,0.4864601513120977
95261,0.42931681561867846
95262,0.29536883309030304
95263,0.4514690354416834
95264,0.3076614919214907
95265,0.5460581864910686
95266,0.4117002952158802
95267,0.27892837081321137
95268,0.319964790230978
95269,0.6111858106821194
95270,0.4819202795138507
95271,0.46724688895271727
95272,0.3952611362403063
95273,0.4216005247112243
95274,0.5266393063998018
95275,0.35572422195769
95276,0.518843758007733
95277,0.4001145800024091
95278,0.6216277154441407
95279,0.48404276557487524
95280,0.36112507771711055
95281,0.2961397780434957
95282,0.47693928686479853
95283,0.4734895694183673
95284,0.3025669934143539
95285,0.29090491703809457
95286,0.5294019721190482
95287,0.4606094086561034
95288,0.3762999737318271
95289,0.516576514219483
95290,0.2966086205236005
95291,0.3836309110054046
95292,0.5561164026520432
95293,0.5514935623547728
95294,0.31416715789513916
95295,0.5531370248121606
95296,0.4772777597335963
95297,0.49332409841970837
95298,0.46548518900348984
95299,0.33964682958906944
95300,0.3727415171926628
95301,0.6096631801752651
95302,0.34338630557100813
95303,0.5546342126366106
95304,0.3172090940008836
95305,0.4964984191104532
95306,0.5743518043043987
95307,0.46915848636377055
95308,0.3440396417928337
95309,0.3635467204070489
95310,0.2944292373632653
95311,0.46317077806538026
95312,0.5196132741783505
95313,0.5364350172378675
95314,0.4462706472696577
95315,0.2724565582276936
95316,0.5565173735617339
95317,0.3512059095384376
95318,0.3741345626380974
95319,0.29642001183571876
95320,0.4705162502978296
95321,0.5602096868760907
95322,0.5291135585441834
95323,0.4552919611559761
95324,0.32625977885119506
95325,0.47998673107949796
95326,0.3776010103144459
95327,0.30610230662414506
95328,0.5218360128428658
95329,0.35216471574121705
95330,0.44189356664223417
95331,0.4888000981867505
95332,0.402089900126907
95333,0.5345496054402716
95334,0.3071794357332469
95335,0.5525959027756076
95336,0.28837835685967195
95337,0.4971163222578832
95338,0.35993819061450055
95339,0.40897622127091826
95340,0.5513911987875411
95341,0.2906707638469509
95342,0.4937033132736981
95343,0.6103041246332312
95344,0.3002523008020125
95345,0.35249915890576994
95346,0.29591727007695207
95347,0.4336672380231386
95348,0.475455639363337
95349,0.31028334988973055
95350,0.4603814173424616
95351,0.48423348332655586
95352,0.2918945055113725
95353,0.49213066330341526
95354,0.30353347989875323
95355,0.5838817314998702
95356,0.2976674073514969
95357,0.4060724715356742
95358,0.5715878726714859
95359,0.3033635709765177
95360,0.5474366415467445
95361,0.3759235823904679
95362,0.47354324712232865
95363,0.35544321987653205
95364,0.4762507209917237
95365,0.45124956390029364
95366,0.3205155240600422
95367,0.5820058130151939
95368,0.298555136724572
95369,0.3596901914917365
95370,0.5506519867292967
95371,0.34532447624363577
95372,0.5042434870183842
95373,0.4115769580874258
95374,0.48228711797009016
95375,0.5301310655617457
95376,0.2826849787788184
95377,0.6391111155469388
95378,0.30599420825437335
95379,0.580912518060379
95380,0.5515551382110715
95381,0.541904954554245
95382,0.47263180051982295
95383,0.2917572483818691
95384,0.30524544389848285
95385,0.46227407491859407
95386,0.3076450448609175
95387,0.6009153842136404
95388,0.49398195922755334
95389,0.368701007622526
95390,0.548431089542146
95391,0.552981522931069
95392,0.5409324468783098
95393,0.5429649429275326
95394,0.2906629639683782
95395,0.35929240617604663
95396,0.46584390197821696
95397,0.4563389692528655
95398,0.3759726281110762
95399,0.6232914864925196
95400,0.48482481893764695
95401,0.5629889535186399
95402,0.47487423402203427
95403,0.5942147573945127
95404,0.4989869200309902
95405,0.4104717315198369
95406,0.34738900403199763
95407,0.5811018131800526
95408,0.5259950581591997
95409,0.460030334321888
95410,0.4809531091910588
95411,0.5543510539365358
95412,0.34022279487438545
95413,0.4661040954407046
95414,0.5507162072756893
95415,0.376960582458275
95416,0.4801535763106905
95417,0.5873344205173657
95418,0.47053347585592364
95419,0.5261605527598409
95420,0.3713754888643049
95421,0.49624658834209273
95422,0.2978120745446442
95423,0.5144637685374565
95424,0.544073746717224
95425,0.41623073256588844
95426,0.539775035187011
95427,0.2696315396347963
95428,0.37131931474613356
95429,0.47829617084944176
95430,0.3432286587722865
95431,0.431090882361402
95432,0.49664261311870256
95433,0.5115080490673002
95434,0.37571206910145405
95435,0.35517181137958803
95436,0.5710582665321916
95437,0.4559899134856976
95438,0.4748857232628254
95439,0.5998046180510636
95440,0.2831625653853165
95441,0.3676716265923137
95442,0.447778399829988
95443,0.5579132513954711
95444,0.49890266462468513
95445,0.5565239095147338
95446,0.5190541426441744
95447,0.5288916313902235
95448,0.5039371182858676
95449,0.29516821597258425
95450,0.6083694593749847
95451,0.473293132661884
95452,0.25406337711213667
95453,0.5758284908177163
95454,0.48839444326316267
95455,0.5536154644200405
95456,0.4604756376252501
95457,0.48248804183515903
95458,0.36120736508776413
95459,0.4686698804883226
95460,0.4342576764761911
95461,0.4980313408206715
95462,0.4725782278556446
95463,0.3717339233682893
95464,0.5556973656063493
95465,0.5065149923077136
95466,0.30976332677342777
95467,0.3531266576279221
95468,0.46619213220105027
95469,0.5412920429830891
95470,0.5560151474360341
95471,0.5977208058217254
95472,0.30643835798899366
95473,0.5177208851323732
95474,0.6344496636330916
95475,0.4620245295338122
95476,0.6088832139583471
95477,0.6619443000243218
95478,0.5535429361339701
95479,0.5542857072671954
95480,0.46567297583996387
95481,0.41486876515952426
95482,0.28680399060251877
95483,0.35332457898163677
95484,0.48290612899327623
95485,0.3012581072571815
95486,0.5101289994002368
95487,0.32975552646509787
95488,0.46775656210540606
95489,0.47839186292510527
95490,0.34081287012281813
95491,0.46942938000887946
95492,0.5597311591842675
95493,0.510278214467175
95494,0.4919160199332209
95495,0.4801037240611804
95496,0.3388054117245394
95497,0.5699933373915229
95498,0.30008453689589454
95499,0.5325402815745356
95500,0.5234261529047148
95501,0.3499841295257211
95502,0.34959433336846046
95503,0.3972783193787168
95504,0.3860357209964388
95505,0.40997089976862294
95506,0.4819120083215507
95507,0.3559534188627499
95508,0.2940464156616673
95509,0.5232050062179141
95510,0.29486553199869464
95511,0.410351702610751
95512,0.5068307775003772
95513,0.3412852638503692
95514,0.45265568819811497
95515,0.5624398729959161
95516,0.4419675079801904
95517,0.4859560510826575
95518,0.30589489956192745
95519,0.26792575730000745
95520,0.47652168665128963
95521,0.5657290618580034
95522,0.3481201165938785
95523,0.2953221828944471
95524,0.48395492013606195
95525,0.3346153553054851
95526,0.508649792845864
95527,0.3156652175759642
95528,0.5990086317289022
95529,0.3935468073293069
95530,0.4857269351535314
95531,0.3506375014530706
95532,0.4770081039869467
95533,0.36158130953461226
95534,0.5199256771195809
95535,0.3567879801157476
95536,0.5025788291116402
95537,0.29634900329828995
95538,0.4643275587874328
95539,0.34066304381169726
95540,0.302026852515913
95541,0.3371405691409262
95542,0.4616539312384854
95543,0.3081200604964102
95544,0.2899104092639131
95545,0.4844084881189211
95546,0.4804363948830879
95547,0.5968257442195419
95548,0.3880521255647735
95549,0.5165225783759616
95550,0.5564245244940915
95551,0.6444731042714065
95552,0.39879394380546007
95553,0.3854835735786355
95554,0.5647440954707313
95555,0.6058588033027289
95556,0.3869623096476962
95557,0.27890791255599295
95558,0.5655703283378463
95559,0.5382605169079917
95560,0.27118328445580486
95561,0.5624358435614033
95562,0.36229573749658023
95563,0.5274415902703643
95564,0.47680142412627996
95565,0.4895504250822844
95566,0.2880929795253297
95567,0.3820229187574537
95568,0.2945114357411523
95569,0.37105538178101183
95570,0.5290276824660979
95571,0.49076973510883853
95572,0.3061967917106054
95573,0.5634426688079328
95574,0.2859276507455513
95575,0.4544109841827731
95576,0.39541395523720435
95577,0.4800214507980354
95578,0.5939627494282184
95579,0.5378843863276087
95580,0.3510910857974837
95581,0.6058070289337361
95582,0.34042184727278946
95583,0.5965971368664486
95584,0.29608870629242523
95585,0.36272805320960255
95586,0.4963507810365715
95587,0.48282544703331265
95588,0.47791103282934455
95589,0.5586545239399389
95590,0.3152653435068692
95591,0.4883800042159209
95592,0.33969584281366755
95593,0.4978090686373655
95594,0.5572550818841748
95595,0.2945386084531664
95596,0.4859492873572161
95597,0.3730855292243298
95598,0.29726725951515104
95599,0.4945488857490381
95600,0.3515288583247927
95601,0.4598536549672121
95602,0.4970962434596321
95603,0.29590370875566924
95604,0.2789142105790943
95605,0.4867662603876179
95606,0.2865373507558664
95607,0.5427143847437682
95608,0.47916894644217684
95609,0.39447213118012253
95610,0.4892356405752009
95611,0.5223475304528832
95612,0.5496463880700982
95613,0.5162686196831898
95614,0.3669973748548316
95615,0.363899730378737
95616,0.34266926005020426
95617,0.3837939150542163
95618,0.3921671937707698
95619,0.498419307326281
95620,0.5706453049826767
95621,0.46809539028137126
95622,0.3537678176653495
95623,0.2848044638763882
95624,0.5383044142457185
95625,0.5373797270953312
95626,0.553145749144492
95627,0.2959450960180686
95628,0.5404306401520267
95629,0.5896083595901499
95630,0.365339630323612
95631,0.6036015153311273
95632,0.28179591231345974
95633,0.5082863168428068
95634,0.35535400635241426
95635,0.5526293880675709
95636,0.46499140041567755
95637,0.33328473513483253
95638,0.3250281963270438
95639,0.5287813465071777
95640,0.5708484189523859
95641,0.33824687440684753
95642,0.3434169945429917
95643,0.3448449557939579
95644,0.5549700945083154
95645,0.5387789511807152
95646,0.34331066018191675
95647,0.5609275631140649
95648,0.4680847013622471
95649,0.46716933162696545
95650,0.46172251104582385
95651,0.47840916918986204
95652,0.2606620509738623
95653,0.46333183615550816
95654,0.3411394397750903
95655,0.34436348919449283
95656,0.31183067523981933
95657,0.5707530019177688
95658,0.5404559598890539
95659,0.37003219072967813
95660,0.33773145638271146
95661,0.4473325190911812
95662,0.3509174360410812
95663,0.497563098899827
95664,0.4765806760578729
95665,0.2914556557129151
95666,0.6148685400684722
95667,0.32401087905457837
95668,0.5206043475406303
95669,0.3117437875783793
95670,0.3379309503830464
95671,0.5919155094253176
95672,0.31999322694083104
95673,0.3342582629858414
95674,0.30347441411946624
95675,0.4729599546293027
95676,0.5321176122577181
95677,0.6239663061781019
95678,0.5253225848036142
95679,0.5300303691548759
95680,0.43869454182035905
95681,0.4898627215402989
95682,0.4682344927211917
95683,0.36508049963205996
95684,0.4784855239520638
95685,0.48374266528483056
95686,0.3209786898554775
95687,0.6195857754845805
95688,0.49163823177986843
95689,0.3599798755886211
95690,0.2981313265935287
95691,0.3207840944796485
95692,0.5798000600598849
95693,0.5141119967427792
95694,0.32940530042364535
95695,0.5559442395550259
95696,0.3452099085487749
95697,0.2567517010955934
95698,0.5518024595043975
95699,0.3479299652052158
95700,0.300133838234698
95701,0.2973921263720442
95702,0.29532043250458156
95703,0.26897016362025156
95704,0.5510541179554672
95705,0.4991041717127489
95706,0.4673218705984468
95707,0.5725862291034324
95708,0.47438107366459187
95709,0.3088624880884346
95710,0.4726250601892642
95711,0.3528611191882391
95712,0.32528075466252127
95713,0.39817028660336856
95714,0.5740396846881168
95715,0.6161744110031985
95716,0.5044083660860155
95717,0.5500232776772799
95718,0.34897825456335363
95719,0.3543208138650571
95720,0.28927503612883426
95721,0.508472396772966
95722,0.35747446740157257
95723,0.527551735810894
95724,0.46276742759123657
95725,0.5892081856694703
95726,0.30628300610964904
95727,0.5921218331402605
95728,0.47790372175132434
95729,0.4903208284439604
95730,0.48264944043446834
95731,0.46235547090203494
95732,0.5080433959149891
95733,0.41376417008638844
95734,0.46946857972327655
95735,0.513879137465115
95736,0.32908279506273774
95737,0.4976150383551083
95738,0.35848147288705656
95739,0.34366859515311055
95740,0.4823594878854163
95741,0.35422830209102135
95742,0.5070281518981755
95743,0.5445980600447475
95744,0.3708793842744079
95745,0.3042779815548327
95746,0.5273907484573946
95747,0.3493163751012968
95748,0.3757486150341927
95749,0.38781333135137835
95750,0.4964363064048185
95751,0.3616548505580024
95752,0.48095333926049766
95753,0.553722151922913
95754,0.4741806925725053
95755,0.5797400153132616
95756,0.5501967273279097
95757,0.5078024034056459
95758,0.3556489282060699
95759,0.6217338196325982
95760,0.3538918891785227
95761,0.30995835447915737
95762,0.46085490167884213
95763,0.5034302961539123
95764,0.38799080125607693
95765,0.27853402396873744
95766,0.4914901800160172
95767,0.6541530075221657
95768,0.5429377226902826
95769,0.29882523223693613
95770,0.38992773899146815
95771,0.3393985796224614
95772,0.31802716783086415
95773,0.3175453339223548
95774,0.49597911296493824
95775,0.29155284730215447
95776,0.5382466860184403
95777,0.5114444928970512
95778,0.337083930087954
95779,0.4605935562662112
95780,0.5223718104799119
95781,0.35421548879003517
95782,0.5693499468804367
95783,0.3094855803936524
95784,0.35040643285979545
95785,0.47621922168219993
95786,0.3218999030439249
95787,0.4077983981154623
95788,0.3397768000227433
95789,0.31424419733191294
95790,0.327924292830724
95791,0.5280415179804293
95792,0.5104056297810136
95793,0.35791585466959375
95794,0.35459238699285883
95795,0.28219737814527124
95796,0.6143941202790066
95797,0.4936893392834367
95798,0.4944355441129443
95799,0.36459943648153886
95800,0.5445784582916523
95801,0.5656070570786836
95802,0.29330534613986287
95803,0.28785118319226954
95804,0.6245845959663342
95805,0.4590650305280394
95806,0.3019572606427345
95807,0.29731184915522163
95808,0.5371164725451095
95809,0.3058618117863562
95810,0.3502319711560611
95811,0.511111613767103
95812,0.4299798921193986
95813,0.305532696079883
95814,0.3621694932340757
95815,0.48380595072374405
95816,0.3568328126131905
95817,0.558243616447488
95818,0.47211111102870634
95819,0.42909704301942625
95820,0.5558787475991127
95821,0.35078803583986934
95822,0.4834045648952364
95823,0.5639288192698801
95824,0.47193130600330324
95825,0.46740950514716567
95826,0.5958338344130318
95827,0.5380014859271198
95828,0.5614073826987184
95829,0.36100034673568343
95830,0.47289173265950296
95831,0.508891783960193
95832,0.5342001201585466
95833,0.3080885634927556
95834,0.3090456101642128
95835,0.5855505581285858
95836,0.2878256280926165
95837,0.29249870853320015
95838,0.5394844175945529
95839,0.4915367995021315
95840,0.35237907478582714
95841,0.3804445546601415
95842,0.5638610233900047
95843,0.6486982387710961
95844,0.5664438737416685
95845,0.5106080595116597
95846,0.47342527618071617
95847,0.3493431527702422
95848,0.5606078258128455
95849,0.38399861558831677
95850,0.30486537348890175
95851,0.5146068970275154
95852,0.551380035653295
95853,0.35456396926673295
95854,0.5327398218044509
95855,0.2946670347872952
95856,0.4192869486834611
95857,0.4482971598116235
95858,0.39846238726975
95859,0.34004164727009234
95860,0.30450343491272674
95861,0.4575596686127351
95862,0.6286549341763162
95863,0.49059033039398603
95864,0.5315133899155495
95865,0.542674346193665
95866,0.5054831920940966
95867,0.32307342225250213
95868,0.5155429664517758
95869,0.5053417198486856
95870,0.4791914669176936
95871,0.2951998401985229
95872,0.5498908248673662
95873,0.6703744043980823
95874,0.27021989305631305
95875,0.5044963847218579
95876,0.4286905296443425
95877,0.47866783397147156
95878,0.3613156357388659
95879,0.3846902083131644
95880,0.45353945839012677
95881,0.4029793594840688
95882,0.4740745086152542
95883,0.5355817366092347
95884,0.35005560015776516
95885,0.5311074789312106
95886,0.5737132379225498
95887,0.4652796492357863
95888,0.5025201587846627
95889,0.4186211118750787
95890,0.5403252974626936
95891,0.5447411768560982
95892,0.40563957217637664
95893,0.41670515219612525
95894,0.30758621217414667
95895,0.30006569832586555
95896,0.34688225929552685
95897,0.3106251339327941
95898,0.46787923304021767
95899,0.35599326316804997
95900,0.47632802549120656
95901,0.5748797527597888
95902,0.5535099084911332
95903,0.38834764972810815
95904,0.5671591669193258
95905,0.5145595185785743
95906,0.3049048028367989
95907,0.4664525460168184
95908,0.4672616601821066
95909,0.2874510506503122
95910,0.3127259871435575
95911,0.29899603348297354
95912,0.3067027130028175
95913,0.46936635074481453
95914,0.30187764008877555
95915,0.5911408782923706
95916,0.3394348309560471
95917,0.3731186568671329
95918,0.5595054682590069
95919,0.3980881889016149
95920,0.5866521689764947
95921,0.5068655915404584
95922,0.4788964424214176
95923,0.6173316243030803
95924,0.48525332771175655
95925,0.4907573271017638
95926,0.4466261862629206
95927,0.5263356115734751
95928,0.543431540362094
95929,0.6000109783164927
95930,0.29237117671416524
95931,0.4198028071961548
95932,0.47496723156776943
95933,0.4399026752288521
95934,0.5311311358267903
95935,0.5500224277099353
95936,0.2954236614732544
95937,0.47457914602001616
95938,0.5309763654817057
95939,0.4569595718820086
95940,0.571563407465512
95941,0.5479127043676683
95942,0.36882509334366254
95943,0.3006116489684736
95944,0.30687012950363485
95945,0.34356750391948
95946,0.3482338032617755
95947,0.4702796366266946
95948,0.45575748110207914
95949,0.621079100923772
95950,0.4471652755971251
95951,0.5665371940202606
95952,0.5537957490325726
95953,0.3984905168465553
95954,0.4554460566400588
95955,0.29910714709586655
95956,0.5094336355636073
95957,0.3474180521812637
95958,0.5287180127800776
95959,0.35923508488020756
95960,0.6249047578481018
95961,0.5977644303483048
95962,0.5358576935989772
95963,0.612985483921545
95964,0.46100748879394216
95965,0.5129792558832378
95966,0.29526706901464195
95967,0.5664368864520518
95968,0.5037620191067896
95969,0.5634012893239926
95970,0.4914112424618774
95971,0.35880012594907407
95972,0.6108730308023427
95973,0.30618373936193105
95974,0.47052374736658936
95975,0.40295862660748183
95976,0.39336847766816346
95977,0.3424148810662252
95978,0.4774577769689528
95979,0.3616753218119214
95980,0.4643621383198166
95981,0.281020250274556
95982,0.4485207292109813
95983,0.2948858002964884
95984,0.5678352067122271
95985,0.5596898593168464
95986,0.3220616367582715
95987,0.37661957369384186
95988,0.485862672336546
95989,0.3752873761366717
95990,0.5263245614229014
95991,0.47072511731510025
95992,0.29888134105457015
95993,0.5461647064787418
95994,0.35570891186790965
95995,0.4926424624700623
95996,0.5389589445460162
95997,0.3601181102154592
95998,0.4826012041011567
95999,0.29522048822855107
96000,0.4823069267170033
96001,0.5266477994105878
96002,0.5085969151503446
96003,0.4681727902953953
96004,0.6308952212921242
96005,0.6044620052069308
96006,0.28829039773820453
96007,0.39102551537347946
96008,0.3452993177864713
96009,0.3475484770592586
96010,0.4800788261923455
96011,0.367709213218386
96012,0.3302959888690021
96013,0.4643656620111809
96014,0.40644838469825734
96015,0.49380468888752654
96016,0.49183099584040485
96017,0.5656300755931425
96018,0.5832769721445086
96019,0.4014037979468046
96020,0.31730018861812725
96021,0.5887190515902729
96022,0.25737666348926735
96023,0.2922713212590177
96024,0.4117210389237891
96025,0.4662726089158138
96026,0.6025277690611283
96027,0.49279663996384276
96028,0.47458677547786987
96029,0.40714205042654106
96030,0.5365041200223127
96031,0.5576507700012624
96032,0.3166801199851947
96033,0.4588146548756356
96034,0.5907730334389099
96035,0.3679739264151852
96036,0.4874156084721238
96037,0.34871620481670595
96038,0.3783959785017946
96039,0.5329386113026607
96040,0.3066825864574635
96041,0.293379798329748
96042,0.4862110032329774
96043,0.45775748046821907
96044,0.36515492246538966
96045,0.4678280428930923
96046,0.39518174522206123
96047,0.3554574488764347
96048,0.46377675209017055
96049,0.2713880958117045
96050,0.4512216771658047
96051,0.45941987676972473
96052,0.4403434365381324
96053,0.48577136816483546
96054,0.3106991631036362
96055,0.48221563034039344
96056,0.306244048552073
96057,0.5117021053649791
96058,0.46127607231072043
96059,0.4643497676199238
96060,0.29549765038739706
96061,0.27942725735837143
96062,0.5076063825184909
96063,0.47239533394105804
96064,0.3575005456343239
96065,0.42052064064286504
96066,0.28227104965173533
96067,0.29692178355451626
96068,0.44658905385244874
96069,0.4822559898258149
96070,0.3526864819286084
96071,0.30271617641847093
96072,0.4841282790116391
96073,0.4109664173999866
96074,0.4445351272561975
96075,0.49787857383967155
96076,0.37132708648972274
96077,0.5517069494280864
96078,0.33771544253642277
96079,0.36119722484224326
96080,0.303104739562437
96081,0.540612388892135
96082,0.3674971404874857
96083,0.3562797936549207
96084,0.5492669027731634
96085,0.2799068080778708
96086,0.43860615442435136
96087,0.3620288039476389
96088,0.34294089637290476
96089,0.5927795362906342
96090,0.46704272764472793
96091,0.4758357727769041
96092,0.45456842674998515
96093,0.45265606715389106
96094,0.46621068979119157
96095,0.5317006755256025
96096,0.2952426705560266
96097,0.5751146214261186
96098,0.49273357744416846
96099,0.459429899374356
96100,0.6379720138346086
96101,0.4823947067394872
96102,0.4996184470352315
96103,0.5252304008938636
96104,0.5369216177715063
96105,0.2733536785223064
96106,0.31807953345152934
96107,0.49252671065356995
96108,0.47498712951700184
96109,0.41692932659447896
96110,0.6807333108069836
96111,0.5137275212670996
96112,0.34903426409025684
96113,0.49572230754043706
96114,0.3710161748250072
96115,0.5852189778927509
96116,0.2877296825105409
96117,0.35544991297405587
96118,0.37976628330514584
96119,0.5685237471013614
96120,0.4986854271287333
96121,0.2670123737097552
96122,0.41485547785525506
96123,0.501952694320594
96124,0.34610568159141136
96125,0.4866791448657264
96126,0.4640883418348437
96127,0.4430484353988838
96128,0.3691308736407391
96129,0.27840467881128406
96130,0.43171941228927235
96131,0.5098975184292237
96132,0.636613123389208
96133,0.36827880360533266
96134,0.4765048549047507
96135,0.5404958408381302
96136,0.5691889595126726
96137,0.29832938393818736
96138,0.587417431188301
96139,0.45779435334265084
96140,0.4752940117529567
96141,0.46637800402979523
96142,0.5817538595665994
96143,0.3470682875276112
96144,0.358090020765424
96145,0.2854411915596304
96146,0.5295336239034926
96147,0.468086661725043
96148,0.46401121795833256
96149,0.504491173885577
96150,0.3023611309041529
96151,0.5760346210905007
96152,0.4824728997854263
96153,0.39533241772050726
96154,0.376540672048794
96155,0.5993820158688085
96156,0.5508093599222958
96157,0.4932231126167401
96158,0.5985370418144783
96159,0.5170748813612333
96160,0.5526994933317163
96161,0.29206946838389786
96162,0.48788479339222435
96163,0.28925494895897075
96164,0.49374941781525566
96165,0.28381163017469524
96166,0.38837372096546946
96167,0.5103632501878106
96168,0.5371941256523433
96169,0.5272887872685711
96170,0.5207595010320749
96171,0.3591568107665901
96172,0.5501683620569888
96173,0.46902882354888137
96174,0.34068804874279757
96175,0.2747647181620413
96176,0.33953701710389367
96177,0.48469268541005056
96178,0.5247036481829339
96179,0.5528401523164971
96180,0.551123787452854
96181,0.482216208392521
96182,0.5228570566361721
96183,0.3216712033538384
96184,0.473721838743577
96185,0.47372654327730196
96186,0.47935916357291103
96187,0.4753320663034805
96188,0.5239965497997199
96189,0.37349218507435555
96190,0.5635275067054701
96191,0.35802076636365726
96192,0.4750922308643409
96193,0.6012137253587961
96194,0.48429986252540025
96195,0.3543919712778075
96196,0.2966857286657884
96197,0.6117649753574906
96198,0.4903709574197519
96199,0.6202484355929156
96200,0.4709056846449085
96201,0.47661724484824625
96202,0.5121974801229282
96203,0.46405962939792267
96204,0.37110689589763446
96205,0.29931503839199525
96206,0.5646274315542589
96207,0.5787341119795757
96208,0.33503514954954855
96209,0.4732067917117397
96210,0.47936126997948747
96211,0.4637663439510151
96212,0.6146991016033182
96213,0.4913299727779378
96214,0.6188382916237151
96215,0.3269371078108832
96216,0.5450678717924645
96217,0.47808701258752817
96218,0.4621817158318018
96219,0.294878329351844
96220,0.5793285026853311
96221,0.6071330659487346
96222,0.4787672757512623
96223,0.42195091119578204
96224,0.3815559513607326
96225,0.2765534295699003
96226,0.4786598678874876
96227,0.47977675389104696
96228,0.3079413271032929
96229,0.523355595053668
96230,0.39254095439771386
96231,0.4737118773426825
96232,0.6348993975636189
96233,0.5874855058294093
96234,0.3856488456969549
96235,0.4528858964458879
96236,0.5297999587752146
96237,0.36162484421743835
96238,0.46432515043170225
96239,0.5474092991593921
96240,0.5792581872789204
96241,0.464207774095764
96242,0.2898637368738803
96243,0.48109171257377936
96244,0.5616151361601318
96245,0.29777274396188835
96246,0.5363924163072181
96247,0.2922168118958853
96248,0.4615431398366157
96249,0.35173256497540556
96250,0.5172418224357693
96251,0.48295237099825994
96252,0.3002382489192182
96253,0.45722088024778085
96254,0.2967839496710763
96255,0.37650161853830855
96256,0.493412612871709
96257,0.5451488293196667
96258,0.32233057883826927
96259,0.47242753407614085
96260,0.5958570160648887
96261,0.2717784212381956
96262,0.4289567962176942
96263,0.47915249418986994
96264,0.4773852784523255
96265,0.3327952826134273
96266,0.4728876081776154
96267,0.3991294509317699
96268,0.5996775024753223
96269,0.5774119742585992
96270,0.4895782821577765
96271,0.36249692434261616
96272,0.5036254960076506
96273,0.39782073855210937
96274,0.5684540636234937
96275,0.6356266689564061
96276,0.30349181773539224
96277,0.3575523437445724
96278,0.5509346834534852
96279,0.5072403179869536
96280,0.3889598812567246
96281,0.44276655110569557
96282,0.5355335685050183
96283,0.3569592139721346
96284,0.2762499670662071
96285,0.5836055599524974
96286,0.5333958466777242
96287,0.32699576909401623
96288,0.2867073087245512
96289,0.4467864292090349
96290,0.5948382847091159
96291,0.5152910122898532
96292,0.3987618381057274
96293,0.4747712276675737
96294,0.6027813864492023
96295,0.4798976000512806
96296,0.3769551701121616
96297,0.5070958098265478
96298,0.38563047572566234
96299,0.552196685202203
96300,0.2930235600672205
96301,0.2958663427887446
96302,0.3639768795449289
96303,0.29558440635174715
96304,0.4309009968317882
96305,0.3087304194289594
96306,0.45677625309292785
96307,0.3572017491007983
96308,0.35250393967374277
96309,0.47402236079530297
96310,0.5070558612307811
96311,0.5063848898429683
96312,0.47115871675878285
96313,0.4775573255659448
96314,0.41094198983135694
96315,0.560345221811714
96316,0.3195007820289062
96317,0.28749649773967
96318,0.47773455452989166
96319,0.3362189279498133
96320,0.6456779670092162
96321,0.48388571618294623
96322,0.28882211167136695
96323,0.49754727208827804
96324,0.5554921405607687
96325,0.4659068624141022
96326,0.36953971984777967
96327,0.2969203776339517
96328,0.609468480309818
96329,0.5129780029961252
96330,0.46731211758133023
96331,0.42461553881042174
96332,0.5025641360333473
96333,0.49253361096421855
96334,0.472659516340094
96335,0.45486037183525
96336,0.36185678684177486
96337,0.5403253597703739
96338,0.5482943888397901
96339,0.3915381113827886
96340,0.3619145019220835
96341,0.4837758517211317
96342,0.355346933397369
96343,0.5267771209333892
96344,0.3582988457924521
96345,0.4017673164124166
96346,0.5115333446373042
96347,0.30673969004946516
96348,0.4715207656804663
96349,0.5443751868158838
96350,0.34628604033551225
96351,0.3183743119062616
96352,0.5183302413568112
96353,0.5341927739158234
96354,0.47363496241610126
96355,0.3532699147384841
96356,0.3998156004733524
96357,0.5730465740485965
96358,0.26496029231818186
96359,0.3377639076623612
96360,0.5789369976676665
96361,0.46774521236629973
96362,0.44243509008050486
96363,0.5048561947261456
96364,0.4246953298011702
96365,0.5658085728287924
96366,0.29352160735412886
96367,0.34767408149369955
96368,0.3585869500254656
96369,0.47503688086202966
96370,0.48999755479247376
96371,0.5227429428435613
96372,0.30510460423799074
96373,0.41228167708598956
96374,0.49309469653844434
96375,0.29413246478531485
96376,0.5331968175775657
96377,0.5380817696444773
96378,0.521658530157835
96379,0.39833174979382513
96380,0.5501238039009441
96381,0.38496717172944656
96382,0.4806818538055811
96383,0.567365550437666
96384,0.46858894993864875
96385,0.5725141596647476
96386,0.2962446422556659
96387,0.48425985047956577
96388,0.38696109429091025
96389,0.5568850584743342
96390,0.36425557322221425
96391,0.3273076356426924
96392,0.35514414728506
96393,0.4628251100782665
96394,0.45563892016085256
96395,0.5443099504828525
96396,0.3292686801344559
96397,0.39949626697086266
96398,0.4409368084542406
96399,0.49623087580004044
96400,0.3846564647781472
96401,0.2887440014839003
96402,0.47304482281766524
96403,0.5886339871897329
96404,0.5216898389439697
96405,0.3526344824699075
96406,0.542755457774736
96407,0.3212159499957539
96408,0.4430885310722019
96409,0.49420538158859767
96410,0.5152669791931977
96411,0.5212205078679658
96412,0.48096121661923813
96413,0.4618407470158757
96414,0.3184367725391992
96415,0.3669836580311697
96416,0.41320493805249703
96417,0.5719005618394863
96418,0.4765997092992675
96419,0.46860214284548857
96420,0.49053253979778877
96421,0.48234775577706623
96422,0.559286014797543
96423,0.28095916893116757
96424,0.5490133185312135
96425,0.5648522377856705
96426,0.4570879431769207
96427,0.5384228315474245
96428,0.30963055078572016
96429,0.36615611014786914
96430,0.29219909465139426
96431,0.3520967252360779
96432,0.49882515791521154
96433,0.5788016308679039
96434,0.3458675175733398
96435,0.3715331224905622
96436,0.5116729600404284
96437,0.4875244362172225
96438,0.4589635360031155
96439,0.6222662686344855
96440,0.5068128550298328
96441,0.48201392151573147
96442,0.5235151290391367
96443,0.5015606881125094
96444,0.538988328334069
96445,0.3600828317755701
96446,0.4726401622272434
96447,0.478351051126714
96448,0.3028496738923232
96449,0.46196584361250853
96450,0.5607289996434347
96451,0.603981054396116
96452,0.29202413082672574
96453,0.492394916674286
96454,0.4653451080702227
96455,0.562131162285799
96456,0.3879207249859004
96457,0.4950738911405843
96458,0.3087642900259064
96459,0.2897415984479646
96460,0.5002896650067126
96461,0.33879783015444315
96462,0.5688071101424351
96463,0.30573218666243385
96464,0.46436318002773797
96465,0.4939424278731559
96466,0.3003280220542549
96467,0.3033082015540832
96468,0.48855484791696685
96469,0.3512614733983343
96470,0.4486133637034805
96471,0.30863794745560846
96472,0.28307021489381295
96473,0.30815646457626006
96474,0.4590414327996134
96475,0.28350940083064285
96476,0.4201718956168534
96477,0.2922448175054635
96478,0.5626441022642862
96479,0.3589291408500666
96480,0.5452559595692236
96481,0.6058626087189619
96482,0.44183223128649185
96483,0.6321547079562202
96484,0.4704952781379245
96485,0.3465551231805681
96486,0.3651627487769376
96487,0.4636398851091162
96488,0.3527248975993485
96489,0.5700285931405398
96490,0.5508806984387953
96491,0.5708665567717198
96492,0.3073908594282022
96493,0.2678733252394226
96494,0.6182050229865905
96495,0.5944494191500944
96496,0.3523468361932538
96497,0.29070025555282186
96498,0.3656377761301399
96499,0.6185233771336857
96500,0.3134394131198036
96501,0.39500136693128657
96502,0.28890351130115194
96503,0.5063502410201844
96504,0.2863341876446009
96505,0.43060836494802374
96506,0.4832430070196389
96507,0.5413421571719238
96508,0.5782894563208498
96509,0.30000967532714223
96510,0.5707044554519282
96511,0.38452588096802764
96512,0.5650530501690636
96513,0.5833924508359934
96514,0.2842465615548789
96515,0.36639466290374945
96516,0.34210662887875
96517,0.6104091219249188
96518,0.4869416617758467
96519,0.4860445156336627
96520,0.3889386278803713
96521,0.4823493163927436
96522,0.4692231069103761
96523,0.46733393766949816
96524,0.45729424874517727
96525,0.30712443856006344
96526,0.5079027389616063
96527,0.2969986510199418
96528,0.5460306861529699
96529,0.6241970798569522
96530,0.30075067850819165
96531,0.5957199766456696
96532,0.4739525090870539
96533,0.360362518839935
96534,0.47859445304197235
96535,0.2999994565095149
96536,0.3659077628747616
96537,0.2773708598004248
96538,0.31980439749306466
96539,0.4843952106101637
96540,0.6319318421734226
96541,0.5268822963536397
96542,0.341630948502892
96543,0.4101009509377071
96544,0.4887635435638733
96545,0.35411930657540036
96546,0.36399516163497075
96547,0.478825523453837
96548,0.5895699133275307
96549,0.515555226277968
96550,0.4441917195024632
96551,0.44961062542417324
96552,0.34657963231216693
96553,0.35269108155858253
96554,0.46700203439247323
96555,0.30311679198812325
96556,0.4738234387195804
96557,0.37983738475870893
96558,0.40248490669083126
96559,0.359526382044449
96560,0.3682735844875335
96561,0.4693938358629223
96562,0.4254883403471609
96563,0.4622179984619723
96564,0.49840218676723447
96565,0.5272333046044578
96566,0.46637878222963697
96567,0.5854933831312636
96568,0.5669468820514616
96569,0.379424476305477
96570,0.3914450468106713
96571,0.5853817772666003
96572,0.35480118228920254
96573,0.36089563636437916
96574,0.5653995917010317
96575,0.47623879329082003
96576,0.3627921279165698
96577,0.43963969284455234
96578,0.4810530605992982
96579,0.481463687308188
96580,0.47700106150602445
96581,0.3036459480380437
96582,0.3900564585640646
96583,0.5107336873302911
96584,0.46140647154380976
96585,0.46254627645428303
96586,0.5897208124524109
96587,0.4617474980086281
96588,0.571449018856838
96589,0.29428009274859823
96590,0.30922097313000335
96591,0.4785906201229562
96592,0.3882310423953076
96593,0.48459513431953644
96594,0.5538123831003511
96595,0.5127974035681216
96596,0.5500270578507407
96597,0.5207136597006533
96598,0.3153410157257148
96599,0.2939640723087048
96600,0.30284111405649156
96601,0.48260380368375816
96602,0.5515180050110146
96603,0.4769161167075872
96604,0.6302515137272823
96605,0.5882085919871552
96606,0.30126397240999075
96607,0.31143009957599277
96608,0.5207341729130383
96609,0.4797211673481288
96610,0.44197956428523316
96611,0.5639435760173696
96612,0.46335635580121715
96613,0.3605338033702804
96614,0.35196935589149825
96615,0.5765215861843933
96616,0.5553608777706929
96617,0.3951450915377787
96618,0.38108719985166667
96619,0.3060017490084362
96620,0.47365018974908857
96621,0.45960858996265885
96622,0.5450159393010668
96623,0.3362145085133801
96624,0.613597968172195
96625,0.4823690582572195
96626,0.4805289528098087
96627,0.2864206676622601
96628,0.3634476712681091
96629,0.27247159318101866
96630,0.36945725804284224
96631,0.4798935959289793
96632,0.4736573208917197
96633,0.33127581341672757
96634,0.3935884167482381
96635,0.3209752560415905
96636,0.2933904047969493
96637,0.3116364976342988
96638,0.4210300891362922
96639,0.29703720759930774
96640,0.33536499383937435
96641,0.46182265565641173
96642,0.5267168210143531
96643,0.36638999454039317
96644,0.30510839019758274
96645,0.5895968673209816
96646,0.32799824975338193
96647,0.576144810901298
96648,0.3905003286643884
96649,0.34454630796662605
96650,0.5748546241910608
96651,0.46554404730525256
96652,0.30613785548398653
96653,0.4666576518108905
96654,0.5584014826416507
96655,0.5504398568335788
96656,0.36347709217070184
96657,0.6004601335090807
96658,0.30941393173486914
96659,0.4045140733984758
96660,0.5575302358379114
96661,0.47682023321979244
96662,0.5052144639937397
96663,0.4580621250596809
96664,0.28537058777816504
96665,0.4735139144564075
96666,0.5163702922931149
96667,0.5435870300416796
96668,0.5573623025561814
96669,0.5659774112012015
96670,0.3901315621374632
96671,0.3106139217987136
96672,0.5574695438442897
96673,0.39770744035516437
96674,0.3810080122112902
96675,0.4945276773928092
96676,0.5585228323677717
96677,0.3461537816191185
96678,0.2997813071562617
96679,0.43019866487933306
96680,0.5029225237583218
96681,0.5017992112961135
96682,0.2837693141250992
96683,0.5616629822885499
96684,0.477294751818028
96685,0.365498637298459
96686,0.39376760388370574
96687,0.29811585341033775
96688,0.35887126368553224
96689,0.311293461945766
96690,0.30091502101251305
96691,0.5068239911739624
96692,0.5508542928945297
96693,0.36445036615704396
96694,0.4644355433571401
96695,0.6282761123564391
96696,0.5869707692639442
96697,0.29800355606184276
96698,0.48253526272240793
96699,0.4919426488958896
96700,0.5126028092717992
96701,0.30312372293291023
96702,0.4849909964339717
96703,0.5028021611798132
96704,0.3903522949352108
96705,0.5482585460911877
96706,0.3040732251308204
96707,0.4528932944563546
96708,0.46950262140927645
96709,0.47995840931950723
96710,0.6153005478330573
96711,0.47044484793814206
96712,0.369513759959811
96713,0.3454987100000222
96714,0.5983534194800797
96715,0.4676309320519
96716,0.304109827932222
96717,0.30826883244985026
96718,0.4050533317635816
96719,0.5578403497733362
96720,0.5375561209799626
96721,0.4657954671903813
96722,0.46443499424862505
96723,0.4901418899129078
96724,0.5478235250410616
96725,0.29756381262367587
96726,0.37538783365907413
96727,0.623805005279104
96728,0.3028308219453724
96729,0.4765673507043559
96730,0.5879633529293616
96731,0.5655170621498337
96732,0.5301865066596386
96733,0.3536707758810961
96734,0.3550902172038821
96735,0.47134187436149333
96736,0.3567363724465554
96737,0.5786484193574921
96738,0.29190553601466107
96739,0.3565510050985481
96740,0.4659673082322584
96741,0.6068797493646522
96742,0.4807090199656635
96743,0.507370984250811
96744,0.3067491647207411
96745,0.40393236326971454
96746,0.39933894186804597
96747,0.5322688858739896
96748,0.5284547205607885
96749,0.29047097775907116
96750,0.49311068379161765
96751,0.32723588840841283
96752,0.464160979657374
96753,0.29955843119361014
96754,0.5077796410185894
96755,0.47924707435918146
96756,0.5622716611796984
96757,0.4705865190795677
96758,0.31081087008940506
96759,0.49175460270471727
96760,0.4942455173736089
96761,0.2848152236390629
96762,0.30801955127007175
96763,0.3238389427401234
96764,0.35192710997587945
96765,0.3067383905810174
96766,0.30800322372060523
96767,0.47629465178873026
96768,0.6507960642385769
96769,0.29336349694437225
96770,0.3101179435567544
96771,0.38673469963501345
96772,0.3751076322360615
96773,0.6175374081903934
96774,0.5545252770299861
96775,0.5795838960101113
96776,0.2945156862344118
96777,0.2739075917954061
96778,0.6104987255639545
96779,0.3650785472914539
96780,0.3600580983412788
96781,0.6350202635924084
96782,0.5054041157177647
96783,0.5605889341323681
96784,0.48529338702290503
96785,0.45702502971497405
96786,0.26281528662058423
96787,0.5659673362699487
96788,0.29661318477523907
96789,0.6032588504327757
96790,0.2970710647493975
96791,0.5551408482024028
96792,0.5636579470444093
96793,0.47346369989678055
96794,0.5514643949490801
96795,0.35027972726304096
96796,0.46877943675990247
96797,0.3203664083131319
96798,0.4821502200308731
96799,0.3804409783181717
96800,0.46234068825285274
96801,0.29960401123607894
96802,0.3673025678555555
96803,0.6149304364250663
96804,0.48085158781252596
96805,0.3670242166649026
96806,0.5968774968031911
96807,0.48195434694114814
96808,0.6106780599246484
96809,0.4342446069652645
96810,0.5476200791147251
96811,0.47437522581482167
96812,0.4908821540059756
96813,0.5360247702157709
96814,0.516691158060876
96815,0.4021840394101107
96816,0.5316150723144397
96817,0.6328148582550226
96818,0.4594141320752987
96819,0.34098624175559883
96820,0.5597288356219461
96821,0.5190798754152901
96822,0.30061397878238955
96823,0.2834047401211159
96824,0.5680021918185156
96825,0.48493885053491936
96826,0.42050745558190855
96827,0.38370290196496243
96828,0.29634486445600194
96829,0.5236920241647203
96830,0.2849945836003588
96831,0.5008776541056275
96832,0.30597871453525766
96833,0.3552227750335341
96834,0.35290547358305974
96835,0.3459359222591175
96836,0.47614353911701457
96837,0.4041085856295811
96838,0.4900359680161211
96839,0.46754662509513867
96840,0.5735955737146037
96841,0.3432808862918411
96842,0.4712220830167336
96843,0.48235734500589167
96844,0.5590363128685621
96845,0.5329799080625951
96846,0.2878676200295328
96847,0.48218446632556794
96848,0.5236587447054093
96849,0.5585931369724517
96850,0.40301884650443526
96851,0.30080850197010206
96852,0.4669912185407178
96853,0.6106945448762563
96854,0.48602514967589444
96855,0.3332565997918347
96856,0.3091376490862161
96857,0.4661098044563271
96858,0.3625289152667198
96859,0.5972922409229239
96860,0.5551088403843719
96861,0.5327408506524928
96862,0.29282533201304667
96863,0.26410130552459077
96864,0.34513147474946676
96865,0.4269674228707685
96866,0.5213147977265314
96867,0.47315012178163646
96868,0.49738109276459747
96869,0.49457920568301994
96870,0.5921266905528063
96871,0.3402720538342819
96872,0.3382425282793706
96873,0.49993969029168994
96874,0.5259327080837615
96875,0.4200482526901374
96876,0.3602596819131007
96877,0.34732604095860903
96878,0.5190302188692353
96879,0.4757292571014535
96880,0.3490799053037149
96881,0.23894643685399475
96882,0.4817049586300654
96883,0.4540987070455171
96884,0.5350455658847364
96885,0.5070598868079976
96886,0.5530120097507963
96887,0.5486818501502114
96888,0.34974747176692933
96889,0.4874699093334154
96890,0.49208623807118057
96891,0.4770905050612127
96892,0.4028030185026023
96893,0.5841581445025703
96894,0.4675836008520743
96895,0.2927171830798435
96896,0.5337765629850033
96897,0.5084019738887465
96898,0.5979476836101879
96899,0.5585627271397801
96900,0.2981761293777669
96901,0.3631314205645189
96902,0.5648746230531689
96903,0.482039722556927
96904,0.46631166173668454
96905,0.47144257821496793
96906,0.519777753691716
96907,0.4688969880833595
96908,0.46144387040254753
96909,0.40438242079121284
96910,0.5088286614642964
96911,0.293019826613186
96912,0.45938816626162743
96913,0.41622929784420315
96914,0.2998366044890525
96915,0.48981989920195185
96916,0.30321439612788254
96917,0.29959047538787237
96918,0.5590334471973
96919,0.34785897501714946
96920,0.3644872055797456
96921,0.5712973737392608
96922,0.25786837143780666
96923,0.5520110589177184
96924,0.28639753135330126
96925,0.3933791976034989
96926,0.5036962658676308
96927,0.5009579344645002
96928,0.558868561340124
96929,0.4600721376208182
96930,0.538615145525541
96931,0.35088458260603334
96932,0.3148093908112614
96933,0.44270581023328426
96934,0.39232836519408026
96935,0.31534740510117765
96936,0.4609202131354013
96937,0.5614365530890383
96938,0.3356238406564325
96939,0.3518109839222181
96940,0.46896574275191266
96941,0.2715708533382442
96942,0.3582454345139433
96943,0.5676890514641951
96944,0.37501410273054336
96945,0.5504034598351848
96946,0.49463638290803313
96947,0.5601252872371663
96948,0.3040667235091776
96949,0.5762169114031683
96950,0.49462546591928175
96951,0.5003455845121122
96952,0.6070996898086757
96953,0.47096039355690167
96954,0.35175220636426013
96955,0.5500462453298742
96956,0.3353691135356943
96957,0.44145258819923444
96958,0.5861045301332108
96959,0.27661258798162447
96960,0.4885798832011947
96961,0.3281333595114992
96962,0.2815801094117887
96963,0.5609852074816608
96964,0.32824556185221787
96965,0.5811509297944468
96966,0.35156692296891257
96967,0.5249171547750433
96968,0.3620002402354893
96969,0.4212604223381815
96970,0.5058795174884736
96971,0.3631211961205125
96972,0.35467804850648255
96973,0.5076095128512398
96974,0.2953600579521412
96975,0.4750369990723443
96976,0.5475063069709717
96977,0.580073272626895
96978,0.4723724915335388
96979,0.3544837654751951
96980,0.5277381363538824
96981,0.2786194639471976
96982,0.5564602764915222
96983,0.3768845079359863
96984,0.48829258928206765
96985,0.4730584948580996
96986,0.3643427392544485
96987,0.35397343638614326
96988,0.28544115786376895
96989,0.5468892919113993
96990,0.5495515941609708
96991,0.5401714790094467
96992,0.5676071194869341
96993,0.4793525963230633
96994,0.5629195861150595
96995,0.33922158571003125
96996,0.3028579495867918
96997,0.6070381854425707
96998,0.3855508846913413
96999,0.29728843216349826
97000,0.456534992546041
97001,0.47537112974476187
97002,0.29352009279325236
97003,0.5704673431282377
97004,0.3545407467957709
97005,0.404403387254625
97006,0.41466195694389585
97007,0.5404771596800462
97008,0.2851251769112887
97009,0.6659795235119947
97010,0.3714026536705892
97011,0.5417018991036945
97012,0.5713360196811424
97013,0.6062900087379294
97014,0.475242753617202
97015,0.4509341158073281
97016,0.6703076279482322
97017,0.5266214625739358
97018,0.44025483723957265
97019,0.5289812731867612
97020,0.29445957509851056
97021,0.4775396437559957
97022,0.5876628001411653
97023,0.30195868255259156
97024,0.29183410369604273
97025,0.5838345456168085
97026,0.2876375108406686
97027,0.5413107317535518
97028,0.3100218861534571
97029,0.4567068861949058
97030,0.30738604629105637
97031,0.4044010364936788
97032,0.522275872402943
97033,0.5303383644089379
97034,0.46434644674319153
97035,0.5361542113891496
97036,0.6153496348833264
97037,0.4625334052845987
97038,0.4871738787121879
97039,0.49092100798438715
97040,0.5413265132530174
97041,0.4800752291808449
97042,0.5094101595653173
97043,0.31631270268985456
97044,0.46397710582089374
97045,0.4637531549076167
97046,0.5336062416420186
97047,0.5884869734554353
97048,0.2889008950144683
97049,0.4807150265239107
97050,0.4943066214931134
97051,0.3055120606668787
97052,0.4669525720324459
97053,0.5670864679481331
97054,0.3626192923431651
97055,0.5391683530930977
97056,0.39691741948101245
97057,0.3351937725262504
97058,0.5021119652746904
97059,0.27691771294224277
97060,0.6634711033464256
97061,0.5967724568833066
97062,0.5314069894163093
97063,0.5119460195262332
97064,0.4925459122910956
97065,0.40199360892342045
97066,0.4801075017022134
97067,0.3867473635567901
97068,0.5600606405301811
97069,0.46589326289101424
97070,0.31869917401910897
97071,0.39563586026332215
97072,0.5291080739439787
97073,0.5042743305919509
97074,0.4797448561231915
97075,0.4648932873493406
97076,0.47301916731016647
97077,0.47537053457383877
97078,0.4541604654377526
97079,0.5769981730326522
97080,0.35813079663636693
97081,0.25403276766891386
97082,0.5715109450339553
97083,0.513327019282032
97084,0.30395665684405393
97085,0.3371811851363783
97086,0.2767560182468816
97087,0.3689268395261579
97088,0.2840600990908744
97089,0.6052250630581428
97090,0.5508570299698345
97091,0.5201986122222757
97092,0.36550112055474604
97093,0.27298805662511355
97094,0.2664887223620645
97095,0.3046853482689693
97096,0.2981366985999933
97097,0.48711072431798963
97098,0.474876329580077
97099,0.5783671685756053
97100,0.591166204493892
97101,0.5085709505628124
97102,0.35983500706755783
97103,0.475626070273425
97104,0.4790272881674877
97105,0.5073409603780094
97106,0.5081509526015114
97107,0.572557627142807
97108,0.5737196264817899
97109,0.30152983355293367
97110,0.30626420450083225
97111,0.3712979297373555
97112,0.5129054522488139
97113,0.3011588095969411
97114,0.37507082922948076
97115,0.3220685683642896
97116,0.5512291963657503
97117,0.3530809479102203
97118,0.46498504316445455
97119,0.3529356910718688
97120,0.47239417960100133
97121,0.46504285189505984
97122,0.34818608551889024
97123,0.5004315204710662
97124,0.5749256398100797
97125,0.5369966041380287
97126,0.6056631125027908
97127,0.47651199026789326
97128,0.56593551441686
97129,0.34341689281216536
97130,0.4495774500147147
97131,0.30940427590784964
97132,0.4721968445651564
97133,0.4707701782551418
97134,0.34139381817369935
97135,0.34602104309472315
97136,0.39806881397538535
97137,0.314112356431475
97138,0.3025691660380056
97139,0.678993870322725
97140,0.44797628807690604
97141,0.4662884070606915
97142,0.283118784617685
97143,0.5073452927089341
97144,0.441825962756137
97145,0.5195445414853351
97146,0.48577772379381445
97147,0.3163701661413209
97148,0.27787739736857764
97149,0.36423000507695324
97150,0.4580285077531698
97151,0.47465976783348396
97152,0.5177446858631692
97153,0.3414318966849904
97154,0.507539336941403
97155,0.5610803574861831
97156,0.3892811302024271
97157,0.43299285764628964
97158,0.5470501662803723
97159,0.5996610171974199
97160,0.5202834494493638
97161,0.4462356641849212
97162,0.47547973713319985
97163,0.30377448149230696
97164,0.28184535638849717
97165,0.35433343743911605
97166,0.2790982756098537
97167,0.5050444783536495
97168,0.5716668529349647
97169,0.4900454919085777
97170,0.5135100228025657
97171,0.32033959090879593
97172,0.46767492320403303
97173,0.3793542711685676
97174,0.4608140290310757
97175,0.5451999175474702
97176,0.5125093456115961
97177,0.5160030103480816
97178,0.486170447511999
97179,0.30571156785509473
97180,0.3986480160541275
97181,0.4811008300434141
97182,0.48679879407193083
97183,0.539560005561842
97184,0.34945420988941533
97185,0.5209193160500096
97186,0.5144497611531823
97187,0.49914234413827446
97188,0.47325144391326307
97189,0.6049883310558768
97190,0.29146556478135094
97191,0.5949014540653663
97192,0.6260574589311526
97193,0.4815335262938726
97194,0.36641870543794935
97195,0.5947552735575472
97196,0.3080966894099905
97197,0.5956938933054298
97198,0.35979134272090424
97199,0.5746838686210062
97200,0.3737386203213314
97201,0.610410287768755
97202,0.37216683472729717
97203,0.5499860313424524
97204,0.35652675225864305
97205,0.5615350873086931
97206,0.6009864491765221
97207,0.29220903223172034
97208,0.2866055791186351
97209,0.4740202107306177
97210,0.4179858763132137
97211,0.480848953605906
97212,0.531853221455414
97213,0.28317696985040447
97214,0.48418890633517
97215,0.4799310520096953
97216,0.37054953936018353
97217,0.4729810579959668
97218,0.35311014059002543
97219,0.4611356402493887
97220,0.5632716236465694
97221,0.5615794547470876
97222,0.6355057997010538
97223,0.3037329958446715
97224,0.49763241405779113
97225,0.37338801491892853
97226,0.47706675435671875
97227,0.5692497712852215
97228,0.6315438615832116
97229,0.4704957995859589
97230,0.49934325599885565
97231,0.3481782207657975
97232,0.5647610397308368
97233,0.5500232776772799
97234,0.30433256534427855
97235,0.316094442455036
97236,0.2974693082275769
97237,0.6234064185618851
97238,0.47954420738411796
97239,0.35118979974967357
97240,0.31650839796139557
97241,0.5955955986664254
97242,0.3628451240742237
97243,0.6148244191716377
97244,0.35648586373533736
97245,0.5530159463313721
97246,0.2766830480101089
97247,0.6401689517250172
97248,0.49308085005234636
97249,0.5472343741381266
97250,0.5082794676912132
97251,0.3601701656598025
97252,0.3003621558075543
97253,0.4810371434918325
97254,0.4608844207504586
97255,0.49184045742530297
97256,0.31378728552709817
97257,0.5175818050939126
97258,0.6034861886305253
97259,0.4525222495131363
97260,0.2943390315649024
97261,0.40163663781449166
97262,0.3505080574612185
97263,0.3039510319291122
97264,0.4960028327455034
97265,0.49771405659289636
97266,0.5590639488867428
97267,0.29471828535330385
97268,0.4748255482591729
97269,0.4076018420809307
97270,0.41417928582537605
97271,0.4651181125704927
97272,0.44690312385615083
97273,0.42146274602616385
97274,0.413351012804169
97275,0.4942959157108749
97276,0.3493507813782189
97277,0.48287737940694186
97278,0.5638221987491028
97279,0.37168684179280104
97280,0.2852815565443011
97281,0.4797862156980191
97282,0.2909112734194114
97283,0.5548346782400515
97284,0.4692146053181973
97285,0.3686837483041754
97286,0.5049426272730472
97287,0.48658179284895464
97288,0.48126577045631524
97289,0.5802251508271317
97290,0.5934298450795856
97291,0.3061537076557807
97292,0.47651796935048985
97293,0.36143128921957035
97294,0.3322111537969849
97295,0.364994134693769
97296,0.45901354045179543
97297,0.34771482461911524
97298,0.36187674439685136
97299,0.5635824228979681
97300,0.39715016274103854
97301,0.38397105515803986
97302,0.4688055676011507
97303,0.4669467556439598
97304,0.3617906349840049
97305,0.5510502712755954
97306,0.3543464177604895
97307,0.4789374405795677
97308,0.519420648185786
97309,0.3847954582631189
97310,0.45817078172842823
97311,0.5453267095167179
97312,0.6367731881167721
97313,0.5795766682200892
97314,0.3579146098202885
97315,0.3449061117407113
97316,0.49389017750114717
97317,0.43831278988896183
97318,0.5627581514673997
97319,0.5885072187585602
97320,0.49685250309810963
97321,0.3466179239537276
97322,0.39278714219888095
97323,0.37305962326475084
97324,0.6042608667671389
97325,0.5681643630678113
97326,0.47345186074947876
97327,0.25863987746061434
97328,0.6314079265477603
97329,0.47416652030812606
97330,0.5687136754637613
97331,0.5687084959777488
97332,0.3339269437510345
97333,0.4947668927530316
97334,0.40411040475949617
97335,0.3403498329854802
97336,0.44806155840540546
97337,0.3659573420096779
97338,0.35311113531647387
97339,0.30109565431973667
97340,0.40350696004075515
97341,0.4646716895845689
97342,0.4717856774747305
97343,0.41394478584267835
97344,0.5090176519318643
97345,0.5598436335160711
97346,0.5975432879372842
97347,0.2940257319582149
97348,0.3676724395612052
97349,0.4193678823655405
97350,0.34981143569076895
97351,0.48933137745206395
97352,0.2946890276824196
97353,0.5546994900566813
97354,0.3639444807176274
97355,0.2924686990206067
97356,0.5174955801295227
97357,0.3059710957506038
97358,0.4730497711228427
97359,0.3645854976526426
97360,0.29848355329092763
97361,0.4901192112572472
97362,0.543560173636513
97363,0.6488131239365106
97364,0.5501489783033034
97365,0.36278618260701373
97366,0.5337552151115396
97367,0.5066359163488842
97368,0.5670926054002663
97369,0.47842241040093353
97370,0.5713329227369195
97371,0.45955169726977413
97372,0.40096435528790486
97373,0.5299924176451823
97374,0.48645851140547663
97375,0.4681534607542047
97376,0.5911071537778942
97377,0.4805416218603578
97378,0.2943497527899725
97379,0.5060477350625547
97380,0.5047672405724964
97381,0.5861738323274984
97382,0.4676810638235262
97383,0.40476288540514516
97384,0.5753563204882213
97385,0.4778848717116909
97386,0.34701917088148143
97387,0.39221240796748535
97388,0.5405744167987203
97389,0.3871490871891937
97390,0.5389687205996401
97391,0.297450044145093
97392,0.29262129416024096
97393,0.33425002431421447
97394,0.40230397397356216
97395,0.46968957981131115
97396,0.3123020994393062
97397,0.49402365323206854
97398,0.5493593531804931
97399,0.3938597081239913
97400,0.3109023033979494
97401,0.30069467781760806
97402,0.5617889301822883
97403,0.5714315678270258
97404,0.3875029782406505
97405,0.4643011884997966
97406,0.5573992686479465
97407,0.5587392349063482
97408,0.36148788784558056
97409,0.35415393028513464
97410,0.47745229020844093
97411,0.3618238710504777
97412,0.5582472035438699
97413,0.3052296646497104
97414,0.38472450932164565
97415,0.48686352543517464
97416,0.5872506764667872
97417,0.4910423829850637
97418,0.4675286618733337
97419,0.5431353744224461
97420,0.2997232200678883
97421,0.613913586663568
97422,0.36229928402956135
97423,0.44951931577375703
97424,0.3590512499727844
97425,0.3617125239871503
97426,0.3747465489152001
97427,0.357337629472962
97428,0.34426624212985535
97429,0.5364651019527011
97430,0.5028373389378906
97431,0.27971626643664255
97432,0.4756420293177555
97433,0.5029138994926565
97434,0.454246934557984
97435,0.5675978767700698
97436,0.4586117435847525
97437,0.38776922783528284
97438,0.282643254626374
97439,0.4872594233451428
97440,0.5689287280409663
97441,0.5551621643189779
97442,0.46011670362708534
97443,0.2988202495717261
97444,0.2911866852801908
97445,0.4579054319323535
97446,0.493770347826116
97447,0.4129326986966768
97448,0.30993314983496245
97449,0.2896522264202038
97450,0.34964414847752673
97451,0.49056808617657205
97452,0.35029134241462023
97453,0.35537176202127796
97454,0.5277862658968635
97455,0.5101992200973248
97456,0.5060187485903519
97457,0.2960340548239469
97458,0.3015900657780461
97459,0.5257196128411344
97460,0.35101641573853853
97461,0.46955950465330126
97462,0.29601386358288023
97463,0.2860227608204487
97464,0.4742724064527013
97465,0.4995049844240615
97466,0.4837402640177581
97467,0.44604551075063537
97468,0.4613286936930655
97469,0.6427149828338432
97470,0.4616051881786458
97471,0.5061384853782372
97472,0.35448782197437334
97473,0.2911175960497582
97474,0.4531011893217185
97475,0.30430237557546463
97476,0.47926945369870033
97477,0.587177310747087
97478,0.4742312204877606
97479,0.47203110734327397
97480,0.6205076637507325
97481,0.5069275993313768
97482,0.3730891578809796
97483,0.5141033188626526
97484,0.35113718328754234
97485,0.48741914268390213
97486,0.29038753747589413
97487,0.552596156705262
97488,0.49301219395133283
97489,0.37257600592214807
97490,0.47542139663416455
97491,0.530291570566212
97492,0.2843974506615631
97493,0.2712598724883589
97494,0.5183746652778934
97495,0.30296380952119006
97496,0.29058522901555656
97497,0.2990362651186788
97498,0.41510721301996245
97499,0.56011641488068
97500,0.2846272760004408
97501,0.3633931118266119
97502,0.4783131640853618
97503,0.3366431556421824
97504,0.37377940833103745
97505,0.48494044665444747
97506,0.35482268331499406
97507,0.48936935293480044
97508,0.43300805367301676
97509,0.3412637149801236
97510,0.49034683926541006
97511,0.557789215226868
97512,0.5670170042142396
97513,0.5207604138496145
97514,0.34087893101741207
97515,0.24864465037774575
97516,0.5325116389728615
97517,0.3037594654316888
97518,0.5237423592925835
97519,0.28605330910537935
97520,0.4529300335932461
97521,0.4896769313291765
97522,0.5369504250004843
97523,0.5052849803413004
97524,0.5871672315512054
97525,0.3484755970696099
97526,0.4189378190043157
97527,0.37632583631811956
97528,0.4782126033836435
97529,0.5737185359084674
97530,0.42252941443513836
97531,0.5674665279013723
97532,0.31041888442432825
97533,0.4740040817162836
97534,0.3049540223560847
97535,0.3572970462046467
97536,0.4610470023988704
97537,0.4869957950483625
97538,0.2892379015107057
97539,0.535897871287576
97540,0.5114990289276928
97541,0.3411298472886866
97542,0.3571715202045174
97543,0.4896984974129572
97544,0.5604542178915648
97545,0.47118053380202723
97546,0.5259264774471143
97547,0.477850877315422
97548,0.4841938981175917
97549,0.36000379804366023
97550,0.3644962849116662
97551,0.2786708448600203
97552,0.5954713655643439
97553,0.45018695430593064
97554,0.556007995228301
97555,0.3629890002534606
97556,0.3184216859186747
97557,0.45356569093275684
97558,0.3178602293828437
97559,0.5771266821671996
97560,0.2941837535004871
97561,0.3531211475480159
97562,0.42321663669695625
97563,0.3568118372202987
97564,0.45024606078400103
97565,0.3109335033155584
97566,0.5572809771393539
97567,0.501669742840322
97568,0.36403661536423854
97569,0.4895787652784609
97570,0.4615431398366157
97571,0.36167594970263756
97572,0.5205582735893648
97573,0.46483058002648975
97574,0.5049751764951359
97575,0.5910594836812587
97576,0.545504104212395
97577,0.4919777417844997
97578,0.48721316529283415
97579,0.5115023375691744
97580,0.43489934823723014
97581,0.5523960518938201
97582,0.5371921005070889
97583,0.3568244212261465
97584,0.34448419941332187
97585,0.3066822057007422
97586,0.46430028745190877
97587,0.4775084572063208
97588,0.29822928742857086
97589,0.35013708919529524
97590,0.4866586142872197
97591,0.5797770158652341
97592,0.47544291875511047
97593,0.2989510014229822
97594,0.4638561487497732
97595,0.47268521107271244
97596,0.6010381608886968
97597,0.3534690819152071
97598,0.47623951547072857
97599,0.4719587897943691
97600,0.3423184996026796
97601,0.48366711097248316
97602,0.605094233387084
97603,0.4754480470667614
97604,0.45830302297294195
97605,0.4884747813633988
97606,0.5567378837768421
97607,0.31974710367097536
97608,0.4853377953092905
97609,0.4860426119378168
97610,0.541910372544137
97611,0.5803216015073024
97612,0.4692204978340708
97613,0.5306495964271875
97614,0.31087686049551927
97615,0.3656697673975761
97616,0.6076281751107219
97617,0.3045318350057851
97618,0.2854596729490215
97619,0.46790904785702386
97620,0.29184101278089924
97621,0.2890730721321232
97622,0.5345943256472293
97623,0.30875808134252464
97624,0.361020582188874
97625,0.3596779671517362
97626,0.4759532310585843
97627,0.5040403151644347
97628,0.5432397150015001
97629,0.4363412471463701
97630,0.5507414710909723
97631,0.46433032057531654
97632,0.48643441525962794
97633,0.3641171239935267
97634,0.5628384818936621
97635,0.4897407291538529
97636,0.34659556048677626
97637,0.502437762446574
97638,0.5898645376660554
97639,0.4837882075439951
97640,0.6259295171817758
97641,0.3275343335074028
97642,0.350281195858943
97643,0.3671650390021283
97644,0.3107950594267204
97645,0.5138251266026072
97646,0.32807857399308216
97647,0.4600190483188933
97648,0.5532630526344461
97649,0.2839351031987599
97650,0.3759703849337822
97651,0.48723776448441264
97652,0.4795339751433905
97653,0.4963590563017398
97654,0.6006341244285467
97655,0.6376492760224739
97656,0.5976733032931075
97657,0.39703854307978054
97658,0.39742387120249506
97659,0.4937839441743756
97660,0.5954717957050879
97661,0.5499472330735149
97662,0.5597762855981319
97663,0.3702227501686789
97664,0.41795162228481564
97665,0.2632679376500964
97666,0.3591242242609505
97667,0.5963329076287357
97668,0.5039452046273277
97669,0.558240484318287
97670,0.47306844181808744
97671,0.34428768107606983
97672,0.412285628710528
97673,0.5666775073844368
97674,0.4838870183241218
97675,0.464719528618329
97676,0.5161513140396735
97677,0.29927857955390474
97678,0.49175257150655494
97679,0.5479178791786543
97680,0.45554197012638614
97681,0.4568132376168552
97682,0.3011092739154659
97683,0.5901426703649811
97684,0.4908417603055548
97685,0.4726705830127862
97686,0.5514241371029667
97687,0.37292596056713945
97688,0.3753377484189105
97689,0.5348340070750077
97690,0.4827392617168554
97691,0.30101579814360524
97692,0.5044226745225757
97693,0.479130181901259
97694,0.3683217244077822
97695,0.3501675367166
97696,0.5029894534309487
97697,0.4677226336066432
97698,0.47332124369724915
97699,0.5587042533195018
97700,0.276244983692449
97701,0.3553909719076852
97702,0.3977740510162475
97703,0.29628095532484194
97704,0.45686926296468056
97705,0.25346387547464366
97706,0.33596496914117174
97707,0.5367889209492016
97708,0.5673801419312564
97709,0.5622230049177659
97710,0.6366359786299429
97711,0.3214622601121828
97712,0.29901694195566053
97713,0.4175353210588473
97714,0.34125308612539645
97715,0.4402191372216695
97716,0.2781446639074015
97717,0.2785013437930748
97718,0.47531184558666406
97719,0.3143523580315623
97720,0.5523065185274376
97721,0.3935650323131828
97722,0.5684591885642906
97723,0.5032451923171241
97724,0.49361856152816885
97725,0.29392109316009746
97726,0.43798035866476154
97727,0.29451678860737557
97728,0.4884290930602499
97729,0.3376551374662756
97730,0.4891201810236395
97731,0.3056375272439463
97732,0.36467660702566457
97733,0.3529213021400585
97734,0.510194881392866
97735,0.5769634154137278
97736,0.5379477716310641
97737,0.5606059237453694
97738,0.35886381192041306
97739,0.3179860482096511
97740,0.39792187062410733
97741,0.3723640166053753
97742,0.5558861429788231
97743,0.5428042891975863
97744,0.5441436883561123
97745,0.6150038727603081
97746,0.5161789800867477
97747,0.5117127790930173
97748,0.41286364228636924
97749,0.48360864911809176
97750,0.5192317549525004
97751,0.5511417828147475
97752,0.4996461058251874
97753,0.4750656569648552
97754,0.4063445042874665
97755,0.48586059428603523
97756,0.34444340140378793
97757,0.38393127574594277
97758,0.5991698156709667
97759,0.3418982829699154
97760,0.5683203045754843
97761,0.4937456057759148
97762,0.4914646032994732
97763,0.4818793022396989
97764,0.602365220181811
97765,0.5571157225782861
97766,0.4540297773709366
97767,0.5419946549559389
97768,0.3091385538528493
97769,0.56439622791209
97770,0.5604266860340142
97771,0.49279948433047305
97772,0.6056217330905768
97773,0.5450990011863979
97774,0.5092060845962701
97775,0.3266171289223402
97776,0.4540333731368929
97777,0.4718185602437509
97778,0.4777192536296999
97779,0.30247376906315165
97780,0.4460375109895719
97781,0.5517424346525476
97782,0.65008584388301
97783,0.5336967943273964
97784,0.35010865036848443
97785,0.47752196745718173
97786,0.4504415074576825
97787,0.3927141460348776
97788,0.6080409293738156
97789,0.28800624812547954
97790,0.5470110613885474
97791,0.4474514564212085
97792,0.29653180065933765
97793,0.384463318718319
97794,0.5368200355739099
97795,0.5352284561670345
97796,0.5071458658313609
97797,0.6068492085093166
97798,0.5336016341314747
97799,0.48896940996958815
97800,0.36691992784635763
97801,0.5900896226561496
97802,0.36432312056848104
97803,0.3217043481949543
97804,0.6226563123051089
97805,0.44576706722103804
97806,0.48699283644961844
97807,0.30626189512494806
97808,0.46309710276892324
97809,0.592807776468786
97810,0.2956853746039953
97811,0.49002006982549917
97812,0.4808537995646733
97813,0.316635676034442
97814,0.4992044314940902
97815,0.3493572738851709
97816,0.5482466639933758
97817,0.6202925763148242
97818,0.4599155552229727
97819,0.3350323980548088
97820,0.47579064736037463
97821,0.4673801636200846
97822,0.3103552567582881
97823,0.5343415713093225
97824,0.6288293198888935
97825,0.3119074056848729
97826,0.2994423999568535
97827,0.46543085896481273
97828,0.48235549637905323
97829,0.42428221259988985
97830,0.3321324200632728
97831,0.44294600616446933
97832,0.5101741367933861
97833,0.538659261350405
97834,0.479053573250771
97835,0.29608259781519675
97836,0.4981856978867159
97837,0.606650324876775
97838,0.585859353939585
97839,0.5439540719900584
97840,0.371760092153452
97841,0.3487904154117864
97842,0.4744067450338127
97843,0.5498736270693514
97844,0.5594677425449757
97845,0.4933739058735567
97846,0.3723435930639404
97847,0.4645530532778797
97848,0.35278541029733196
97849,0.40981981543343077
97850,0.3131154185660479
97851,0.5168462760721523
97852,0.5045695341002651
97853,0.3035861635330342
97854,0.4829691756151648
97855,0.49313629372523393
97856,0.5418994932897969
97857,0.5479423659896729
97858,0.5716772940687748
97859,0.32649480960802874
97860,0.46753868293283796
97861,0.3471555443420294
97862,0.47571267995720373
97863,0.2945928021352871
97864,0.3604037370466275
97865,0.4140998554703173
97866,0.4877799633373502
97867,0.4855867304786183
97868,0.4780224668090583
97869,0.32686587589118765
97870,0.5121260680384155
97871,0.5735448604930934
97872,0.4080015221948194
97873,0.48355987960664976
97874,0.4652616638008701
97875,0.48491586484927135
97876,0.3883977706690569
97877,0.4169632610450309
97878,0.4619623370305904
97879,0.34441090871602664
97880,0.4605471608002314
97881,0.4590051309196022
97882,0.48886616297355057
97883,0.48070962282131235
97884,0.4487788769197933
97885,0.28628100666893275
97886,0.5294257976227167
97887,0.2817028346471366
97888,0.28646985554240206
97889,0.5141309817597308
97890,0.3206652555042605
97891,0.4988053334138924
97892,0.3477905172987815
97893,0.46850075713256345
97894,0.299191892339791
97895,0.4852591032255103
97896,0.4716019113673257
97897,0.5530531392310714
97898,0.24275106516524828
97899,0.3608382636029007
97900,0.3063869282000439
97901,0.5607273442464085
97902,0.4616284606331261
97903,0.277757148912696
97904,0.48160543768926434
97905,0.4048364535603454
97906,0.5556593184408389
97907,0.5375487553419576
97908,0.5429816338518216
97909,0.5080878050583084
97910,0.44812708251113187
97911,0.5354503664609365
97912,0.2638021344824602
97913,0.4969935887420668
97914,0.4864056672783222
97915,0.47674834177344044
97916,0.5623211837677884
97917,0.3452376953047688
97918,0.5000455328921232
97919,0.4962197557110924
97920,0.3680998657491631
97921,0.4859332107117563
97922,0.3798198775544976
97923,0.48473595672081776
97924,0.5976293644406708
97925,0.45324592424256316
97926,0.4457024172027038
97927,0.354186345135378
97928,0.26122290092532996
97929,0.30374253598710377
97930,0.4776831983675196
97931,0.33895586611676626
97932,0.5563062820594246
97933,0.6985484569956276
97934,0.5778022777376431
97935,0.36374211915603216
97936,0.291726725351546
97937,0.4718222855393247
97938,0.4942875877808998
97939,0.565386599444684
97940,0.47508335324849943
97941,0.49158478747792433
97942,0.41339579254488884
97943,0.43858530425345815
97944,0.5311912066118886
97945,0.35569755750588544
97946,0.27702559244884484
97947,0.5095388097607332
97948,0.485996001731131
97949,0.4953041998254934
97950,0.5034128221266245
97951,0.4659194484674331
97952,0.47321635936747525
97953,0.5423511773129545
97954,0.35714827043335823
97955,0.4850884897061373
97956,0.3038202265069523
97957,0.5553830046054619
97958,0.5020646105365598
97959,0.2914669696266439
97960,0.3267178336672564
97961,0.3409784856542736
97962,0.4018994688766713
97963,0.6190152548059338
97964,0.5527544849716759
97965,0.355351900755564
97966,0.5146863998923147
97967,0.37882734091977077
97968,0.22666081770377766
97969,0.44356975498020834
97970,0.5014799454832388
97971,0.33461134088566913
97972,0.344963947702389
97973,0.5843444146159272
97974,0.5811718561773531
97975,0.5363088084981993
97976,0.5382495194378764
97977,0.38953063251473624
97978,0.4802149424563418
97979,0.47178781959720567
97980,0.37355113595721606
97981,0.6206273246743476
97982,0.4649193210646629
97983,0.46090808562956803
97984,0.49922660645034
97985,0.35821142913987725
97986,0.28328775379225823
97987,0.4875011610517076
97988,0.5328625930174661
97989,0.48373059575706023
97990,0.4655240489022429
97991,0.3012487690934269
97992,0.30116287270526454
97993,0.36459915418932687
97994,0.5813264066197813
97995,0.34722103193340037
97996,0.4756292973008408
97997,0.3582181397751758
97998,0.4657039054898884
97999,0.5867883872408277
98000,0.5441438111945146
98001,0.36272963350855963
98002,0.2997843150288657
98003,0.5477167540456596
98004,0.5610219393268056
98005,0.5430210825917345
98006,0.3871554540106639
98007,0.5621718993378014
98008,0.35609074088400644
98009,0.3577799228105873
98010,0.3542633485237299
98011,0.29760415351524117
98012,0.32320216490795806
98013,0.465726344978091
98014,0.4924221111089765
98015,0.3665339965379521
98016,0.5500540626989036
98017,0.44513511300362196
98018,0.49975960754463983
98019,0.4723212285249648
98020,0.4814258260817166
98021,0.37871931358976524
98022,0.6016359310888378
98023,0.5897984434000035
98024,0.5483082240329014
98025,0.5176578750501462
98026,0.3320553983578809
98027,0.3457562365985746
98028,0.44808294217887784
98029,0.5907824686114251
98030,0.6063377376715375
98031,0.6185379938491712
98032,0.5116032787955075
98033,0.5241417288258513
98034,0.5057906126792002
98035,0.33787533881766557
98036,0.2585055219766553
98037,0.6090242590285535
98038,0.47019936927973427
98039,0.3140357945434423
98040,0.4769821877324584
98041,0.48675782562757264
98042,0.5439727012035256
98043,0.4946780958100013
98044,0.5505334820033777
98045,0.48586531034824565
98046,0.38321784798572617
98047,0.49042363291786345
98048,0.47190216127760104
98049,0.47360046775464226
98050,0.3000211356426488
98051,0.5095967640418859
98052,0.5090046643313538
98053,0.5512050635304672
98054,0.43060446503598754
98055,0.50836057077905
98056,0.5498678341353069
98057,0.48099417844218567
98058,0.4364998779633735
98059,0.36351351617486544
98060,0.4724869885971792
98061,0.537266697877768
98062,0.3007619024054501
98063,0.5521335124475022
98064,0.492569428371985
98065,0.49742440645472347
98066,0.35862372920463137
98067,0.48206420911306447
98068,0.578617845493713
98069,0.5363753828556895
98070,0.4409049124131551
98071,0.6132292915476055
98072,0.5915835523675678
98073,0.353591914626159
98074,0.4759408518270137
98075,0.39605158826298337
98076,0.4856213739242712
98077,0.46742023542840233
98078,0.49328080837835986
98079,0.3039384149515945
98080,0.45783746419494764
98081,0.28722976581804555
98082,0.4144435519580118
98083,0.35078287556321897
98084,0.4940673912393347
98085,0.5554713208162207
98086,0.5051679430293425
98087,0.3655618612724691
98088,0.31000101261317053
98089,0.3024778927513377
98090,0.4338993000696186
98091,0.30554809102576497
98092,0.4720245371460606
98093,0.4758946190485274
98094,0.501101399469912
98095,0.6134097616131641
98096,0.3403779185928425
98097,0.2883031547107294
98098,0.48521594340649143
98099,0.36391413814901413
98100,0.5214108581202281
98101,0.5747884953567649
98102,0.4718428183484715
98103,0.5652700712536693
98104,0.3411283847068743
98105,0.5697199127867569
98106,0.3005153858097683
98107,0.4942738450904609
98108,0.6060621842499647
98109,0.5497123249955459
98110,0.35693295198242914
98111,0.469587626156943
98112,0.3615122500859964
98113,0.45033153361071415
98114,0.4999506823698981
98115,0.4508485473646781
98116,0.33942845531392696
98117,0.5188745850890755
98118,0.3383631104221705
98119,0.46112882629604507
98120,0.3532680987971895
98121,0.4597551655841985
98122,0.5583359039991582
98123,0.4860886185711232
98124,0.39728276700804
98125,0.6400813645433263
98126,0.36587186652517834
98127,0.481051540955872
98128,0.3603561881505704
98129,0.3433411348075328
98130,0.5120684072309153
98131,0.5420463868764458
98132,0.5290748209773324
98133,0.2893364327038902
98134,0.2919393846994043
98135,0.46440094979956686
98136,0.4679674345383152
98137,0.5789034769812323
98138,0.2989976829210081
98139,0.55859314624162
98140,0.46581847218909284
98141,0.4681261500172578
98142,0.403056035078487
98143,0.2729834151015017
98144,0.5639219779724016
98145,0.5566884955840342
98146,0.47673148567580165
98147,0.5372154974365485
98148,0.5165799963003
98149,0.46868878774887557
98150,0.5194236594523162
98151,0.353686300012576
98152,0.520503477462177
98153,0.4405654919467059
98154,0.3295986450419234
98155,0.34585310154926174
98156,0.5087945709532572
98157,0.5928911108745889
98158,0.3099113568166173
98159,0.3030751116437489
98160,0.482689177550617
98161,0.479426327634318
98162,0.5870479715946232
98163,0.4798163152353918
98164,0.5617484857923073
98165,0.5389221307417924
98166,0.34889822584987407
98167,0.6042318551169323
98168,0.46771008598895253
98169,0.29569167918074246
98170,0.4263078264064429
98171,0.6154852692941619
98172,0.35993873985240854
98173,0.38173203529043276
98174,0.4783252111185524
98175,0.3197350747962416
98176,0.46771724719186775
98177,0.5743041774208185
98178,0.5099886944299193
98179,0.4998497628218578
98180,0.35475031672845836
98181,0.4508515020954209
98182,0.4666213268054358
98183,0.4938564401448304
98184,0.3599329916655078
98185,0.5000493258806391
98186,0.3888320302792687
98187,0.36819013068814416
98188,0.5964130611839792
98189,0.5605736399735358
98190,0.4091887719736916
98191,0.3700836267800112
98192,0.4918761597992069
98193,0.439513337180388
98194,0.46700405269319223
98195,0.3067523543612358
98196,0.4991146541247288
98197,0.4725674445580898
98198,0.3715985623262472
98199,0.5252575976306574
98200,0.4056640416829813
98201,0.5633665537912551
98202,0.2912800900101333
98203,0.3033100102097781
98204,0.3531924720466509
98205,0.49302290216261646
98206,0.48217480852972366
98207,0.3919996064710939
98208,0.49092064435448823
98209,0.47433107854985557
98210,0.4930934483885043
98211,0.5402335091440073
98212,0.4642944299405417
98213,0.2604153836915048
98214,0.36249756599201705
98215,0.36098689463360906
98216,0.5527775503661853
98217,0.352588078760368
98218,0.45975603173676116
98219,0.5332088379123333
98220,0.4272230148510607
98221,0.28745561429079347
98222,0.40129545042290987
98223,0.3378046908759944
98224,0.46201350140670705
98225,0.28319690664957914
98226,0.3527255204512245
98227,0.5117154442677259
98228,0.5413492513497811
98229,0.5531473344756214
98230,0.5959127992069247
98231,0.5289043908599974
98232,0.5643063706439637
98233,0.4776436857322703
98234,0.23360827375833448
98235,0.29475728294395076
98236,0.28318167720769094
98237,0.3153426856093525
98238,0.3708198421881641
98239,0.6637130836849158
98240,0.36514909249189914
98241,0.5616977871873248
98242,0.3644740797822671
98243,0.30408821157508215
98244,0.3935240441753969
98245,0.3239324975384499
98246,0.30534019862714046
98247,0.5549908867328357
98248,0.3589903940975193
98249,0.5161619834273741
98250,0.5733506115578746
98251,0.5446246782235193
98252,0.3820737686786696
98253,0.27971275111194716
98254,0.46401564648047877
98255,0.5938714719162398
98256,0.36782500998408774
98257,0.4959048849874659
98258,0.4704720604134123
98259,0.6020019740450729
98260,0.3954893734005858
98261,0.4662484982837606
98262,0.48365796581499054
98263,0.3045907291141308
98264,0.5093354362191167
98265,0.33864966739513297
98266,0.46172501089822643
98267,0.5073526859223928
98268,0.32751069740791855
98269,0.4765299423603847
98270,0.5358019625626524
98271,0.3073910796159179
98272,0.5469660978829755
98273,0.33283199946724595
98274,0.28789919810799397
98275,0.4685747915461994
98276,0.49244086512623336
98277,0.48038429119960885
98278,0.47914176663936375
98279,0.306296272325954
98280,0.4769940890006165
98281,0.5279490142810144
98282,0.5577814292016444
98283,0.3066772230577165
98284,0.576126734873702
98285,0.4911048833852117
98286,0.6358051663764653
98287,0.4534020869929515
98288,0.5066830732277637
98289,0.4201842780598144
98290,0.46843450529954195
98291,0.5413721865896824
98292,0.4813724452979323
98293,0.4840034715785714
98294,0.25471840443845767
98295,0.6851669183478262
98296,0.465015983420935
98297,0.47180742376311996
98298,0.3583841862933519
98299,0.48026879456769456
98300,0.47768885170786984
98301,0.39938280986019503
98302,0.33746765022941444
98303,0.5721429249006084
98304,0.3064729147531085
98305,0.4611619560864677
98306,0.3985573868229365
98307,0.3244077893525745
98308,0.5488333749539054
98309,0.3501625828079318
98310,0.6405600863788179
98311,0.6335830435382919
98312,0.47176681624437145
98313,0.5064242129753251
98314,0.3894183461257377
98315,0.32102586165964675
98316,0.5442481383522031
98317,0.30534870547283394
98318,0.4739865335407598
98319,0.2978640114351453
98320,0.4991022753666686
98321,0.3465809080791285
98322,0.3539202038497893
98323,0.5354572961486821
98324,0.47725608886096943
98325,0.4096615890537902
98326,0.465923298347336
98327,0.4879143835271597
98328,0.5432885612475985
98329,0.4762207519375756
98330,0.43534028086244086
98331,0.4917196403963205
98332,0.4793878310287598
98333,0.6768670046285805
98334,0.33589912214754747
98335,0.5149612957021515
98336,0.5224379297930152
98337,0.48160117827141413
98338,0.35791498305858654
98339,0.5912576062484358
98340,0.6110414063084947
98341,0.3948174542277752
98342,0.48475856157227126
98343,0.4994072766478242
98344,0.36236052534386226
98345,0.5216767841621437
98346,0.48204973814674035
98347,0.6212042549174398
98348,0.459420167988398
98349,0.5431303961394498
98350,0.6037531920382281
98351,0.36240598801712093
98352,0.5933920703168841
98353,0.5501486237922624
98354,0.3859083725273858
98355,0.5716068602275898
98356,0.5109610332694566
98357,0.46976751013432905
98358,0.43066757692818025
98359,0.3641537744506309
98360,0.5564925473279327
98361,0.3358400184657707
98362,0.5394011983328217
98363,0.4772663576330675
98364,0.4758315665481304
98365,0.47841135198245355
98366,0.35982664566537087
98367,0.5560862417631103
98368,0.5478970395369318
98369,0.46115903271751096
98370,0.2668948315002656
98371,0.3963941746429462
98372,0.47115909930369276
98373,0.24524729287705027
98374,0.6215435570372339
98375,0.6097367971322661
98376,0.3218502816496536
98377,0.49154584645600224
98378,0.4776899257524105
98379,0.3053906127535013
98380,0.4658366992603588
98381,0.5767057099447955
98382,0.2662205174782451
98383,0.5127877901222485
98384,0.37357684799007296
98385,0.47685854771013847
98386,0.4984080767531088
98387,0.45880955045804306
98388,0.5590165907006934
98389,0.47200565529191285
98390,0.49650967011228053
98391,0.4778101746782577
98392,0.6511939630345417
98393,0.4745855822171844
98394,0.4359640819179661
98395,0.4815686875919905
98396,0.37162928252794203
98397,0.4670865394338672
98398,0.30139121557826737
98399,0.28966296168381417
98400,0.411258878371779
98401,0.5359697791497162
98402,0.3631754683203892
98403,0.463327346647451
98404,0.3858870507859123
98405,0.566822072032585
98406,0.4722328793872967
98407,0.46297893707646176
98408,0.3123990298495052
98409,0.4699676952120489
98410,0.3459625985161159
98411,0.2954730281678117
98412,0.5773337734444332
98413,0.295672416324341
98414,0.5383198452247526
98415,0.48326818503153723
98416,0.5643159287398899
98417,0.5590565685949314
98418,0.539520370345186
98419,0.6455444049288662
98420,0.5348616729430257
98421,0.5533664825628412
98422,0.5345382934908649
98423,0.30468147091644776
98424,0.310862671055682
98425,0.5720565951457548
98426,0.3433343292298454
98427,0.5561912652796692
98428,0.5481229557365219
98429,0.47732310270320155
98430,0.37632847806495606
98431,0.4779722803824992
98432,0.368458943758358
98433,0.39538564330633047
98434,0.3418812919817493
98435,0.50500390917023
98436,0.344532271942854
98437,0.52401898049362
98438,0.4781409054554648
98439,0.3121883269771774
98440,0.6877296186139655
98441,0.3488493660935064
98442,0.45331723939385593
98443,0.6373660635792661
98444,0.34870398786461393
98445,0.4981682895871254
98446,0.48329355749746133
98447,0.38095319255085014
98448,0.34138215949469636
98449,0.6129595315737854
98450,0.4843260324174667
98451,0.48572639314519944
98452,0.6016561121888153
98453,0.37625234724159173
98454,0.2687440329643726
98455,0.5021966482294865
98456,0.4305855792148978
98457,0.47197158365115177
98458,0.4877595047982752
98459,0.32069883399967636
98460,0.2776533523854447
98461,0.4796740695495935
98462,0.49456855625505913
98463,0.3719838869005426
98464,0.46594127106517147
98465,0.5053227778851673
98466,0.3467613987299642
98467,0.46550681516708914
98468,0.6364736651670648
98469,0.4756255643240125
98470,0.46944597603950405
98471,0.4763850464077251
98472,0.39811040596752983
98473,0.47557373917611423
98474,0.5170840408201343
98475,0.2920848865593819
98476,0.36609946005580835
98477,0.44039154291910054
98478,0.427676705689852
98479,0.34968614376468204
98480,0.3645191505444814
98481,0.4715377405102424
98482,0.46624350594933517
98483,0.5308202849837558
98484,0.4772591967112129
98485,0.5526132180532861
98486,0.3637558092448415
98487,0.47339572004689423
98488,0.2835447599533928
98489,0.36524740332000555
98490,0.4786629774594687
98491,0.5027989992901913
98492,0.47878017708172926
98493,0.6192505372616385
98494,0.45085794805175766
98495,0.369535096541557
98496,0.44790746597833925
98497,0.47448816291544244
98498,0.4835812232059824
98499,0.5008488696445819
98500,0.49469689606455697
98501,0.48030879455608766
98502,0.46412449208132556
98503,0.5494409523830338
98504,0.559608148920698
98505,0.3689225849033358
98506,0.4575120796170638
98507,0.4833056251290918
98508,0.4983666738483581
98509,0.5245443253460752
98510,0.5556457047736958
98511,0.36447993776422527
98512,0.4925201061031381
98513,0.5474428215617306
98514,0.46083924885654537
98515,0.6178695722941073
98516,0.3299018451156399
98517,0.33412224248999534
98518,0.4083260725232006
98519,0.46684703688365115
98520,0.36773312094576743
98521,0.6354213500866305
98522,0.30268027080245785
98523,0.49094052416181516
98524,0.3416477795376869
98525,0.6602842699679017
98526,0.2810292350131931
98527,0.40561730046677974
98528,0.48891270579733426
98529,0.550442772856854
98530,0.39663695589336384
98531,0.550482922240652
98532,0.4953962618125214
98533,0.34936100707573314
98534,0.42752065489281227
98535,0.32335380606365005
98536,0.5331041555599122
98537,0.270062333430423
98538,0.5513270279198021
98539,0.5107288063197426
98540,0.479208474514201
98541,0.4608039750276048
98542,0.4765346438871817
98543,0.4581267892016084
98544,0.5440189529353604
98545,0.5424704040417266
98546,0.5451101431490801
98547,0.5972801098570644
98548,0.4744912243876819
98549,0.447383716669712
98550,0.39798551607588323
98551,0.4842149765357483
98552,0.4785642987311613
98553,0.5700202485260689
98554,0.36182266092390203
98555,0.4720415519893417
98556,0.5470035700804553
98557,0.4746021454501125
98558,0.5504394200527924
98559,0.5528946379699126
98560,0.30737338614370985
98561,0.382005400524859
98562,0.5918417867018074
98563,0.2852188151429917
98564,0.6151585230549573
98565,0.5152448888031638
98566,0.2946243815896488
98567,0.5260281684885746
98568,0.3023327986238397
98569,0.47339464635180095
98570,0.5709032066666602
98571,0.3105925466388069
98572,0.4841484912592756
98573,0.3524423752472802
98574,0.4235550865988154
98575,0.4023743030909436
98576,0.2800011915260607
98577,0.2939870757656864
98578,0.309042069672506
98579,0.2850912549402237
98580,0.46545363380631466
98581,0.5939356991080811
98582,0.2975297591037329
98583,0.30475656234587595
98584,0.5139909701946269
98585,0.6074234957760268
98586,0.5075888952976199
98587,0.3628303262609647
98588,0.4143846227863385
98589,0.3328474528069568
98590,0.39921340852447523
98591,0.4497459354358558
98592,0.6039979186655421
98593,0.5308425268746672
98594,0.42979821418317626
98595,0.2745563964168752
98596,0.35564902411543475
98597,0.37046400153595394
98598,0.4284602955540984
98599,0.5451184428823813
98600,0.4943566375480895
98601,0.5068591193937461
98602,0.5843554501027772
98603,0.2957706289880908
98604,0.4628714768597679
98605,0.36411989381193927
98606,0.5381968555901893
98607,0.3448541587513046
98608,0.3149426582575333
98609,0.5668036051668264
98610,0.4952755964661821
98611,0.4495544718814816
98612,0.49009658440354426
98613,0.41093913266342136
98614,0.38562530558494484
98615,0.5149035552909652
98616,0.3546071210157939
98617,0.4806484158451091
98618,0.2948356033906164
98619,0.35569365863577035
98620,0.5154721090952266
98621,0.4724267133753985
98622,0.5953862890980981
98623,0.4967704029898155
98624,0.4899884716921793
98625,0.38432643627898205
98626,0.29888217928052946
98627,0.2211213389013271
98628,0.54470497878601
98629,0.4148270152335798
98630,0.4632289217924951
98631,0.32076219515851256
98632,0.5375607068977725
98633,0.4694864477572166
98634,0.45279978432685736
98635,0.31035766066095627
98636,0.568611776383739
98637,0.3626467314408597
98638,0.5049274008300177
98639,0.5139027237035039
98640,0.34610911439830966
98641,0.4650211670972379
98642,0.5344697440851479
98643,0.6754607573734552
98644,0.3692181343364264
98645,0.4931525774490225
98646,0.6032025384421504
98647,0.48589123433609305
98648,0.29660754895064406
98649,0.28359661707677963
98650,0.4913542269757339
98651,0.542599997798082
98652,0.40971736155469984
98653,0.36190274419162793
98654,0.5243112642323774
98655,0.4270535614624634
98656,0.3215301780853739
98657,0.4050234157159793
98658,0.359120605894852
98659,0.24710004810684078
98660,0.5009481249646488
98661,0.3499950823005315
98662,0.330648634030792
98663,0.3487237951162402
98664,0.4720492577331405
98665,0.5754601933566889
98666,0.4796411698327094
98667,0.6551765487146509
98668,0.5576768925968568
98669,0.5173669479194255
98670,0.5340683654334198
98671,0.4812990295059203
98672,0.5657004806014755
98673,0.5459197911355657
98674,0.46894694347214483
98675,0.20400100903042162
98676,0.4234174991054296
98677,0.6011032864350687
98678,0.4684936344389526
98679,0.35113239615951325
98680,0.3671727223840022
98681,0.5662218037839831
98682,0.36581364023891616
98683,0.5275847164372213
98684,0.6155259475276701
98685,0.43576784229621557
98686,0.30339696396097554
98687,0.5049935276578138
98688,0.579816968687796
98689,0.567400758477685
98690,0.3300440097532372
98691,0.3287032623464701
98692,0.4747166423027981
98693,0.5531533742040067
98694,0.5357323872888868
98695,0.2831999943767549
98696,0.28419944253898055
98697,0.3653059333475265
98698,0.33178005204617367
98699,0.29655598165153835
98700,0.614200467316147
98701,0.5645592474481174
98702,0.5455908700022768
98703,0.44387298766297467
98704,0.4673511351082903
98705,0.3471959609942425
98706,0.46126091040079353
98707,0.5442638265477412
98708,0.26809504080972446
98709,0.5770538608409937
98710,0.29195585831494375
98711,0.39705771984012833
98712,0.3659120195178706
98713,0.3253180418808619
98714,0.5680105912275643
98715,0.6121800428075567
98716,0.46605083913097795
98717,0.506468118114307
98718,0.4798722681001279
98719,0.3623902103356283
98720,0.46581088076742544
98721,0.5652602752317194
98722,0.5200133666236918
98723,0.2932771777512906
98724,0.33840260170780767
98725,0.3318078370494052
98726,0.5574014488737568
98727,0.5584855274692428
98728,0.6072386811654511
98729,0.34278697996313123
98730,0.47751329734259773
98731,0.29698752790642735
98732,0.5122237812437848
98733,0.33783074508869027
98734,0.5115380238646687
98735,0.29981043094755816
98736,0.3099930999213291
98737,0.4790405291185397
98738,0.43413014765589486
98739,0.4736267219314772
98740,0.4700142418859677
98741,0.3556843413402018
98742,0.5374718243138588
98743,0.5495931011319546
98744,0.3682389008909129
98745,0.47540321189252754
98746,0.2807463404737628
98747,0.48132292646532593
98748,0.47170706289072567
98749,0.3018252338909691
98750,0.5100847965153925
98751,0.32693749497718505
98752,0.47146277169432593
98753,0.39705810854832846
98754,0.5206826538442876
98755,0.44660799687850583
98756,0.5069424078145507
98757,0.5563817540855741
98758,0.44418009238915457
98759,0.5261153177665577
98760,0.6061900337899331
98761,0.4946840435981863
98762,0.34425905541882285
98763,0.5870198299938081
98764,0.4721162798565465
98765,0.5324934642604546
98766,0.6392227669958892
98767,0.3311496820521652
98768,0.4679931297447656
98769,0.3040841470325938
98770,0.3542394537626204
98771,0.36453429809137355
98772,0.37014381993053697
98773,0.48754523503659886
98774,0.36292992198456664
98775,0.3328703401190921
98776,0.4661562517919629
98777,0.29849021640012086
98778,0.269202112963298
98779,0.4941466610382763
98780,0.3099363407011664
98781,0.28450088630390263
98782,0.33894161994710875
98783,0.28139326117010116
98784,0.5317494334556545
98785,0.433387873011837
98786,0.3558329080150956
98787,0.4914062005049462
98788,0.4777194316609992
98789,0.5314539702554305
98790,0.5292702809138597
98791,0.4747860436327256
98792,0.6004913073318127
98793,0.45151224274314083
98794,0.358376502751973
98795,0.4718506884207226
98796,0.4938547231597527
98797,0.6661052725134982
98798,0.35658251434365784
98799,0.5523966431048564
98800,0.35286451749526265
98801,0.6121748537538936
98802,0.48720177945170573
98803,0.30756572393270065
98804,0.4149264050667757
98805,0.5259379238511632
98806,0.28660900885046686
98807,0.359247168132607
98808,0.48972526189971793
98809,0.5540560889400811
98810,0.2913654222315708
98811,0.5527936184046983
98812,0.47797644446663673
98813,0.3495111535722429
98814,0.5179332509384095
98815,0.33027043109544857
98816,0.5574076384858767
98817,0.6499519305930603
98818,0.4636060406403863
98819,0.6082915313343928
98820,0.5224969583989731
98821,0.537690202949236
98822,0.554458102438561
98823,0.5451386148884708
98824,0.5391356838038861
98825,0.5392072669123933
98826,0.49158504282849214
98827,0.5135785676332787
98828,0.33217736826481176
98829,0.4542315592586944
98830,0.486350323863452
98831,0.30334363963412503
98832,0.5938722680971472
98833,0.5390790302476178
98834,0.36076061068926163
98835,0.59377206214855
98836,0.34660921854045984
98837,0.4201308929162272
98838,0.2999235584121888
98839,0.5262991619858798
98840,0.4504666009817192
98841,0.47459744031618956
98842,0.4953789853023996
98843,0.43877008144254065
98844,0.4911695968880594
98845,0.3854334382840609
98846,0.4647491332076781
98847,0.4651636315604959
98848,0.318194708408707
98849,0.49431974940218837
98850,0.5316405670020737
98851,0.4690292177484639
98852,0.49634761469707
98853,0.29073258994361867
98854,0.43081731914059646
98855,0.5376401674381356
98856,0.28777003096394843
98857,0.5117565024869429
98858,0.5563048491539223
98859,0.27262277793471956
98860,0.5344041600133357
98861,0.3075317772287718
98862,0.5002105067449227
98863,0.44119817677484985
98864,0.4263947556716669
98865,0.5822875359285123
98866,0.4745260828473602
98867,0.49977612249266967
98868,0.4955323744663388
98869,0.3599234275232056
98870,0.47465054621856395
98871,0.35363635007992295
98872,0.40402320106011175
98873,0.4708433656654536
98874,0.26709369028327373
98875,0.39634922227130476
98876,0.40960755555350886
98877,0.5062073589742252
98878,0.4837113735193654
98879,0.5457280023666554
98880,0.4742254089858473
98881,0.4835975302857055
98882,0.2955914908140523
98883,0.358140658089291
98884,0.30652788238278084
98885,0.5779615040424437
98886,0.4804237321241111
98887,0.48612228137906344
98888,0.39269851282835994
98889,0.5330895919452479
98890,0.4690213912060055
98891,0.484789885513312
98892,0.4827951715322295
98893,0.6273438178718632
98894,0.3399242237481448
98895,0.4924531337815018
98896,0.336903609968684
98897,0.2814616336045714
98898,0.318075685382575
98899,0.361651703170123
98900,0.4871277802492038
98901,0.49418489766961116
98902,0.4833791532906426
98903,0.6234000217131965
98904,0.5733597575096802
98905,0.39496340778424033
98906,0.353499225874786
98907,0.30317288638608286
98908,0.6057459234309313
98909,0.36270421511315404
98910,0.2950130514978865
98911,0.3560225298086685
98912,0.30634511252430985
98913,0.31464858322266054
98914,0.28536285315137006
98915,0.4971077530512609
98916,0.5223744714534332
98917,0.39483445151068725
98918,0.458537365509429
98919,0.6085434132193515
98920,0.36095119663064723
98921,0.4712807418142686
98922,0.31188023981759666
98923,0.3506853807024379
98924,0.3519730035283266
98925,0.4916945697863018
98926,0.4868634462235162
98927,0.5311900644306418
98928,0.3529476024476491
98929,0.4729121386254827
98930,0.2631319339425734
98931,0.504976572791623
98932,0.3595570419300483
98933,0.3640342653673517
98934,0.44837438967125215
98935,0.4698333194324961
98936,0.5715811219833542
98937,0.5595528596737862
98938,0.6101862855336575
98939,0.5862322752222655
98940,0.5591453479549194
98941,0.5386599936098454
98942,0.4517346549995972
98943,0.5377262577661716
98944,0.34958300003435616
98945,0.3702843664405975
98946,0.6005357016274696
98947,0.2883446809536999
98948,0.4767255412312673
98949,0.5109987647236393
98950,0.595965062720531
98951,0.4094578642119244
98952,0.49506128230653706
98953,0.45668646756128656
98954,0.6211479772325063
98955,0.5013778961427762
98956,0.5909894927993131
98957,0.5092303046788309
98958,0.3234028446686904
98959,0.47865446299801656
98960,0.5306852923747596
98961,0.3011034501440167
98962,0.4276778695198535
98963,0.5332765812715092
98964,0.5749400239306877
98965,0.5712480211219897
98966,0.6237203624561359
98967,0.35841154774662876
98968,0.6482871866629629
98969,0.28259803884961426
98970,0.6044374397770877
98971,0.532372990238615
98972,0.4812171684579122
98973,0.3554536053694182
98974,0.689756014990055
98975,0.5642217586210058
98976,0.4068416697064047
98977,0.5965388831479718
98978,0.49939992335221567
98979,0.4992892080584918
98980,0.4651160638119604
98981,0.3711461433796755
98982,0.4480835159816882
98983,0.3000578078937505
98984,0.3110197154431243
98985,0.3401219045667248
98986,0.5464512037319984
98987,0.304682129798988
98988,0.4843359030282474
98989,0.47513658720509955
98990,0.37221867769019007
98991,0.5566942541916895
98992,0.4282094929799645
98993,0.5587865716963498
98994,0.5251921559340115
98995,0.5489847958790043
98996,0.286669984828839
98997,0.35799408328662563
98998,0.49837651332650823
98999,0.3197386192009586
99000,0.47982048355293594
99001,0.4763889042049617
99002,0.3611053362495724
99003,0.3732208987024263
99004,0.532625530309195
99005,0.5785398438613231
99006,0.35206396623172703
99007,0.5787138200065909
99008,0.47923443089525625
99009,0.30599108086149646
99010,0.5041716776815247
99011,0.35626936730711445
99012,0.47174799940127476
99013,0.5068265227379871
99014,0.3002865655038107
99015,0.4430905194336477
99016,0.45550444876979657
99017,0.3624972324498171
99018,0.46659362792594117
99019,0.5708198824599914
99020,0.5798286573717056
99021,0.5138902486124698
99022,0.35659024787436705
99023,0.4210677936187206
99024,0.2815914460130013
99025,0.49296531171838237
99026,0.449226187814472
99027,0.5851545374546979
99028,0.27581540677515576
99029,0.36822797056503165
99030,0.2729323538204251
99031,0.5706163832544054
99032,0.5516117521564169
99033,0.524469601505878
99034,0.3209649537036432
99035,0.5942484322859338
99036,0.3512174781841228
99037,0.4987119609595618
99038,0.48762215572706596
99039,0.38807392764310794
99040,0.4974208334116104
99041,0.567255300390562
99042,0.5478423952175088
99043,0.31838290668068575
99044,0.5606198565589345
99045,0.3874144071729822
99046,0.3302245322382908
99047,0.5580543840876552
99048,0.5045256541855885
99049,0.5058984000317254
99050,0.5594268947072263
99051,0.49294241619232115
99052,0.47346668897755423
99053,0.5245686341173301
99054,0.4846324366865849
99055,0.5253720985714657
99056,0.5265834105625868
99057,0.392226539787083
99058,0.2931780506108618
99059,0.5189226120456524
99060,0.48233432047043956
99061,0.521001315015071
99062,0.38601739264138385
99063,0.4821295208578087
99064,0.4710816762057704
99065,0.4639433723609405
99066,0.5589799986446359
99067,0.4787125677597133
99068,0.479931213951202
99069,0.2913030055513804
99070,0.5359253658734989
99071,0.5450168109235797
99072,0.2994970485371419
99073,0.5246712463661577
99074,0.2994133385176325
99075,0.40517649042256404
99076,0.4943743483711047
99077,0.47260125703438505
99078,0.6083183649165925
99079,0.29514533588005976
99080,0.3342035386184882
99081,0.3548971887035833
99082,0.5960389205834675
99083,0.34352720524027014
99084,0.31182668292825766
99085,0.44693349679530053
99086,0.602941807510448
99087,0.44756822829908466
99088,0.5029540403530697
99089,0.6074236240229985
99090,0.5728200187859117
99091,0.3042605120549892
99092,0.4096772356377294
99093,0.3846962760189006
99094,0.3082266459091483
99095,0.5676212511757532
99096,0.6551097274038457
99097,0.47884545076031226
99098,0.47699934726657395
99099,0.39449041654853184
99100,0.31958235592191964
99101,0.49094202620054966
99102,0.48115806999569327
99103,0.488836073094268
99104,0.4624785610222136
99105,0.35746162807174214
99106,0.5784090834645731
99107,0.5658587414679863
99108,0.5218138629271984
99109,0.49890949878431234
99110,0.4822345450259516
99111,0.5374907301075478
99112,0.528642187263437
99113,0.48244021897423683
99114,0.5898066548419897
99115,0.5324673198820714
99116,0.30686826552343854
99117,0.5757360127670679
99118,0.40672219606789756
99119,0.5875566296706269
99120,0.3628729956480759
99121,0.6156066474458378
99122,0.4840879328418206
99123,0.3500629311391322
99124,0.4922013998292953
99125,0.5459648873062912
99126,0.5668095891458365
99127,0.591028550700605
99128,0.3166899637521363
99129,0.47031577441820205
99130,0.5808045897318639
99131,0.47610904245424307
99132,0.5149271011257454
99133,0.5334988164367487
99134,0.45234313318374514
99135,0.5508787623437336
99136,0.29789646031902717
99137,0.3017117073968602
99138,0.4825555991621328
99139,0.6203044220851592
99140,0.5500776495901857
99141,0.37365250349156787
99142,0.30841094468181446
99143,0.5535995135093941
99144,0.30050538125013737
99145,0.5782149143421047
99146,0.5553943936524517
99147,0.6077513205995903
99148,0.4710931618780836
99149,0.45944298512118487
99150,0.5468298913433207
99151,0.43807017900930073
99152,0.4317205144937358
99153,0.4248703558605805
99154,0.4259634280743789
99155,0.48358247150090267
99156,0.5589771669073289
99157,0.548717093677885
99158,0.31864848164075427
99159,0.49093341463854506
99160,0.4766606149405885
99161,0.298667612134353
99162,0.28795308622620536
99163,0.5936100392766523
99164,0.3197643129775865
99165,0.3625296527304444
99166,0.4733408188141223
99167,0.6257724857355851
99168,0.5200888649293517
99169,0.615665153536063
99170,0.5425368300026792
99171,0.30600599532866885
99172,0.4528715123339628
99173,0.4516492042221465
99174,0.5801025320308334
99175,0.5379227175612449
99176,0.46710050170244644
99177,0.47171250089714467
99178,0.4917833154516594
99179,0.480943362857064
99180,0.36116909662741575
99181,0.3886160861692636
99182,0.6041363877924852
99183,0.619342334435254
99184,0.5024219198387061
99185,0.5422564222390308
99186,0.4255941571580738
99187,0.4879819304187704
99188,0.5855020320829559
99189,0.4217910408638972
99190,0.5868793006328636
99191,0.49691342286543266
99192,0.2777430392018476
99193,0.3376733022284334
99194,0.5833476609783604
99195,0.34257311301674886
99196,0.5824933532216799
99197,0.4121731036556038
99198,0.5069065830049216
99199,0.49365219567001056
99200,0.4786453867600671
99201,0.6392557558956178
99202,0.5615292725898852
99203,0.3252821191039703
99204,0.4656808883653475
99205,0.3260112602944224
99206,0.3755540167847083
99207,0.5168675416300393
99208,0.47256110468160156
99209,0.35654937109353235
99210,0.3301790395248066
99211,0.588811299533232
99212,0.6080508864107514
99213,0.3584237944702688
99214,0.48329388923177696
99215,0.2731378140506417
99216,0.3883927609658315
99217,0.5576742722058134
99218,0.6135252509340121
99219,0.4804450693600532
99220,0.5386271067552044
99221,0.45189977393903724
99222,0.44335254623731446
99223,0.5876839535817556
99224,0.47327900669556744
99225,0.5494334988090167
99226,0.5096983971407572
99227,0.4695839500977872
99228,0.3094239945867409
99229,0.489010955228837
99230,0.4874836010369095
99231,0.3659542837323648
99232,0.3283143235632262
99233,0.3574410382072602
99234,0.35708535813109793
99235,0.5030382978740585
99236,0.3057987967887105
99237,0.36781384707302295
99238,0.5544264470277442
99239,0.35641261537182395
99240,0.53844956268279
99241,0.6077705337456283
99242,0.49460538406072857
99243,0.30098330154244113
99244,0.3394959256570243
99245,0.5021253130452562
99246,0.5855120506699903
99247,0.5246215177607916
99248,0.49261608405711527
99249,0.29422931054465434
99250,0.4492782194040558
99251,0.28729215000061564
99252,0.4480879526308069
99253,0.5834520451227848
99254,0.4756852043220423
99255,0.4858965380814693
99256,0.47271535709304496
99257,0.5328418476672812
99258,0.4985595662326693
99259,0.4874189123616219
99260,0.3646159645510201
99261,0.550075458645931
99262,0.5468741827825853
99263,0.5001304232652477
99264,0.5492725653093012
99265,0.6136668337800535
99266,0.4995346510525983
99267,0.3641415642095242
99268,0.3103664355341556
99269,0.5850184147563824
99270,0.47670667439107994
99271,0.4786326515812106
99272,0.555119167878552
99273,0.37703007739438726
99274,0.6033754881716091
99275,0.2946928805427303
99276,0.5123556256826428
99277,0.35000351521750883
99278,0.27061352583474063
99279,0.46565382109986375
99280,0.5347541008789038
99281,0.4169911858584472
99282,0.4643273900425395
99283,0.3353660233339612
99284,0.5499642856902274
99285,0.5854458253673483
99286,0.57864438183991
99287,0.4301906032934944
99288,0.48367502463675127
99289,0.37538769217286766
99290,0.4805598615033639
99291,0.47462886826392353
99292,0.31882098110338153
99293,0.5197288680820104
99294,0.5366809314457467
99295,0.46542842525517975
99296,0.35997811185106826
99297,0.5811244947512564
99298,0.5990816366681166
99299,0.5481388056369342
99300,0.4626191512818059
99301,0.4400945225861986
99302,0.5319127035571773
99303,0.26845574793171795
99304,0.519600880988319
99305,0.29431966360745154
99306,0.5950209302773969
99307,0.3435382793800115
99308,0.46411829125381865
99309,0.3262237854405734
99310,0.47049788237466744
99311,0.2868567137347778
99312,0.5529221718621703
99313,0.4760842896983499
99314,0.32514323799689315
99315,0.5384427181244508
99316,0.48030691715999163
99317,0.35560740654132467
99318,0.4715116805031749
99319,0.60798477283662
99320,0.5884579790621435
99321,0.3087934210134316
99322,0.34093544881756466
99323,0.4722061135572072
99324,0.28680457065079246
99325,0.4770232320748242
99326,0.3050573722361134
99327,0.48260573366625137
99328,0.31181237730566236
99329,0.4813495877562901
99330,0.40264464856353155
99331,0.47267298563274274
99332,0.5617365900600574
99333,0.5651476598908777
99334,0.35902646212091655
99335,0.34747306028339764
99336,0.41287266663645306
99337,0.5277173576402797
99338,0.47920148194574935
99339,0.5631806209953483
99340,0.5295364483867728
99341,0.46408236602344144
99342,0.33678048305705977
99343,0.45155671760853416
99344,0.37014532726771404
99345,0.47465408762340316
99346,0.4634955821927733
99347,0.4888655243724887
99348,0.30296576630887023
99349,0.5786073142174204
99350,0.47515304175822504
99351,0.3107930559366129
99352,0.6107579272971538
99353,0.2963757956900779
99354,0.48986360567969744
99355,0.4127273504518761
99356,0.47374137574658937
99357,0.2955604665696306
99358,0.47692136182850603
99359,0.48070879691349194
99360,0.3069791605076081
99361,0.46357452033974506
99362,0.587573274079955
99363,0.2687242689954174
99364,0.4825970350612042
99365,0.46653189808454115
99366,0.48339325572874564
99367,0.3379722012020795
99368,0.506491469936089
99369,0.5585459226877276
99370,0.29942232581615547
99371,0.5574022818852779
99372,0.29108049865399005
99373,0.28013192813880256
99374,0.28811057881125685
99375,0.35136991583282523
99376,0.40987861792122937
99377,0.5559147358124743
99378,0.5217396527609852
99379,0.5963118072110141
99380,0.49811502582016975
99381,0.5707986608243507
99382,0.5216406230191247
99383,0.5723897317391438
99384,0.46593789379725786
99385,0.47929674455640536
99386,0.44438354235640976
99387,0.3993116154617572
99388,0.41091350883498784
99389,0.48759247346960527
99390,0.3060998514541895
99391,0.3450894101113918
99392,0.5274261348291222
99393,0.44225972589231904
99394,0.3382463369720713
99395,0.49619293482956167
99396,0.4874656706824122
99397,0.6264194563358914
99398,0.5208634677553861
99399,0.49089403232703455
99400,0.4750225119150573
99401,0.5496991241483341
99402,0.29983033945215737
99403,0.34774989486043245
99404,0.3090615948170067
99405,0.2975439862789657
99406,0.5977090251390916
99407,0.5520467631489071
99408,0.3013494951639656
99409,0.2946955502116606
99410,0.3849352232421656
99411,0.581300926751712
99412,0.4779688072699816
99413,0.4624429323901211
99414,0.3569700123930305
99415,0.5807474607842644
99416,0.3356537391606713
99417,0.7441345486413758
99418,0.4808120703576464
99419,0.3133747359724021
99420,0.5879843898097183
99421,0.6167196110113957
99422,0.4898974459410229
99423,0.29927436086469855
99424,0.37425515375750623
99425,0.5274814609107302
99426,0.6270443295621277
99427,0.4987739161759742
99428,0.48004078224720725
99429,0.2974219258614098
99430,0.3547156903617486
99431,0.542615968345452
99432,0.47510654486524134
99433,0.6009996263188939
99434,0.41676423891227926
99435,0.3563465104713693
99436,0.34581260195390845
99437,0.6056853754326104
99438,0.5608868005568746
99439,0.35909451089700256
99440,0.4897265926649189
99441,0.3928816885429215
99442,0.5767207139191468
99443,0.34077033343335944
99444,0.2688195454307755
99445,0.4634706586559168
99446,0.5186254929189626
99447,0.5484865829919175
99448,0.5543661494662088
99449,0.4737874100225261
99450,0.3731175482517687
99451,0.5138410898663722
99452,0.5918857866121199
99453,0.37303931557739267
99454,0.3423990853416322
99455,0.5660254037865408
99456,0.35636578846584693
99457,0.5444460087432357
99458,0.4883194840133596
99459,0.27304556271907593
99460,0.31240892453151037
99461,0.6111537861616481
99462,0.4563570085326833
99463,0.5375208360112839
99464,0.3556978255682459
99465,0.3988094629657357
99466,0.32022434213787954
99467,0.5344258896201101
99468,0.35627141921768724
99469,0.4809401603070171
99470,0.36098654329782087
99471,0.31817967564275546
99472,0.4351457116999518
99473,0.34329850375986276
99474,0.33014921783578755
99475,0.5132611278887239
99476,0.3609084212765628
99477,0.4915000165348611
99478,0.35545579686105844
99479,0.5368602738803624
99480,0.6054761216489166
99481,0.32788465693048763
99482,0.6092573462530054
99483,0.5929231040251546
99484,0.43880770467372904
99485,0.3328674683192305
99486,0.5632473366310533
99487,0.3160422732311931
99488,0.6011234153336706
99489,0.5428620372562206
99490,0.4209769747923833
99491,0.49450588545163693
99492,0.27806772106169864
99493,0.5551540118849542
99494,0.7083799334300201
99495,0.47427111772423536
99496,0.28202585966858357
99497,0.46652612072241406
99498,0.5052626877522596
99499,0.2834009647912322
99500,0.4734419051697101
99501,0.5394978495851476
99502,0.6134181622460734
99503,0.3231884221381989
99504,0.5608981223527301
99505,0.3647863308641059
99506,0.4713173475687584
99507,0.307665928604727
99508,0.349309644404585
99509,0.44618135908515344
99510,0.4815485093083263
99511,0.3625507587583481
99512,0.343303315858896
99513,0.39995310147966073
99514,0.5379992135126352
99515,0.5872683299847817
99516,0.35275643644944654
99517,0.5298290227603543
99518,0.3969690773347016
99519,0.452765822621644
99520,0.3291438210286982
99521,0.34571920029304243
99522,0.49312496798420363
99523,0.4918815650930714
99524,0.3034584163718428
99525,0.46236257861970564
99526,0.479443391915432
99527,0.4607542385361903
99528,0.533247409789081
99529,0.32460668682547883
99530,0.5310900309909092
99531,0.41014262636854937
99532,0.5884110000647569
99533,0.48252824686004997
99534,0.5715802264566492
99535,0.299442983514542
99536,0.5800732269257025
99537,0.5114070271265515
99538,0.36654311468837153
99539,0.29556652832411634
99540,0.4512172739633341
99541,0.3627469589055396
99542,0.47981505142666814
99543,0.5121850705902565
99544,0.5511498946897699
99545,0.5483614890640583
99546,0.4941395510352429
99547,0.38737276713891106
99548,0.6082753011339158
99549,0.47292077438846475
99550,0.6335395307165689
99551,0.3012200668551025
99552,0.3033271269555853
99553,0.4745907369605366
99554,0.5398444939019206
99555,0.49606993382423586
99556,0.4745008097566887
99557,0.36393201221322663
99558,0.41922815027099924
99559,0.5763579445961562
99560,0.4755538557807775
99561,0.5249171547750433
99562,0.6034402968492713
99563,0.36978307033538993
99564,0.35541048804558645
99565,0.5738493533274927
99566,0.5982773011022631
99567,0.4946705770201371
99568,0.2996526942416952
99569,0.44896278417825036
99570,0.6282988631173886
99571,0.5410105478967022
99572,0.6371353849527618
99573,0.5278133489446258
99574,0.49544308930025627
99575,0.390842720042217
99576,0.4983327777635834
99577,0.6196329574278673
99578,0.3396539372020069
99579,0.5460258521308317
99580,0.6066749703284304
99581,0.47166081871826665
99582,0.28437935016705684
99583,0.5529941951139088
99584,0.5205394607595414
99585,0.4114089691160326
99586,0.522596694588091
99587,0.497854011377462
99588,0.6354136598578582
99589,0.469466107156801
99590,0.4382601725796982
99591,0.3631567674322036
99592,0.3443324772648783
99593,0.3544219606743402
99594,0.4674496111972959
99595,0.46787224248960924
99596,0.3049415267732785
99597,0.28438044623340636
99598,0.5270594909302133
99599,0.5294092163505227
99600,0.2780317067097086
99601,0.36681052374621204
99602,0.5050789392518983
99603,0.5403488408017091
99604,0.5591683399918886
99605,0.560784133214537
99606,0.29971435171548655
99607,0.367078993818321
99608,0.34555030785499147
99609,0.48001996745622133
99610,0.30740412401819706
99611,0.4054932087121069
99612,0.546523417408755
99613,0.3031627189093663
99614,0.43101669442514734
99615,0.31016527423592544
99616,0.26295295631087817
99617,0.5074059442370502
99618,0.48923854906723996
99619,0.4847782171697359
99620,0.42777051188720044
99621,0.4709672112839697
99622,0.453156805420099
99623,0.3600963370431779
99624,0.6882475422083277
99625,0.3221324440472821
99626,0.44762351293291214
99627,0.3105703430960857
99628,0.38617056329988314
99629,0.5033044410286333
99630,0.5029364196125098
99631,0.35047025424247025
99632,0.2975317746200175
99633,0.46614426078528043
99634,0.3071626679368346
99635,0.5564083704411968
99636,0.5845506984455013
99637,0.31234016971711315
99638,0.446617950594021
99639,0.5870909308027732
99640,0.2995725139376929
99641,0.5131101537198334
99642,0.5879478536322117
99643,0.3787757892195406
99644,0.38462309315994014
99645,0.49377074803052906
99646,0.3081936683997645
99647,0.42128345842742215
99648,0.4004832843051956
99649,0.4710039743856917
99650,0.44180784905722637
99651,0.559613108547819
99652,0.30259385882212625
99653,0.598670364978959
99654,0.349564089009019
99655,0.6134014429278872
99656,0.4630865920718003
99657,0.30735697295959463
99658,0.46573204612215324
99659,0.49094153752996583
99660,0.5397312321789439
99661,0.5366897900309445
99662,0.47996529734709437
99663,0.3034214934157594
99664,0.46399294579440137
99665,0.4879016548750511
99666,0.29175190610832596
99667,0.38724215096397735
99668,0.4779883185630467
99669,0.40138806173203323
99670,0.5907189157865479
99671,0.4768789965498875
99672,0.28883852141822036
99673,0.49372494216981466
99674,0.5153435941993628
99675,0.6381210510015003
99676,0.4886896788184621
99677,0.30870346051321407
99678,0.4811511509941248
99679,0.5481853294155589
99680,0.4758696074108145
99681,0.2993306514829834
99682,0.2803880160507189
99683,0.5937941578985595
99684,0.36456521170810996
99685,0.4776514907933712
99686,0.44457923871799754
99687,0.44545116523663447
99688,0.31973721015528767
99689,0.33894938025043464
99690,0.35283011142221227
99691,0.5841602326177179
99692,0.6161068702064258
99693,0.5864019521906145
99694,0.3479396754003148
99695,0.6105014842807236
99696,0.5310573698541956
99697,0.3116714875604852
99698,0.4731175640116815
99699,0.6231080806106393
99700,0.3747771352626878
99701,0.3243209956091427
99702,0.5959142545146443
99703,0.3682814380539385
99704,0.5826216268077385
99705,0.4573332000178596
99706,0.2959448611376905
99707,0.5732764242001777
99708,0.5011871503712299
99709,0.5423444118348529
99710,0.5436430074228149
99711,0.556839305187802
99712,0.47613986286254417
99713,0.5219439794743883
99714,0.2746072885471111
99715,0.5695280130895752
99716,0.34884751336104997
99717,0.4030839923856803
99718,0.4043933158246529
99719,0.4897900100699369
99720,0.3638507106300475
99721,0.5001022720182221
99722,0.3059587309298278
99723,0.5773571131845461
99724,0.5492965334812535
99725,0.4986903113857808
99726,0.39490290692490515
99727,0.4055842169511523
99728,0.3634274393836161
99729,0.39774454034462237
99730,0.5566930952442509
99731,0.2725039913206149
99732,0.3845022529977906
99733,0.5371682461754983
99734,0.30497994585487787
99735,0.3204803450414239
99736,0.5588996458794351
99737,0.46687640178593326
99738,0.48339493473564143
99739,0.6381706246732489
99740,0.4508113265486816
99741,0.35900777853388505
99742,0.35876622583467205
99743,0.37967140181758713
99744,0.49007861417716536
99745,0.3625875387578953
99746,0.2988293656205934
99747,0.46827078119711363
99748,0.4724254059276119
99749,0.372008408246984
99750,0.4642444294211645
99751,0.5728516466929238
99752,0.4429958734150217
99753,0.3688604916839133
99754,0.3542634719355383
99755,0.4341452111205069
99756,0.5394204221391882
99757,0.5556830389225407
99758,0.4825998286430118
99759,0.4775742503013426
99760,0.29850662406646833
99761,0.29820121976299807
99762,0.4547450229700941
99763,0.5869846666670973
99764,0.4855841557816923
99765,0.29132301428339397
99766,0.6287592291902802
99767,0.47789535089861795
99768,0.45680063031629664
99769,0.36272963350855963
99770,0.4888368014729364
99771,0.3598865990349779
99772,0.2994423435712971
99773,0.6210523886640827
99774,0.5459504894696107
99775,0.5392768738842032
99776,0.5209561839197764
99777,0.45573688441115623
99778,0.49510359190039366
99779,0.37805944765996524
99780,0.49389570906307684
99781,0.5986725875402223
99782,0.47398221229571313
99783,0.37884560452564214
99784,0.3199684942413877
99785,0.5645951844257416
99786,0.38183592055420296
99787,0.296685531933562
99788,0.3558579716730694
99789,0.3143494212819624
99790,0.30203324574392726
99791,0.6853009582994498
99792,0.5531489916472024
99793,0.47779641357268987
99794,0.44831021487883854
99795,0.41503863694212206
99796,0.3219156331836064
99797,0.5535350126562255
99798,0.5239270000319047
99799,0.47287909901072495
99800,0.4746256972445318
99801,0.29400681624255265
99802,0.3718956466427078
99803,0.46546464274222116
99804,0.4683556925015918
99805,0.5485965306162133
99806,0.47393133110046776
99807,0.3455886011201833
99808,0.3586944809519758
99809,0.3283561859583803
99810,0.30167423371609353
99811,0.5041121547297918
99812,0.35626936730711445
99813,0.45423149880971747
99814,0.5611422818835144
99815,0.5614042473238187
99816,0.5503608069370823
99817,0.3080153221807748
99818,0.6868036524447636
99819,0.6204882546617335
99820,0.47107870534812224
99821,0.3685804950238364
99822,0.6313033835556754
99823,0.5706761810286444
99824,0.48409660723073533
99825,0.41413154891750464
99826,0.4352838540818698
99827,0.5812438973447268
99828,0.3041437851322241
99829,0.35113808848465733
99830,0.29917374057333257
99831,0.5442113802344443
99832,0.3726274134937862
99833,0.5028822496401716
99834,0.29653509342367634
99835,0.46496718609940063
99836,0.47917074660645637
99837,0.3349916404991919
99838,0.4672471756667911
99839,0.44988687455742554
99840,0.6035987653908997
99841,0.2773258369431505
99842,0.33408513694838315
99843,0.4471747177956548
99844,0.38622004541997595
99845,0.47608473084455727
99846,0.4913052202006168
99847,0.5733583834711099
99848,0.48312629405889024
99849,0.43861650728916096
99850,0.4997232395073141
99851,0.48902251661147556
99852,0.5303734081019524
99853,0.46750396491469004
99854,0.27685597575395604
99855,0.48042988527315583
99856,0.3411861478107173
99857,0.5654148627942691
99858,0.47057085833017875
99859,0.3243648468885418
99860,0.3488923388703486
99861,0.32397148754784744
99862,0.3319379985710015
99863,0.5456772107104648
99864,0.5973126302485303
99865,0.5402754251081108
99866,0.29331914470850495
99867,0.4606256683031506
99868,0.45910386658026264
99869,0.4169736139311536
99870,0.5078250471919632
99871,0.3529421964377769
99872,0.4847776769888833
99873,0.4619202965021582
99874,0.5766679645586347
99875,0.46757966081976965
99876,0.29590370875566924
99877,0.48012430333252853
99878,0.2900754335963786
99879,0.29563021239937626
99880,0.3609590895749127
99881,0.5512996390080473
99882,0.4469708056847975
99883,0.48854007399817895
99884,0.40765864176062827
99885,0.4726948026060155
99886,0.5404057281200365
99887,0.506039925508311
99888,0.4582075571757022
99889,0.5185512943327603
99890,0.6008191612145123
99891,0.2761724337732495
99892,0.5404636379808955
99893,0.5995046142935544
99894,0.5323600900948677
99895,0.29983288032964095
99896,0.4920558346798546
99897,0.5258939402540975
99898,0.46576579529340006
99899,0.576078261444479
99900,0.2891432229202126
99901,0.39750870168316166
99902,0.4594198917870221
99903,0.49173979737987006
99904,0.3655780002598799
99905,0.3674649140309349
99906,0.512398152970749
99907,0.47130522312912787
99908,0.5919807873107207
99909,0.36722964677348224
99910,0.3094314072706386
99911,0.5980449024287431
99912,0.5531490680185356
99913,0.4669836559863721
99914,0.4864879801176692
99915,0.3573589550638862
99916,0.4695934215558478
99917,0.5068810673020577
99918,0.47581720851371684
99919,0.33737284596286543
99920,0.5645157186897093
99921,0.35155719343109754
99922,0.3515308022257475
99923,0.35142130733656957
99924,0.5140453718540414
99925,0.32467594087284296
99926,0.55477034422807
99927,0.5059353903221061
99928,0.5654149370869194
99929,0.5979527259268643
99930,0.47207355468045575
99931,0.34626589432118604
99932,0.4717818995513402
99933,0.47565718046832384
99934,0.30756860990423884
99935,0.38573956348771193
99936,0.5349007295205704
99937,0.5952392301878756
99938,0.5583090447012262
99939,0.5064228214670482
99940,0.5471776614797949
99941,0.2935821961492574
99942,0.29367877169749534
99943,0.47667259380914817
99944,0.28913540257553494
99945,0.3117272234867157
99946,0.39916882016350824
99947,0.536632696243067
99948,0.6133052587027212
99949,0.4118243777530182
99950,0.4820884893213308
99951,0.3249231799571373
99952,0.3545323858534207
99953,0.3108725574952316
99954,0.5988443531934553
99955,0.3016492804999143
99956,0.4963553781079085
99957,0.5583462914800486
99958,0.6071321132169819
99959,0.5266901292202115
99960,0.602318504770335
99961,0.4294479047393518
99962,0.5606769147665955
99963,0.5918368458286883
99964,0.3729929044377713
99965,0.30330919337736695
99966,0.48868122736558733
99967,0.4690891506082196
99968,0.6430273908979167
99969,0.3785760468447341
99970,0.33318143307899667
99971,0.31072116645071146
99972,0.4098412639862774
99973,0.6231302008500511
99974,0.36162791453973187
99975,0.3533800850503222
99976,0.5862063855143281
99977,0.550095534310911
99978,0.5107764499791492
99979,0.4726946931118093
99980,0.5476986081654676
99981,0.3574391673519054
99982,0.36759211172236106
99983,0.4062862419897994
99984,0.6191972369395357
99985,0.47170642923534717
99986,0.562541424824516
99987,0.297157239169474
99988,0.38422490636707174
99989,0.34269376292674963
99990,0.5437760083822883
99991,0.6060527841998536
99992,0.28735228106669164
99993,0.3746994067544881
99994,0.38338684538293283
99995,0.5646246075752639
99996,0.5468412758387868
99997,0.45788979753357306
99998,0.3593618218467975
99999,0.5136207284859958
100000,0.5527980408556857
